patch_id,source_stem,true_type,split,y0,x0,patch_size,px_Fe2B,pct_Fe2B,px_FeTiB,pct_FeTiB,px_Alpha,pct_Alpha,px_TiB2,pct_TiB2,px_TiN,pct_TiN,tin_present,tin_pixel_count,tin_pixel_pct,total_pixels
0,Class_III_C103F2x10000_3,III,train,0,0,256,6927,10.569763,0,0.0,57915,88.371277,694,1.05896,0,0.0,False,0,0.0,65536
1,Class_III_C103F2x10000_3,III,train,0,128,256,2565,3.913879,0,0.0,61479,93.809509,1400,2.13623,92,0.140381,True,92,0.140381,65536
2,Class_III_C103F2x10000_3,III,train,0,256,256,3042,4.641724,0,0.0,59342,90.548706,3034,4.629517,118,0.180054,True,118,0.180054,65536
3,Class_III_C103F2x10000_3,III,train,0,384,256,4145,6.324768,0,0.0,58451,89.189148,2914,4.446411,26,0.039673,True,26,0.039673,65536
4,Class_III_C103F2x10000_3,III,train,0,512,256,4215,6.43158,0,0.0,57857,88.282776,3464,5.285645,0,0.0,False,0,0.0,65536
5,Class_III_C103F2x10000_3,III,train,0,640,256,2998,4.574585,0,0.0,57709,88.056946,4829,7.368469,0,0.0,False,0,0.0,65536
6,Class_III_C103F2x10000_3,III,train,0,768,256,8644,13.189697,0,0.0,53435,81.535339,3436,5.24292,21,0.032043,True,21,0.032043,65536
7,Class_III_C103F2x10000_3,III,train,0,896,256,11009,16.798401,0,0.0,52174,79.611206,2332,3.55835,21,0.032043,True,21,0.032043,65536
8,Class_III_C103F2x10000_3,III,train,0,1024,256,8484,12.945557,0,0.0,54116,82.574463,2847,4.344177,89,0.135803,True,89,0.135803,65536
9,Class_III_C103F2x10000_3,III,train,128,0,256,3728,5.688477,0,0.0,60966,93.026733,842,1.28479,0,0.0,False,0,0.0,65536
10,Class_III_C103F2x10000_3,III,train,128,128,256,3371,5.143738,0,0.0,59045,90.09552,3028,4.620361,92,0.140381,True,92,0.140381,65536
11,Class_III_C103F2x10000_3,III,train,128,256,256,2274,3.469849,0,0.0,60043,91.618347,3101,4.73175,118,0.180054,True,118,0.180054,65536
12,Class_III_C103F2x10000_3,III,train,128,384,256,3065,4.676819,0,0.0,61587,93.974304,858,1.309204,26,0.039673,True,26,0.039673,65536
13,Class_III_C103F2x10000_3,III,train,128,512,256,5742,8.761597,0,0.0,56742,86.581421,2949,4.499817,103,0.157166,True,103,0.157166,65536
14,Class_III_C103F2x10000_3,III,train,128,640,256,4431,6.761169,0,0.0,55745,85.06012,5257,8.021545,103,0.157166,True,103,0.157166,65536
15,Class_III_C103F2x10000_3,III,train,128,768,256,5542,8.456421,0,0.0,56667,86.46698,3306,5.044556,21,0.032043,True,21,0.032043,65536
16,Class_III_C103F2x10000_3,III,train,128,896,256,8467,12.919617,0,0.0,55420,84.564209,1628,2.484131,21,0.032043,True,21,0.032043,65536
17,Class_III_C103F2x10000_3,III,train,128,1024,256,7903,12.059021,0,0.0,55586,84.817505,1958,2.987671,89,0.135803,True,89,0.135803,65536
18,Class_III_C103F2x10000_3,III,train,256,0,256,7052,10.760498,0,0.0,55764,85.089111,2649,4.042053,71,0.108337,True,71,0.108337,65536
19,Class_III_C103F2x10000_3,III,train,256,128,256,7489,11.427307,0,0.0,53382,81.454468,4485,6.843567,180,0.274658,True,180,0.274658,65536
20,Class_III_C103F2x10000_3,III,train,256,256,256,6765,10.322571,0,0.0,56557,86.299133,2105,3.211975,109,0.166321,True,109,0.166321,65536
21,Class_III_C103F2x10000_3,III,train,256,384,256,4458,6.802368,0,0.0,60809,92.78717,269,0.410461,0,0.0,False,0,0.0,65536
22,Class_III_C103F2x10000_3,III,train,256,512,256,4183,6.382751,0,0.0,59443,90.70282,1807,2.757263,103,0.157166,True,103,0.157166,65536
23,Class_III_C103F2x10000_3,III,train,256,640,256,6941,10.591125,0,0.0,55543,84.751892,2949,4.499817,103,0.157166,True,103,0.157166,65536
24,Class_III_C103F2x10000_3,III,train,256,768,256,7336,11.193848,0,0.0,55398,84.53064,2802,4.275513,0,0.0,False,0,0.0,65536
25,Class_III_C103F2x10000_3,III,train,256,896,256,4638,7.077026,0,0.0,58716,89.593506,2182,3.329468,0,0.0,False,0,0.0,65536
26,Class_III_C103F2x10000_3,III,train,256,1024,256,1562,2.383423,0,0.0,63162,96.377563,812,1.239014,0,0.0,False,0,0.0,65536
27,Class_III_C103F2x10000_3,III,train,384,0,256,6951,10.606384,0,0.0,56540,86.273193,1974,3.012085,71,0.108337,True,71,0.108337,65536
28,Class_III_C103F2x10000_3,III,train,384,128,256,8756,13.360596,0,0.0,52187,79.631042,4413,6.733704,180,0.274658,True,180,0.274658,65536
29,Class_III_C103F2x10000_3,III,train,384,256,256,11263,17.185974,0,0.0,50986,77.798462,3178,4.849243,109,0.166321,True,109,0.166321,65536
30,Class_III_C103F2x10000_3,III,train,384,384,256,8434,12.869263,0,0.0,55466,84.634399,1636,2.496338,0,0.0,False,0,0.0,65536
31,Class_III_C103F2x10000_3,III,train,384,512,256,900,1.373291,0,0.0,61056,93.164062,3467,5.290222,113,0.172424,True,113,0.172424,65536
32,Class_III_C103F2x10000_3,III,train,384,640,256,3483,5.314636,0,0.0,55804,85.150146,6136,9.362793,113,0.172424,True,113,0.172424,65536
33,Class_III_C103F2x10000_3,III,train,384,768,256,5467,8.34198,0,0.0,53019,80.900574,7050,10.757446,0,0.0,False,0,0.0,65536
34,Class_III_C103F2x10000_3,III,train,384,896,256,1984,3.027344,0,0.0,56376,86.022949,7147,10.905457,29,0.04425,True,29,0.04425,65536
35,Class_III_C103F2x10000_3,III,train,384,1024,256,0,0.0,0,0.0,60296,92.004395,5211,7.951355,29,0.04425,True,29,0.04425,65536
36,Class_III_C103F2x10000_3,III,train,512,0,256,8721,13.30719,0,0.0,55039,83.982849,1776,2.709961,0,0.0,False,0,0.0,65536
37,Class_III_C103F2x10000_3,III,train,512,128,256,5723,8.732605,0,0.0,57190,87.265015,2623,4.00238,0,0.0,False,0,0.0,65536
38,Class_III_C103F2x10000_3,III,train,512,256,256,6892,10.516357,0,0.0,55810,85.159302,2834,4.324341,0,0.0,False,0,0.0,65536
39,Class_III_C103F2x10000_3,III,train,512,384,256,6513,9.938049,0,0.0,54636,83.36792,4339,6.620789,48,0.073242,True,48,0.073242,65536
40,Class_III_C103F2x10000_3,III,train,512,512,256,951,1.451111,0,0.0,55163,84.172058,9166,13.986206,256,0.390625,True,256,0.390625,65536
41,Class_III_C103F2x10000_3,III,train,512,640,256,0,0.0,0,0.0,56980,86.94458,8348,12.738037,208,0.317383,True,208,0.317383,65536
42,Class_III_C103F2x10000_3,III,train,512,768,256,1399,2.134705,0,0.0,58634,89.468384,5503,8.396912,0,0.0,False,0,0.0,65536
43,Class_III_C103F2x10000_3,III,train,512,896,256,3380,5.157471,0,0.0,52854,80.648804,9146,13.955688,156,0.238037,True,156,0.238037,65536
44,Class_III_C103F2x10000_3,III,train,512,1024,256,2863,4.368591,0,0.0,53581,81.758118,8936,13.635254,156,0.238037,True,156,0.238037,65536
45,Class_III_C103F2x10000_3,III,train,640,0,256,10138,15.46936,0,0.0,51865,79.139709,3439,5.247498,94,0.143433,True,94,0.143433,65536
46,Class_III_C103F2x10000_3,III,train,640,128,256,3700,5.645752,0,0.0,60887,92.906189,949,1.448059,0,0.0,False,0,0.0,65536
47,Class_III_C103F2x10000_3,III,train,640,256,256,1678,2.560425,0,0.0,63488,96.875,370,0.564575,0,0.0,False,0,0.0,65536
48,Class_III_C103F2x10000_3,III,train,640,384,256,1702,2.597046,0,0.0,59281,90.455627,4492,6.854248,61,0.093079,True,61,0.093079,65536
49,Class_III_C103F2x10000_3,III,train,640,512,256,51,0.07782,0,0.0,53988,82.37915,11301,17.243958,196,0.299072,True,196,0.299072,65536
50,Class_III_C103F2x10000_3,III,train,640,640,256,13,0.019836,0,0.0,54888,83.752441,10500,16.021729,135,0.205994,True,135,0.205994,65536
51,Class_III_C103F2x10000_3,III,train,640,768,256,2812,4.290771,0,0.0,58548,89.337158,4176,6.37207,0,0.0,False,0,0.0,65536
52,Class_III_C103F2x10000_3,III,train,640,896,256,5022,7.662964,0,0.0,56878,86.78894,3509,5.354309,127,0.193787,True,127,0.193787,65536
53,Class_III_C103F2x10000_3,III,train,640,1024,256,12775,19.493103,0,0.0,48438,73.910522,4196,6.402588,127,0.193787,True,127,0.193787,65536
54,Class_III_C103F2x10000_3,III,train,703,0,256,9056,13.818359,0,0.0,51874,79.153442,4468,6.817627,138,0.210571,True,138,0.210571,65536
55,Class_III_C103F2x10000_3,III,train,703,128,256,5393,8.229065,0,0.0,58048,88.574219,2051,3.129578,44,0.067139,True,44,0.067139,65536
56,Class_III_C103F2x10000_3,III,train,703,256,256,4203,6.413269,0,0.0,61233,93.434143,100,0.152588,0,0.0,False,0,0.0,65536
57,Class_III_C103F2x10000_3,III,train,703,384,256,4545,6.93512,0,0.0,54290,82.839966,6576,10.03418,125,0.190735,True,125,0.190735,65536
58,Class_III_C103F2x10000_3,III,train,703,512,256,342,0.521851,0,0.0,52495,80.101013,12506,19.082642,193,0.294495,True,193,0.294495,65536
59,Class_III_C103F2x10000_3,III,train,703,640,256,13,0.019836,0,0.0,55654,84.921265,9801,14.955139,68,0.10376,True,68,0.10376,65536
60,Class_III_C103F2x10000_3,III,train,703,768,256,2317,3.535461,0,0.0,59115,90.202332,4104,6.262207,0,0.0,False,0,0.0,65536
61,Class_III_C103F2x10000_3,III,train,703,896,256,4326,6.600952,0,0.0,60427,92.204285,703,1.072693,80,0.12207,True,80,0.12207,65536
62,Class_III_C103F2x10000_3,III,train,703,1024,256,15041,22.950745,0,0.0,48408,73.864746,2007,3.062439,80,0.12207,True,80,0.12207,65536
63,Class_III_C103F2x10000_4,III,train,0,0,256,1912,2.91748,0,0.0,60747,92.692566,2877,4.389954,0,0.0,False,0,0.0,65536
64,Class_III_C103F2x10000_4,III,train,0,128,256,2695,4.112244,0,0.0,59780,91.217041,3061,4.670715,0,0.0,False,0,0.0,65536
65,Class_III_C103F2x10000_4,III,train,0,256,256,7560,11.535645,0,0.0,55955,85.380554,2021,3.083801,0,0.0,False,0,0.0,65536
66,Class_III_C103F2x10000_4,III,train,0,384,256,7340,11.199951,0,0.0,55206,84.237671,2917,4.450989,73,0.111389,True,73,0.111389,65536
67,Class_III_C103F2x10000_4,III,train,0,512,256,4141,6.318665,0,0.0,58111,88.670349,3211,4.899597,73,0.111389,True,73,0.111389,65536
68,Class_III_C103F2x10000_4,III,train,0,640,256,7918,12.081909,0,0.0,55077,84.040833,2541,3.877258,0,0.0,False,0,0.0,65536
69,Class_III_C103F2x10000_4,III,train,0,768,256,6746,10.293579,0,0.0,57535,87.791443,1206,1.84021,49,0.074768,True,49,0.074768,65536
70,Class_III_C103F2x10000_4,III,train,0,896,256,2406,3.671265,0,0.0,62981,96.101379,100,0.152588,49,0.074768,True,49,0.074768,65536
71,Class_III_C103F2x10000_4,III,train,0,1024,256,4383,6.687927,0,0.0,61115,93.254089,38,0.057983,0,0.0,False,0,0.0,65536
72,Class_III_C103F2x10000_4,III,train,128,0,256,98,0.149536,0,0.0,60932,92.974854,4486,6.845093,20,0.030518,True,20,0.030518,65536
73,Class_III_C103F2x10000_4,III,train,128,128,256,311,0.474548,0,0.0,62752,95.751953,2453,3.742981,20,0.030518,True,20,0.030518,65536
74,Class_III_C103F2x10000_4,III,train,128,256,256,5322,8.120728,0,0.0,57357,87.519836,2810,4.28772,47,0.071716,True,47,0.071716,65536
75,Class_III_C103F2x10000_4,III,train,128,384,256,5195,7.926941,0,0.0,58084,88.62915,2210,3.372192,47,0.071716,True,47,0.071716,65536
76,Class_III_C103F2x10000_4,III,train,128,512,256,2563,3.910828,0,0.0,62973,96.089172,0,0.0,0,0.0,False,0,0.0,65536
77,Class_III_C103F2x10000_4,III,train,128,640,256,8549,13.044739,0,0.0,55207,84.239197,1780,2.716064,0,0.0,False,0,0.0,65536
78,Class_III_C103F2x10000_4,III,train,128,768,256,14596,22.271729,0,0.0,49160,75.012207,1780,2.716064,0,0.0,False,0,0.0,65536
79,Class_III_C103F2x10000_4,III,train,128,896,256,13010,19.851685,0,0.0,51986,79.324341,540,0.823975,0,0.0,False,0,0.0,65536
80,Class_III_C103F2x10000_4,III,train,128,1024,256,9758,14.889526,0,0.0,53559,81.724548,2116,3.22876,103,0.157166,True,103,0.157166,65536
81,Class_III_C103F2x10000_4,III,train,256,0,256,4291,6.547546,0,0.0,57748,88.116455,3459,5.278015,38,0.057983,True,38,0.057983,65536
82,Class_III_C103F2x10000_4,III,train,256,128,256,6740,10.284424,0,0.0,57038,87.033081,1720,2.624512,38,0.057983,True,38,0.057983,65536
83,Class_III_C103F2x10000_4,III,train,256,256,256,12515,19.096375,0,0.0,49673,75.794983,3185,4.859924,163,0.248718,True,163,0.248718,65536
84,Class_III_C103F2x10000_4,III,train,256,384,256,6795,10.368347,0,0.0,55014,83.944702,3534,5.392456,193,0.294495,True,193,0.294495,65536
85,Class_III_C103F2x10000_4,III,train,256,512,256,0,0.0,0,0.0,63799,97.349548,1694,2.584839,43,0.065613,True,43,0.065613,65536
86,Class_III_C103F2x10000_4,III,train,256,640,256,2830,4.318237,0,0.0,61781,94.270325,912,1.391602,13,0.019836,True,13,0.019836,65536
87,Class_III_C103F2x10000_4,III,train,256,768,256,11857,18.092346,0,0.0,52582,80.233765,1097,1.673889,0,0.0,False,0,0.0,65536
88,Class_III_C103F2x10000_4,III,train,256,896,256,15649,23.878479,0,0.0,48926,74.655151,961,1.46637,0,0.0,False,0,0.0,65536
89,Class_III_C103F2x10000_4,III,train,256,1024,256,11881,18.128967,0,0.0,50423,76.939392,3129,4.774475,103,0.157166,True,103,0.157166,65536
90,Class_III_C103F2x10000_4,III,train,384,0,256,12719,19.407654,0,0.0,50574,77.1698,2225,3.395081,18,0.027466,True,18,0.027466,65536
91,Class_III_C103F2x10000_4,III,train,384,128,256,12164,18.560791,0,0.0,49652,75.762939,3589,5.476379,131,0.19989,True,131,0.19989,65536
92,Class_III_C103F2x10000_4,III,train,384,256,256,19493,29.743958,0,0.0,38068,58.087158,7537,11.500549,438,0.668335,True,438,0.668335,65536
93,Class_III_C103F2x10000_4,III,train,384,384,256,9863,15.049744,0,0.0,49356,75.311279,5860,8.94165,457,0.697327,True,457,0.697327,65536
94,Class_III_C103F2x10000_4,III,train,384,512,256,0,0.0,0,0.0,63171,96.391296,2220,3.387451,145,0.221252,True,145,0.221252,65536
95,Class_III_C103F2x10000_4,III,train,384,640,256,2495,3.807068,0,0.0,62616,95.544434,412,0.628662,13,0.019836,True,13,0.019836,65536
96,Class_III_C103F2x10000_4,III,train,384,768,256,8757,13.362122,0,0.0,56356,85.992432,423,0.645447,0,0.0,False,0,0.0,65536
97,Class_III_C103F2x10000_4,III,train,384,896,256,8690,13.259888,0,0.0,56425,86.097717,421,0.642395,0,0.0,False,0,0.0,65536
98,Class_III_C103F2x10000_4,III,train,384,1024,256,3757,5.732727,0,0.0,60728,92.663574,1051,1.603699,0,0.0,False,0,0.0,65536
99,Class_III_C103F2x10000_4,III,train,512,0,256,14182,21.640015,0,0.0,49150,74.996948,2204,3.363037,0,0.0,False,0,0.0,65536
100,Class_III_C103F2x10000_4,III,train,512,128,256,7893,12.043762,0,0.0,53526,81.674194,3953,6.031799,164,0.250244,True,164,0.250244,65536
101,Class_III_C103F2x10000_4,III,train,512,256,256,8717,13.301086,0,0.0,49408,75.390625,7038,10.739136,373,0.569153,True,373,0.569153,65536
102,Class_III_C103F2x10000_4,III,train,512,384,256,4346,6.63147,0,0.0,56683,86.491394,4196,6.402588,311,0.474548,True,311,0.474548,65536
103,Class_III_C103F2x10000_4,III,train,512,512,256,1077,1.643372,0,0.0,62109,94.770813,2143,3.269958,207,0.315857,True,207,0.315857,65536
104,Class_III_C103F2x10000_4,III,train,512,640,256,5070,7.736206,0,0.0,59229,90.376282,1132,1.727295,105,0.160217,True,105,0.160217,65536
105,Class_III_C103F2x10000_4,III,train,512,768,256,8327,12.705994,0,0.0,57209,87.294006,0,0.0,0,0.0,False,0,0.0,65536
106,Class_III_C103F2x10000_4,III,train,512,896,256,3651,5.570984,0,0.0,61885,94.429016,0,0.0,0,0.0,False,0,0.0,65536
107,Class_III_C103F2x10000_4,III,train,512,1024,256,3817,5.82428,0,0.0,61259,93.473816,460,0.701904,0,0.0,False,0,0.0,65536
108,Class_III_C103F2x10000_4,III,train,640,0,256,6947,10.600281,0,0.0,55405,84.541321,3056,4.663086,128,0.195312,True,128,0.195312,65536
109,Class_III_C103F2x10000_4,III,train,640,128,256,3262,4.977417,0,0.0,58951,89.952087,3144,4.797363,179,0.273132,True,179,0.273132,65536
110,Class_III_C103F2x10000_4,III,train,640,256,256,1842,2.810669,0,0.0,60671,92.576599,2923,4.460144,100,0.152588,True,100,0.152588,65536
111,Class_III_C103F2x10000_4,III,train,640,384,256,3227,4.924011,0,0.0,59638,91.000366,2622,4.000854,49,0.074768,True,49,0.074768,65536
112,Class_III_C103F2x10000_4,III,train,640,512,256,5116,7.806396,0,0.0,57508,87.750244,2807,4.283142,105,0.160217,True,105,0.160217,65536
113,Class_III_C103F2x10000_4,III,train,640,640,256,7975,12.168884,0,0.0,55881,85.267639,1575,2.403259,105,0.160217,True,105,0.160217,65536
114,Class_III_C103F2x10000_4,III,train,640,768,256,5680,8.666992,0,0.0,59856,91.333008,0,0.0,0,0.0,False,0,0.0,65536
115,Class_III_C103F2x10000_4,III,train,640,896,256,4726,7.211304,0,0.0,58733,89.619446,2050,3.128052,27,0.041199,True,27,0.041199,65536
116,Class_III_C103F2x10000_4,III,train,640,1024,256,12384,18.896484,0,0.0,50299,76.750183,2826,4.312134,27,0.041199,True,27,0.041199,65536
117,Class_III_C103F2x10000_4,III,train,703,0,256,3702,5.648804,0,0.0,58650,89.492798,3056,4.663086,128,0.195312,True,128,0.195312,65536
118,Class_III_C103F2x10000_4,III,train,703,128,256,1360,2.075195,0,0.0,61665,94.093323,2332,3.55835,179,0.273132,True,179,0.273132,65536
119,Class_III_C103F2x10000_4,III,train,703,256,256,285,0.434875,0,0.0,63040,96.191406,2111,3.22113,100,0.152588,True,100,0.152588,65536
120,Class_III_C103F2x10000_4,III,train,703,384,256,3106,4.73938,0,0.0,59759,91.184998,2622,4.000854,49,0.074768,True,49,0.074768,65536
121,Class_III_C103F2x10000_4,III,train,703,512,256,5146,7.852173,0,0.0,57478,87.704468,2807,4.283142,105,0.160217,True,105,0.160217,65536
122,Class_III_C103F2x10000_4,III,train,703,640,256,5119,7.810974,0,0.0,58737,89.625549,1575,2.403259,105,0.160217,True,105,0.160217,65536
123,Class_III_C103F2x10000_4,III,train,703,768,256,2794,4.263306,0,0.0,62742,95.736694,0,0.0,0,0.0,False,0,0.0,65536
124,Class_III_C103F2x10000_4,III,train,703,896,256,5154,7.86438,0,0.0,58305,88.96637,2050,3.128052,27,0.041199,True,27,0.041199,65536
125,Class_III_C103F2x10000_4,III,train,703,1024,256,11504,17.553711,0,0.0,51200,78.125,2805,4.28009,27,0.041199,True,27,0.041199,65536
126,Class_III_C103F2x10000_5,III,train,0,0,256,6152,9.387207,0,0.0,56611,86.381531,2713,4.139709,60,0.091553,True,60,0.091553,65536
127,Class_III_C103F2x10000_5,III,train,0,128,256,2448,3.735352,0,0.0,63088,96.264648,0,0.0,0,0.0,False,0,0.0,65536
128,Class_III_C103F2x10000_5,III,train,0,256,256,8585,13.09967,0,0.0,54955,83.854675,1996,3.045654,0,0.0,False,0,0.0,65536
129,Class_III_C103F2x10000_5,III,train,0,384,256,13985,21.339417,0,0.0,49388,75.360107,2163,3.300476,0,0.0,False,0,0.0,65536
130,Class_III_C103F2x10000_5,III,train,0,512,256,12866,19.631958,0,0.0,51873,79.151917,797,1.216125,0,0.0,False,0,0.0,65536
131,Class_III_C103F2x10000_5,III,train,0,640,256,7520,11.474609,0,0.0,54899,83.769226,3015,4.600525,102,0.15564,True,102,0.15564,65536
132,Class_III_C103F2x10000_5,III,train,0,768,256,2312,3.527832,0,0.0,59466,90.737915,3656,5.578613,102,0.15564,True,102,0.15564,65536
133,Class_III_C103F2x10000_5,III,train,0,896,256,4229,6.452942,0,0.0,58242,88.870239,2970,4.53186,95,0.144958,True,95,0.144958,65536
134,Class_III_C103F2x10000_5,III,train,0,1024,256,7849,11.976624,0,0.0,54986,83.901978,2606,3.97644,95,0.144958,True,95,0.144958,65536
135,Class_III_C103F2x10000_5,III,train,128,0,256,7109,10.847473,0,0.0,54004,82.403564,4240,6.469727,183,0.279236,True,183,0.279236,65536
136,Class_III_C103F2x10000_5,III,train,128,128,256,0,0.0,0,0.0,63106,96.292114,2390,3.646851,40,0.061035,True,40,0.061035,65536
137,Class_III_C103F2x10000_5,III,train,128,256,256,4095,6.248474,0,0.0,59802,91.25061,1639,2.500916,0,0.0,False,0,0.0,65536
138,Class_III_C103F2x10000_5,III,train,128,384,256,12349,18.843079,0,0.0,51568,78.686523,1619,2.470398,0,0.0,False,0,0.0,65536
139,Class_III_C103F2x10000_5,III,train,128,512,256,15210,23.208618,0,0.0,49129,74.964905,1197,1.826477,0,0.0,False,0,0.0,65536
140,Class_III_C103F2x10000_5,III,train,128,640,256,9299,14.189148,0,0.0,51752,78.967285,4319,6.590271,166,0.253296,True,166,0.253296,65536
141,Class_III_C103F2x10000_5,III,train,128,768,256,5488,8.374023,0,0.0,54676,83.428955,5206,7.943726,166,0.253296,True,166,0.253296,65536
142,Class_III_C103F2x10000_5,III,train,128,896,256,4350,6.637573,0,0.0,59135,90.232849,2051,3.129578,0,0.0,False,0,0.0,65536
143,Class_III_C103F2x10000_5,III,train,128,1024,256,2894,4.415894,0,0.0,61201,93.385315,1441,2.198792,0,0.0,False,0,0.0,65536
144,Class_III_C103F2x10000_5,III,train,256,0,256,8189,12.495422,0,0.0,49911,76.158142,6946,10.598755,490,0.747681,True,490,0.747681,65536
145,Class_III_C103F2x10000_5,III,train,256,128,256,0,0.0,0,0.0,62373,95.173645,3017,4.603577,146,0.222778,True,146,0.222778,65536
146,Class_III_C103F2x10000_5,III,train,256,256,256,4438,6.771851,0,0.0,60125,91.743469,973,1.48468,0,0.0,False,0,0.0,65536
147,Class_III_C103F2x10000_5,III,train,256,384,256,9659,14.738464,0,0.0,55118,84.103394,759,1.158142,0,0.0,False,0,0.0,65536
148,Class_III_C103F2x10000_5,III,train,256,512,256,7452,11.37085,0,0.0,57678,88.009644,406,0.619507,0,0.0,False,0,0.0,65536
149,Class_III_C103F2x10000_5,III,train,256,640,256,3192,4.870605,0,0.0,60283,91.984558,1997,3.04718,64,0.097656,True,64,0.097656,65536
150,Class_III_C103F2x10000_5,III,train,256,768,256,6596,10.064697,0,0.0,55254,84.310913,3622,5.526733,64,0.097656,True,64,0.097656,65536
151,Class_III_C103F2x10000_5,III,train,256,896,256,6341,9.675598,0,0.0,57221,87.312317,1974,3.012085,0,0.0,False,0,0.0,65536
152,Class_III_C103F2x10000_5,III,train,256,1024,256,2275,3.471375,0,0.0,62060,94.696045,1134,1.730347,67,0.102234,True,67,0.102234,65536
153,Class_III_C103F2x10000_5,III,train,384,0,256,3401,5.189514,0,0.0,56079,85.569763,5716,8.721924,340,0.518799,True,340,0.518799,65536
154,Class_III_C103F2x10000_5,III,train,384,128,256,1437,2.192688,0,0.0,60869,92.878723,3043,4.64325,187,0.285339,True,187,0.285339,65536
155,Class_III_C103F2x10000_5,III,train,384,256,256,5716,8.721924,0,0.0,58481,89.234924,1258,1.919556,81,0.123596,True,81,0.123596,65536
156,Class_III_C103F2x10000_5,III,train,384,384,256,8262,12.606812,0,0.0,57274,87.393188,0,0.0,0,0.0,False,0,0.0,65536
157,Class_III_C103F2x10000_5,III,train,384,512,256,3250,4.959106,0,0.0,61960,94.543457,326,0.497437,0,0.0,False,0,0.0,65536
158,Class_III_C103F2x10000_5,III,train,384,640,256,4633,7.069397,0,0.0,59231,90.379333,1632,2.490234,40,0.061035,True,40,0.061035,65536
159,Class_III_C103F2x10000_5,III,train,384,768,256,11826,18.045044,0,0.0,50797,77.510071,2873,4.38385,40,0.061035,True,40,0.061035,65536
160,Class_III_C103F2x10000_5,III,train,384,896,256,10696,16.320801,0,0.0,52402,79.959106,2438,3.720093,0,0.0,False,0,0.0,65536
161,Class_III_C103F2x10000_5,III,train,384,1024,256,3795,5.79071,0,0.0,59427,90.678406,2208,3.369141,106,0.161743,True,106,0.161743,65536
162,Class_III_C103F2x10000_5,III,train,512,0,256,3152,4.80957,0,0.0,59011,90.04364,3335,5.088806,38,0.057983,True,38,0.057983,65536
163,Class_III_C103F2x10000_5,III,train,512,128,256,5563,8.488464,0,0.0,56428,86.102295,3464,5.285645,81,0.123596,True,81,0.123596,65536
164,Class_III_C103F2x10000_5,III,train,512,256,256,8360,12.756348,0,0.0,55119,84.104919,1976,3.015137,81,0.123596,True,81,0.123596,65536
165,Class_III_C103F2x10000_5,III,train,512,384,256,5551,8.470154,0,0.0,59985,91.529846,0,0.0,0,0.0,False,0,0.0,65536
166,Class_III_C103F2x10000_5,III,train,512,512,256,2702,4.122925,0,0.0,61891,94.438171,916,1.397705,27,0.041199,True,27,0.041199,65536
167,Class_III_C103F2x10000_5,III,train,512,640,256,9533,14.546204,0,0.0,53381,81.452942,2555,3.898621,67,0.102234,True,67,0.102234,65536
168,Class_III_C103F2x10000_5,III,train,512,768,256,14226,21.707153,0,0.0,49223,75.108337,2047,3.123474,40,0.061035,True,40,0.061035,65536
169,Class_III_C103F2x10000_5,III,train,512,896,256,17248,26.318359,0,0.0,45085,68.79425,2855,4.356384,348,0.531006,True,348,0.531006,65536
170,Class_III_C103F2x10000_5,III,train,512,1024,256,16259,24.809265,0,0.0,45273,69.081116,3617,5.519104,387,0.590515,True,387,0.590515,65536
171,Class_III_C103F2x10000_5,III,train,640,0,256,4472,6.82373,0,0.0,59388,90.618896,1638,2.49939,38,0.057983,True,38,0.057983,65536
172,Class_III_C103F2x10000_5,III,train,640,128,256,8376,12.780762,0,0.0,55586,84.817505,1532,2.337646,42,0.064087,True,42,0.064087,65536
173,Class_III_C103F2x10000_5,III,train,640,256,256,9324,14.227295,0,0.0,53816,82.116699,2287,3.489685,109,0.166321,True,109,0.166321,65536
174,Class_III_C103F2x10000_5,III,train,640,384,256,4453,6.794739,0,0.0,59899,91.398621,1117,1.704407,67,0.102234,True,67,0.102234,65536
175,Class_III_C103F2x10000_5,III,train,640,512,256,3925,5.989075,0,0.0,60929,92.970276,655,0.999451,27,0.041199,True,27,0.041199,65536
176,Class_III_C103F2x10000_5,III,train,640,640,256,7384,11.26709,0,0.0,57202,87.283325,923,1.408386,27,0.041199,True,27,0.041199,65536
177,Class_III_C103F2x10000_5,III,train,640,768,256,7371,11.247253,0,0.0,57075,87.089539,1090,1.663208,0,0.0,False,0,0.0,65536
178,Class_III_C103F2x10000_5,III,train,640,896,256,14049,21.437073,0,0.0,48457,73.939514,2682,4.092407,348,0.531006,True,348,0.531006,65536
179,Class_III_C103F2x10000_5,III,train,640,1024,256,19585,29.884338,0,0.0,42741,65.21759,2822,4.30603,388,0.592041,True,388,0.592041,65536
180,Class_III_C103F2x10000_5,III,train,703,0,256,3982,6.07605,0,0.0,60419,92.192078,1135,1.731873,0,0.0,False,0,0.0,65536
181,Class_III_C103F2x10000_5,III,train,703,128,256,6437,9.822083,0,0.0,58484,89.239502,573,0.874329,42,0.064087,True,42,0.064087,65536
182,Class_III_C103F2x10000_5,III,train,703,256,256,9414,14.364624,0,0.0,54090,82.53479,1923,2.934265,109,0.166321,True,109,0.166321,65536
183,Class_III_C103F2x10000_5,III,train,703,384,256,5884,8.978271,0,0.0,57694,88.034058,1891,2.885437,67,0.102234,True,67,0.102234,65536
184,Class_III_C103F2x10000_5,III,train,703,512,256,4844,7.391357,0,0.0,60232,91.906738,460,0.701904,0,0.0,False,0,0.0,65536
185,Class_III_C103F2x10000_5,III,train,703,640,256,4932,7.525635,0,0.0,60596,92.462158,8,0.012207,0,0.0,False,0,0.0,65536
186,Class_III_C103F2x10000_5,III,train,703,768,256,3812,5.81665,0,0.0,61181,93.354797,543,0.828552,0,0.0,False,0,0.0,65536
187,Class_III_C103F2x10000_5,III,train,703,896,256,12130,18.508911,0,0.0,51815,79.063416,1457,2.223206,134,0.204468,True,134,0.204468,65536
188,Class_III_C103F2x10000_5,III,train,703,1024,256,17641,26.91803,0,0.0,46281,70.619202,1440,2.197266,174,0.265503,True,174,0.265503,65536
189,Class_III_C103F3x10000,III,train,0,0,256,11746,17.922974,0,0.0,50060,76.385498,3539,5.400085,191,0.291443,True,191,0.291443,65536
190,Class_III_C103F3x10000,III,train,0,128,256,18340,27.984619,0,0.0,46800,71.411133,360,0.549316,36,0.054932,True,36,0.054932,65536
191,Class_III_C103F3x10000,III,train,0,256,256,13589,20.735168,0,0.0,50926,77.706909,984,1.501465,37,0.056458,True,37,0.056458,65536
192,Class_III_C103F3x10000,III,train,0,384,256,10430,15.914917,0,0.0,53364,81.427002,1626,2.481079,116,0.177002,True,116,0.177002,65536
193,Class_III_C103F3x10000,III,train,0,512,256,9903,15.110779,0,0.0,54038,82.455444,1416,2.160645,179,0.273132,True,179,0.273132,65536
194,Class_III_C103F3x10000,III,train,0,640,256,14113,21.534729,0,0.0,50801,77.516174,558,0.85144,64,0.097656,True,64,0.097656,65536
195,Class_III_C103F3x10000,III,train,0,768,256,14794,22.573853,0,0.0,50231,76.646423,375,0.572205,136,0.20752,True,136,0.20752,65536
196,Class_III_C103F3x10000,III,train,0,896,256,12321,18.800354,0,0.0,50922,77.700806,1967,3.001404,326,0.497437,True,326,0.497437,65536
197,Class_III_C103F3x10000,III,train,0,1024,256,7684,11.724854,0,0.0,56064,85.546875,1598,2.438354,190,0.289917,True,190,0.289917,65536
198,Class_III_C103F3x10000,III,train,128,0,256,12415,18.943787,0,0.0,52957,80.805969,124,0.189209,40,0.061035,True,40,0.061035,65536
199,Class_III_C103F3x10000,III,train,128,128,256,18915,28.862,0,0.0,45270,69.076538,1260,1.922607,91,0.138855,True,91,0.138855,65536
200,Class_III_C103F3x10000,III,train,128,256,256,13858,21.14563,0,0.0,49068,74.871826,2502,3.817749,108,0.164795,True,108,0.164795,65536
201,Class_III_C103F3x10000,III,train,128,384,256,11850,18.081665,0,0.0,51810,79.055786,1801,2.748108,75,0.114441,True,75,0.114441,65536
202,Class_III_C103F3x10000,III,train,128,512,256,11860,18.096924,0,0.0,52437,80.012512,1117,1.704407,122,0.186157,True,122,0.186157,65536
203,Class_III_C103F3x10000,III,train,128,640,256,16070,24.520874,0,0.0,48844,74.530029,558,0.85144,64,0.097656,True,64,0.097656,65536
204,Class_III_C103F3x10000,III,train,128,768,256,18010,27.481079,0,0.0,47526,72.518921,0,0.0,0,0.0,False,0,0.0,65536
205,Class_III_C103F3x10000,III,train,128,896,256,13471,20.555115,0,0.0,49226,75.112915,2577,3.93219,262,0.39978,True,262,0.39978,65536
206,Class_III_C103F3x10000,III,train,128,1024,256,7120,10.864258,0,0.0,55571,84.794617,2583,3.941345,262,0.39978,True,262,0.39978,65536
207,Class_III_C103F3x10000,III,train,256,0,256,12992,19.824219,0,0.0,51052,77.89917,1418,2.163696,74,0.112915,True,74,0.112915,65536
208,Class_III_C103F3x10000,III,train,256,128,256,12588,19.207764,0,0.0,48685,74.287415,4147,6.32782,116,0.177002,True,116,0.177002,65536
209,Class_III_C103F3x10000,III,train,256,256,256,7511,11.460876,0,0.0,52957,80.805969,4969,7.582092,99,0.151062,True,99,0.151062,65536
210,Class_III_C103F3x10000,III,train,256,384,256,6773,10.334778,0,0.0,56030,85.494995,2655,4.051208,78,0.119019,True,78,0.119019,65536
211,Class_III_C103F3x10000,III,train,256,512,256,11841,18.067932,0,0.0,52327,79.844666,1307,1.994324,61,0.093079,True,61,0.093079,65536
212,Class_III_C103F3x10000,III,train,256,640,256,19787,30.192566,0,0.0,45013,68.684387,736,1.123047,0,0.0,False,0,0.0,65536
213,Class_III_C103F3x10000,III,train,256,768,256,17674,26.968384,0,0.0,47862,73.031616,0,0.0,0,0.0,False,0,0.0,65536
214,Class_III_C103F3x10000,III,train,256,896,256,11622,17.733765,0,0.0,52625,80.299377,1189,1.81427,100,0.152588,True,100,0.152588,65536
215,Class_III_C103F3x10000,III,train,256,1024,256,5650,8.621216,0,0.0,58350,89.035034,1436,2.191162,100,0.152588,True,100,0.152588,65536
216,Class_III_C103F3x10000,III,train,384,0,256,12151,18.540955,0,0.0,52057,79.432678,1294,1.974487,34,0.05188,True,34,0.05188,65536
217,Class_III_C103F3x10000,III,train,384,128,256,15887,24.241638,0,0.0,46485,70.930481,3103,4.734802,61,0.093079,True,61,0.093079,65536
218,Class_III_C103F3x10000,III,train,384,256,256,20146,30.740356,0,0.0,41743,63.694763,3519,5.369568,128,0.195312,True,128,0.195312,65536
219,Class_III_C103F3x10000,III,train,384,384,256,14009,21.376038,0,0.0,49116,74.945068,2249,3.431702,162,0.247192,True,162,0.247192,65536
220,Class_III_C103F3x10000,III,train,384,512,256,13609,20.765686,0,0.0,50559,77.146912,1307,1.994324,61,0.093079,True,61,0.093079,65536
221,Class_III_C103F3x10000,III,train,384,640,256,19626,29.946899,0,0.0,45174,68.930054,736,1.123047,0,0.0,False,0,0.0,65536
222,Class_III_C103F3x10000,III,train,384,768,256,14861,22.676086,0,0.0,49820,76.019287,855,1.304626,0,0.0,False,0,0.0,65536
223,Class_III_C103F3x10000,III,train,384,896,256,9440,14.404297,0,0.0,54956,83.856201,1079,1.646423,61,0.093079,True,61,0.093079,65536
224,Class_III_C103F3x10000,III,train,384,1024,256,4195,6.401062,0,0.0,60131,91.752625,1149,1.753235,61,0.093079,True,61,0.093079,65536
225,Class_III_C103F3x10000,III,train,512,0,256,9775,14.915466,0,0.0,55446,84.603882,279,0.42572,36,0.054932,True,36,0.054932,65536
226,Class_III_C103F3x10000,III,train,512,128,256,20380,31.097412,0,0.0,45095,68.809509,61,0.093079,0,0.0,False,0,0.0,65536
227,Class_III_C103F3x10000,III,train,512,256,256,27269,41.609192,0,0.0,37330,56.96106,836,1.275635,101,0.154114,True,101,0.154114,65536
228,Class_III_C103F3x10000,III,train,512,384,256,18203,27.775574,0,0.0,46396,70.794678,836,1.275635,101,0.154114,True,101,0.154114,65536
229,Class_III_C103F3x10000,III,train,512,512,256,13983,21.336365,0,0.0,51553,78.663635,0,0.0,0,0.0,False,0,0.0,65536
230,Class_III_C103F3x10000,III,train,512,640,256,14545,22.193909,0,0.0,50991,77.806091,0,0.0,0,0.0,False,0,0.0,65536
231,Class_III_C103F3x10000,III,train,512,768,256,11992,18.29834,0,0.0,52537,80.1651,1007,1.53656,0,0.0,False,0,0.0,65536
232,Class_III_C103F3x10000,III,train,512,896,256,8255,12.59613,0,0.0,55485,84.663391,1735,2.6474,61,0.093079,True,61,0.093079,65536
233,Class_III_C103F3x10000,III,train,512,1024,256,1194,1.821899,0,0.0,62875,95.939636,1406,2.145386,61,0.093079,True,61,0.093079,65536
234,Class_III_C103F3x10000,III,train,640,0,256,8120,12.390137,0,0.0,56877,86.787415,403,0.614929,136,0.20752,True,136,0.20752,65536
235,Class_III_C103F3x10000,III,train,640,128,256,12162,18.557739,0,0.0,53282,81.30188,92,0.140381,0,0.0,False,0,0.0,65536
236,Class_III_C103F3x10000,III,train,640,256,256,13947,21.281433,0,0.0,51589,78.718567,0,0.0,0,0.0,False,0,0.0,65536
237,Class_III_C103F3x10000,III,train,640,384,256,10088,15.393066,0,0.0,54448,83.081055,865,1.319885,135,0.205994,True,135,0.205994,65536
238,Class_III_C103F3x10000,III,train,640,512,256,14303,21.824646,0,0.0,50233,76.649475,865,1.319885,135,0.205994,True,135,0.205994,65536
239,Class_III_C103F3x10000,III,train,640,640,256,16406,25.033569,0,0.0,49130,74.966431,0,0.0,0,0.0,False,0,0.0,65536
240,Class_III_C103F3x10000,III,train,640,768,256,11890,18.1427,0,0.0,53494,81.625366,152,0.231934,0,0.0,False,0,0.0,65536
241,Class_III_C103F3x10000,III,train,640,896,256,8203,12.516785,0,0.0,56677,86.482239,656,1.000977,0,0.0,False,0,0.0,65536
242,Class_III_C103F3x10000,III,train,640,1024,256,2662,4.06189,0,0.0,62370,95.169067,504,0.769043,0,0.0,False,0,0.0,65536
243,Class_III_C103F3x10000,III,train,703,0,256,10456,15.95459,0,0.0,54541,83.222961,403,0.614929,136,0.20752,True,136,0.20752,65536
244,Class_III_C103F3x10000,III,train,703,128,256,10546,16.091919,0,0.0,54898,83.7677,92,0.140381,0,0.0,False,0,0.0,65536
245,Class_III_C103F3x10000,III,train,703,256,256,11171,17.045593,0,0.0,54365,82.954407,0,0.0,0,0.0,False,0,0.0,65536
246,Class_III_C103F3x10000,III,train,703,384,256,7955,12.138367,0,0.0,56581,86.335754,865,1.319885,135,0.205994,True,135,0.205994,65536
247,Class_III_C103F3x10000,III,train,703,512,256,13415,20.469666,0,0.0,51121,78.004456,865,1.319885,135,0.205994,True,135,0.205994,65536
248,Class_III_C103F3x10000,III,train,703,640,256,15066,22.988892,0,0.0,50470,77.011108,0,0.0,0,0.0,False,0,0.0,65536
249,Class_III_C103F3x10000,III,train,703,768,256,8973,13.691711,0,0.0,56303,85.91156,213,0.325012,47,0.071716,True,47,0.071716,65536
250,Class_III_C103F3x10000,III,train,703,896,256,5604,8.551025,0,0.0,59672,91.052246,213,0.325012,47,0.071716,True,47,0.071716,65536
251,Class_III_C103F3x10000,III,train,703,1024,256,2506,3.823853,0,0.0,63030,96.176147,0,0.0,0,0.0,False,0,0.0,65536
252,Class_III_C103F3x10000_3,III,train,0,0,256,3132,4.779053,0,0.0,56291,85.89325,6102,9.310913,11,0.016785,True,11,0.016785,65536
253,Class_III_C103F3x10000_3,III,train,0,128,256,3535,5.393982,0,0.0,58622,89.450073,3368,5.13916,11,0.016785,True,11,0.016785,65536
254,Class_III_C103F3x10000_3,III,train,0,256,256,2374,3.622437,0,0.0,57593,87.879944,5487,8.372498,82,0.125122,True,82,0.125122,65536
255,Class_III_C103F3x10000_3,III,train,0,384,256,765,1.167297,0,0.0,53368,81.433105,11242,17.153931,161,0.245667,True,161,0.245667,65536
256,Class_III_C103F3x10000_3,III,train,0,512,256,4411,6.730652,0,0.0,52770,80.52063,8256,12.597656,99,0.151062,True,99,0.151062,65536
257,Class_III_C103F3x10000_3,III,train,0,640,256,9228,14.080811,0,0.0,52278,79.769897,3936,6.005859,94,0.143433,True,94,0.143433,65536
258,Class_III_C103F3x10000_3,III,train,0,768,256,9808,14.96582,0,0.0,50517,77.082825,4980,7.598877,231,0.352478,True,231,0.352478,65536
259,Class_III_C103F3x10000_3,III,train,0,896,256,8262,12.606812,0,0.0,51989,79.328918,5128,7.824707,157,0.239563,True,157,0.239563,65536
260,Class_III_C103F3x10000_3,III,train,0,1024,256,4583,6.993103,0,0.0,59151,90.257263,1802,2.749634,0,0.0,False,0,0.0,65536
261,Class_III_C103F3x10000_3,III,train,128,0,256,2658,4.055786,0,0.0,54098,82.546997,8598,13.119507,182,0.27771,True,182,0.27771,65536
262,Class_III_C103F3x10000_3,III,train,128,128,256,4324,6.5979,0,0.0,57172,87.237549,3905,5.958557,135,0.205994,True,135,0.205994,65536
263,Class_III_C103F3x10000_3,III,train,128,256,256,2893,4.414368,0,0.0,57560,87.82959,5055,7.713318,28,0.042725,True,28,0.042725,65536
264,Class_III_C103F3x10000_3,III,train,128,384,256,9,0.013733,0,0.0,58188,88.787842,7229,11.030579,110,0.167847,True,110,0.167847,65536
265,Class_III_C103F3x10000_3,III,train,128,512,256,2102,3.207397,0,0.0,59643,91.007996,3709,5.659485,82,0.125122,True,82,0.125122,65536
266,Class_III_C103F3x10000_3,III,train,128,640,256,6353,9.693909,0,0.0,57865,88.294983,1216,1.855469,102,0.15564,True,102,0.15564,65536
267,Class_III_C103F3x10000_3,III,train,128,768,256,8360,12.756348,0,0.0,54963,83.866882,2111,3.22113,102,0.15564,True,102,0.15564,65536
268,Class_III_C103F3x10000_3,III,train,128,896,256,5614,8.566284,0,0.0,56464,86.157227,3437,5.244446,21,0.032043,True,21,0.032043,65536
269,Class_III_C103F3x10000_3,III,train,128,1024,256,5179,7.902527,0,0.0,57208,87.29248,3128,4.772949,21,0.032043,True,21,0.032043,65536
270,Class_III_C103F3x10000_3,III,train,256,0,256,2693,4.109192,0,0.0,53985,82.374573,8652,13.201904,206,0.314331,True,206,0.314331,65536
271,Class_III_C103F3x10000_3,III,train,256,128,256,5238,7.992554,0,0.0,52275,79.76532,7816,11.92627,207,0.315857,True,207,0.315857,65536
272,Class_III_C103F3x10000_3,III,train,256,256,256,4733,7.221985,0,0.0,54209,82.71637,6533,9.968567,61,0.093079,True,61,0.093079,65536
273,Class_III_C103F3x10000_3,III,train,256,384,256,587,0.895691,0,0.0,61197,93.379211,3653,5.574036,99,0.151062,True,99,0.151062,65536
274,Class_III_C103F3x10000_3,III,train,256,512,256,1611,2.458191,0,0.0,62575,95.481873,1264,1.928711,86,0.131226,True,86,0.131226,65536
275,Class_III_C103F3x10000_3,III,train,256,640,256,6045,9.223938,0,0.0,57391,87.571716,1951,2.97699,149,0.227356,True,149,0.227356,65536
276,Class_III_C103F3x10000_3,III,train,256,768,256,7640,11.657715,0,0.0,53119,81.053162,4608,7.03125,169,0.257874,True,169,0.257874,65536
277,Class_III_C103F3x10000_3,III,train,256,896,256,3936,6.005859,0,0.0,56606,86.373901,4953,7.557678,41,0.062561,True,41,0.062561,65536
278,Class_III_C103F3x10000_3,III,train,256,1024,256,4711,7.188416,0,0.0,57141,87.190247,3643,5.558777,41,0.062561,True,41,0.062561,65536
279,Class_III_C103F3x10000_3,III,train,384,0,256,7731,11.79657,0,0.0,54415,83.030701,3366,5.136108,24,0.036621,True,24,0.036621,65536
280,Class_III_C103F3x10000_3,III,train,384,128,256,6171,9.416199,0,0.0,53254,81.259155,6039,9.214783,72,0.109863,True,72,0.109863,65536
281,Class_III_C103F3x10000_3,III,train,384,256,256,2968,4.528809,0,0.0,57455,87.669373,4947,7.548523,166,0.253296,True,166,0.253296,65536
282,Class_III_C103F3x10000_3,III,train,384,384,256,1725,2.632141,0,0.0,61756,94.232178,1870,2.853394,185,0.282288,True,185,0.282288,65536
283,Class_III_C103F3x10000_3,III,train,384,512,256,3817,5.82428,0,0.0,60026,91.592407,1560,2.380371,133,0.202942,True,133,0.202942,65536
284,Class_III_C103F3x10000_3,III,train,384,640,256,5710,8.712769,0,0.0,57959,88.438416,1754,2.676392,113,0.172424,True,113,0.172424,65536
285,Class_III_C103F3x10000_3,III,train,384,768,256,6315,9.635925,0,0.0,55779,85.112,3375,5.149841,67,0.102234,True,67,0.102234,65536
286,Class_III_C103F3x10000_3,III,train,384,896,256,5801,8.851624,0,0.0,56185,85.731506,3530,5.386353,20,0.030518,True,20,0.030518,65536
287,Class_III_C103F3x10000_3,III,train,384,1024,256,5920,9.033203,0,0.0,55491,84.672546,4020,6.134033,105,0.160217,True,105,0.160217,65536
288,Class_III_C103F3x10000_3,III,train,512,0,256,8445,12.886047,0,0.0,55919,85.325623,1142,1.742554,30,0.045776,True,30,0.045776,65536
289,Class_III_C103F3x10000_3,III,train,512,128,256,5182,7.907104,0,0.0,57058,87.063599,3216,4.907227,80,0.12207,True,80,0.12207,65536
290,Class_III_C103F3x10000_3,III,train,512,256,256,2689,4.103088,0,0.0,59609,90.956116,3083,4.704285,155,0.236511,True,155,0.236511,65536
291,Class_III_C103F3x10000_3,III,train,512,384,256,3588,5.474854,0,0.0,61569,93.946838,274,0.418091,105,0.160217,True,105,0.160217,65536
292,Class_III_C103F3x10000_3,III,train,512,512,256,6345,9.681702,0,0.0,56439,86.11908,2621,3.999329,131,0.19989,True,131,0.19989,65536
293,Class_III_C103F3x10000_3,III,train,512,640,256,6443,9.831238,0,0.0,54352,82.93457,4589,7.002258,152,0.231934,True,152,0.231934,65536
294,Class_III_C103F3x10000_3,III,train,512,768,256,4388,6.695557,0,0.0,58047,88.572693,3060,4.669189,41,0.062561,True,41,0.062561,65536
295,Class_III_C103F3x10000_3,III,train,512,896,256,6631,10.118103,0,0.0,57064,87.072754,1780,2.716064,61,0.093079,True,61,0.093079,65536
296,Class_III_C103F3x10000_3,III,train,512,1024,256,7405,11.299133,0,0.0,54605,83.320618,3400,5.187988,126,0.192261,True,126,0.192261,65536
297,Class_III_C103F3x10000_3,III,train,640,0,256,7044,10.748291,0,0.0,56907,86.833191,1555,2.372742,30,0.045776,True,30,0.045776,65536
298,Class_III_C103F3x10000_3,III,train,640,128,256,3783,5.7724,0,0.0,55149,84.150696,6437,9.822083,167,0.254822,True,167,0.254822,65536
299,Class_III_C103F3x10000_3,III,train,640,256,256,4530,6.912231,0,0.0,54288,82.836914,6516,9.942627,202,0.308228,True,202,0.308228,65536
300,Class_III_C103F3x10000_3,III,train,640,384,256,5598,8.54187,0,0.0,58619,89.445496,1254,1.913452,65,0.099182,True,65,0.099182,65536
301,Class_III_C103F3x10000_3,III,train,640,512,256,6240,9.521484,0,0.0,53091,81.010437,6085,9.284973,120,0.183105,True,120,0.183105,65536
302,Class_III_C103F3x10000_3,III,train,640,640,256,4964,7.574463,0,0.0,49253,75.154114,11018,16.812134,301,0.45929,True,301,0.45929,65536
303,Class_III_C103F3x10000_3,III,train,640,768,256,3419,5.21698,0,0.0,56101,85.603333,5815,8.872986,201,0.306702,True,201,0.306702,65536
304,Class_III_C103F3x10000_3,III,train,640,896,256,4527,6.907654,0,0.0,59394,90.628052,1492,2.276611,123,0.187683,True,123,0.187683,65536
305,Class_III_C103F3x10000_3,III,train,640,1024,256,5217,7.96051,0,0.0,55006,83.932495,5079,7.749939,234,0.357056,True,234,0.357056,65536
306,Class_III_C103F3x10000_3,III,train,703,0,256,7195,10.978699,0,0.0,55901,85.298157,2387,3.642273,53,0.080872,True,53,0.080872,65536
307,Class_III_C103F3x10000_3,III,train,703,128,256,4823,7.359314,0,0.0,53855,82.176208,6656,10.15625,202,0.308228,True,202,0.308228,65536
308,Class_III_C103F3x10000_3,III,train,703,256,256,5160,7.873535,0,0.0,53065,80.970764,7074,10.794067,237,0.361633,True,237,0.361633,65536
309,Class_III_C103F3x10000_3,III,train,703,384,256,5145,7.850647,0,0.0,58733,89.619446,1593,2.430725,65,0.099182,True,65,0.099182,65536
310,Class_III_C103F3x10000_3,III,train,703,512,256,4959,7.566833,0,0.0,52704,80.419922,7735,11.802673,138,0.210571,True,138,0.210571,65536
311,Class_III_C103F3x10000_3,III,train,703,640,256,4340,6.622314,0,0.0,46744,71.325684,14114,21.536255,338,0.515747,True,338,0.515747,65536
312,Class_III_C103F3x10000_3,III,train,703,768,256,3619,5.522156,0,0.0,54436,83.062744,7261,11.079407,220,0.335693,True,220,0.335693,65536
313,Class_III_C103F3x10000_3,III,train,703,896,256,5202,7.937622,0,0.0,58003,88.505554,2200,3.356934,131,0.19989,True,131,0.19989,65536
314,Class_III_C103F3x10000_3,III,train,703,1024,256,8918,13.607788,0,0.0,49899,76.139832,6461,9.858704,258,0.393677,True,258,0.393677,65536
315,Class_III_C103F3x10000_4,III,train,0,0,256,3883,5.924988,0,0.0,61251,93.461609,382,0.582886,20,0.030518,True,20,0.030518,65536
316,Class_III_C103F3x10000_4,III,train,0,128,256,10066,15.359497,0,0.0,55104,84.082031,336,0.512695,30,0.045776,True,30,0.045776,65536
317,Class_III_C103F3x10000_4,III,train,0,256,256,9788,14.935303,0,0.0,55581,84.809875,137,0.209045,30,0.045776,True,30,0.045776,65536
318,Class_III_C103F3x10000_4,III,train,0,384,256,12130,18.508911,0,0.0,52931,80.766296,440,0.671387,35,0.053406,True,35,0.053406,65536
319,Class_III_C103F3x10000_4,III,train,0,512,256,34283,52.311707,0,0.0,30778,46.963501,440,0.671387,35,0.053406,True,35,0.053406,65536
320,Class_III_C103F3x10000_4,III,train,0,640,256,34320,52.368164,0,0.0,30386,46.365356,830,1.266479,0,0.0,False,0,0.0,65536
321,Class_III_C103F3x10000_4,III,train,0,768,256,16067,24.516296,0,0.0,47830,72.982788,1605,2.449036,34,0.05188,True,34,0.05188,65536
322,Class_III_C103F3x10000_4,III,train,0,896,256,11639,17.759705,0,0.0,52468,80.059814,1297,1.979065,132,0.201416,True,132,0.201416,65536
323,Class_III_C103F3x10000_4,III,train,0,1024,256,7061,10.774231,0,0.0,56486,86.190796,1721,2.626038,268,0.408936,True,268,0.408936,65536
324,Class_III_C103F3x10000_4,III,train,128,0,256,3480,5.310059,0,0.0,61575,93.955994,427,0.65155,54,0.082397,True,54,0.082397,65536
325,Class_III_C103F3x10000_4,III,train,128,128,256,7733,11.799622,0,0.0,57537,87.794495,236,0.360107,30,0.045776,True,30,0.045776,65536
326,Class_III_C103F3x10000_4,III,train,128,256,256,11499,17.546082,0,0.0,53480,81.604004,420,0.640869,137,0.209045,True,137,0.209045,65536
327,Class_III_C103F3x10000_4,III,train,128,384,256,20435,31.181335,0,0.0,44711,68.223572,283,0.431824,107,0.163269,True,107,0.163269,65536
328,Class_III_C103F3x10000_4,III,train,128,512,256,32393,49.427795,0,0.0,33143,50.572205,0,0.0,0,0.0,False,0,0.0,65536
329,Class_III_C103F3x10000_4,III,train,128,640,256,23324,35.5896,0,0.0,41758,63.717651,349,0.532532,105,0.160217,True,105,0.160217,65536
330,Class_III_C103F3x10000_4,III,train,128,768,256,10672,16.28418,0,0.0,54112,82.568359,647,0.987244,105,0.160217,True,105,0.160217,65536
331,Class_III_C103F3x10000_4,III,train,128,896,256,8918,13.607788,0,0.0,56320,85.9375,298,0.454712,0,0.0,False,0,0.0,65536
332,Class_III_C103F3x10000_4,III,train,128,1024,256,6382,9.738159,0,0.0,58661,89.509583,419,0.639343,74,0.112915,True,74,0.112915,65536
333,Class_III_C103F3x10000_4,III,train,256,0,256,4191,6.394958,0,0.0,60950,93.002319,351,0.535583,44,0.067139,True,44,0.067139,65536
334,Class_III_C103F3x10000_4,III,train,256,128,256,5411,8.256531,0,0.0,60047,91.624451,78,0.119019,0,0.0,False,0,0.0,65536
335,Class_III_C103F3x10000_4,III,train,256,256,256,9956,15.19165,0,0.0,55190,84.213257,283,0.431824,107,0.163269,True,107,0.163269,65536
336,Class_III_C103F3x10000_4,III,train,256,384,256,17359,26.487732,0,0.0,46888,71.54541,1039,1.585388,250,0.38147,True,250,0.38147,65536
337,Class_III_C103F3x10000_4,III,train,256,512,256,15572,23.760986,0,0.0,49065,74.867249,756,1.153564,143,0.218201,True,143,0.218201,65536
338,Class_III_C103F3x10000_4,III,train,256,640,256,9791,14.93988,0,0.0,55085,84.05304,493,0.752258,167,0.254822,True,167,0.254822,65536
339,Class_III_C103F3x10000_4,III,train,256,768,256,9974,15.219116,0,0.0,54902,83.773804,493,0.752258,167,0.254822,True,167,0.254822,65536
340,Class_III_C103F3x10000_4,III,train,256,896,256,8365,12.763977,0,0.0,57171,87.236023,0,0.0,0,0.0,False,0,0.0,65536
341,Class_III_C103F3x10000_4,III,train,256,1024,256,5936,9.057617,0,0.0,59567,90.892029,33,0.050354,0,0.0,False,0,0.0,65536
342,Class_III_C103F3x10000_4,III,train,384,0,256,5293,8.076477,0,0.0,59558,90.878296,593,0.904846,92,0.140381,True,92,0.140381,65536
343,Class_III_C103F3x10000_4,III,train,384,128,256,9483,14.46991,0,0.0,55485,84.663391,530,0.808716,38,0.057983,True,38,0.057983,65536
344,Class_III_C103F3x10000_4,III,train,384,256,256,15089,23.023987,0,0.0,50104,76.452637,343,0.523376,0,0.0,False,0,0.0,65536
345,Class_III_C103F3x10000_4,III,train,384,384,256,14647,22.349548,0,0.0,49979,76.261902,767,1.170349,143,0.218201,True,143,0.218201,65536
346,Class_III_C103F3x10000_4,III,train,384,512,256,10941,16.694641,0,0.0,53685,81.916809,767,1.170349,143,0.218201,True,143,0.218201,65536
347,Class_III_C103F3x10000_4,III,train,384,640,256,8962,13.674927,0,0.0,55790,85.128784,675,1.029968,109,0.166321,True,109,0.166321,65536
348,Class_III_C103F3x10000_4,III,train,384,768,256,10740,16.387939,0,0.0,54012,82.415771,675,1.029968,109,0.166321,True,109,0.166321,65536
349,Class_III_C103F3x10000_4,III,train,384,896,256,7080,10.803223,0,0.0,58456,89.196777,0,0.0,0,0.0,False,0,0.0,65536
350,Class_III_C103F3x10000_4,III,train,384,1024,256,8353,12.745667,0,0.0,56771,86.625671,412,0.628662,0,0.0,False,0,0.0,65536
351,Class_III_C103F3x10000_4,III,train,512,0,256,14692,22.418213,0,0.0,49801,75.990295,944,1.44043,99,0.151062,True,99,0.151062,65536
352,Class_III_C103F3x10000_4,III,train,512,128,256,22744,34.70459,0,0.0,41796,63.775635,958,1.461792,38,0.057983,True,38,0.057983,65536
353,Class_III_C103F3x10000_4,III,train,512,256,256,22118,33.74939,0,0.0,42517,64.875793,854,1.303101,47,0.071716,True,47,0.071716,65536
354,Class_III_C103F3x10000_4,III,train,512,384,256,13645,20.820618,0,0.0,51487,78.562927,357,0.544739,47,0.071716,True,47,0.071716,65536
355,Class_III_C103F3x10000_4,III,train,512,512,256,8280,12.634277,0,0.0,56974,86.935425,246,0.375366,36,0.054932,True,36,0.054932,65536
356,Class_III_C103F3x10000_4,III,train,512,640,256,9132,13.934326,0,0.0,55626,84.87854,695,1.060486,83,0.126648,True,83,0.126648,65536
357,Class_III_C103F3x10000_4,III,train,512,768,256,6755,10.307312,0,0.0,58274,88.919067,460,0.701904,47,0.071716,True,47,0.071716,65536
358,Class_III_C103F3x10000_4,III,train,512,896,256,546,0.83313,0,0.0,64795,98.869324,154,0.234985,41,0.062561,True,41,0.062561,65536
359,Class_III_C103F3x10000_4,III,train,512,1024,256,5897,8.998108,0,0.0,59032,90.075684,566,0.863647,41,0.062561,True,41,0.062561,65536
360,Class_III_C103F3x10000_4,III,train,640,0,256,16621,25.361633,0,0.0,47615,72.654724,1195,1.823425,105,0.160217,True,105,0.160217,65536
361,Class_III_C103F3x10000_4,III,train,640,128,256,22094,33.712769,0,0.0,42048,64.160156,1278,1.950073,116,0.177002,True,116,0.177002,65536
362,Class_III_C103F3x10000_4,III,train,640,256,256,12071,18.418884,0,0.0,52745,80.482483,645,0.984192,75,0.114441,True,75,0.114441,65536
363,Class_III_C103F3x10000_4,III,train,640,384,256,4251,6.486511,0,0.0,60892,92.913818,346,0.527954,47,0.071716,True,47,0.071716,65536
364,Class_III_C103F3x10000_4,III,train,640,512,256,5158,7.870483,0,0.0,60107,91.716003,235,0.358582,36,0.054932,True,36,0.054932,65536
365,Class_III_C103F3x10000_4,III,train,640,640,256,12251,18.693542,0,0.0,52075,79.460144,924,1.409912,286,0.436401,True,286,0.436401,65536
366,Class_III_C103F3x10000_4,III,train,640,768,256,12890,19.668579,0,0.0,51243,78.190613,1153,1.759338,250,0.38147,True,250,0.38147,65536
367,Class_III_C103F3x10000_4,III,train,640,896,256,5326,8.126831,0,0.0,59551,90.867615,618,0.942993,41,0.062561,True,41,0.062561,65536
368,Class_III_C103F3x10000_4,III,train,640,1024,256,2812,4.290771,0,0.0,62529,95.411682,154,0.234985,41,0.062561,True,41,0.062561,65536
369,Class_III_C103F3x10000_4,III,train,703,0,256,12604,19.232178,0,0.0,51664,78.833008,1163,1.774597,105,0.160217,True,105,0.160217,65536
370,Class_III_C103F3x10000_4,III,train,703,128,256,18895,28.831482,0,0.0,45123,68.852234,1375,2.098083,143,0.218201,True,143,0.218201,65536
371,Class_III_C103F3x10000_4,III,train,703,256,256,10821,16.511536,0,0.0,54264,82.800293,396,0.604248,55,0.083923,True,55,0.083923,65536
372,Class_III_C103F3x10000_4,III,train,703,384,256,4920,7.507324,0,0.0,60616,92.492676,0,0.0,0,0.0,False,0,0.0,65536
373,Class_III_C103F3x10000_4,III,train,703,512,256,6802,10.379028,0,0.0,58463,89.207458,235,0.358582,36,0.054932,True,36,0.054932,65536
374,Class_III_C103F3x10000_4,III,train,703,640,256,15840,24.169922,0,0.0,48448,73.925781,962,1.467896,286,0.436401,True,286,0.436401,65536
375,Class_III_C103F3x10000_4,III,train,703,768,256,17265,26.344299,0,0.0,46367,70.750427,1654,2.523804,250,0.38147,True,250,0.38147,65536
376,Class_III_C103F3x10000_4,III,train,703,896,256,9277,14.155579,0,0.0,55332,84.429932,927,1.41449,0,0.0,False,0,0.0,65536
377,Class_III_C103F3x10000_4,III,train,703,1024,256,5685,8.674622,0,0.0,59437,90.693665,302,0.460815,112,0.170898,True,112,0.170898,65536
378,Class_III_C103F3x10000_5,III,train,0,0,256,5354,8.169556,0,0.0,55375,84.495544,4807,7.3349,0,0.0,False,0,0.0,65536
379,Class_III_C103F3x10000_5,III,train,0,128,256,4842,7.388306,0,0.0,53942,82.30896,6573,10.029602,179,0.273132,True,179,0.273132,65536
380,Class_III_C103F3x10000_5,III,train,0,256,256,1264,1.928711,0,0.0,57895,88.340759,6186,9.439087,191,0.291443,True,191,0.291443,65536
381,Class_III_C103F3x10000_5,III,train,0,384,256,947,1.445007,0,0.0,64145,97.877502,400,0.610352,44,0.067139,True,44,0.067139,65536
382,Class_III_C103F3x10000_5,III,train,0,512,256,3748,5.718994,0,0.0,60501,92.3172,1255,1.914978,32,0.048828,True,32,0.048828,65536
383,Class_III_C103F3x10000_5,III,train,0,640,256,9233,14.08844,0,0.0,49875,76.10321,6411,9.78241,17,0.02594,True,17,0.02594,65536
384,Class_III_C103F3x10000_5,III,train,0,768,256,5657,8.631897,0,0.0,45664,69.677734,13941,21.272278,274,0.418091,True,274,0.418091,65536
385,Class_III_C103F3x10000_5,III,train,0,896,256,5996,9.14917,0,0.0,47916,73.114014,11308,17.254639,316,0.482178,True,316,0.482178,65536
386,Class_III_C103F3x10000_5,III,train,0,1024,256,9585,14.625549,0,0.0,51714,78.909302,4178,6.375122,59,0.090027,True,59,0.090027,65536
387,Class_III_C103F3x10000_5,III,train,128,0,256,4357,6.648254,0,0.0,60206,91.867065,973,1.48468,0,0.0,False,0,0.0,65536
388,Class_III_C103F3x10000_5,III,train,128,128,256,2974,4.537964,0,0.0,56477,86.177063,5861,8.943176,224,0.341797,True,224,0.341797,65536
389,Class_III_C103F3x10000_5,III,train,128,256,256,2885,4.402161,0,0.0,55123,84.111023,7263,11.082458,265,0.404358,True,265,0.404358,65536
390,Class_III_C103F3x10000_5,III,train,128,384,256,2371,3.617859,0,0.0,60101,91.706848,2910,4.440308,154,0.234985,True,154,0.234985,65536
391,Class_III_C103F3x10000_5,III,train,128,512,256,2045,3.120422,0,0.0,61663,94.090271,1715,2.616882,113,0.172424,True,113,0.172424,65536
392,Class_III_C103F3x10000_5,III,train,128,640,256,4007,6.114197,0,0.0,57182,87.252808,4347,6.632996,0,0.0,False,0,0.0,65536
393,Class_III_C103F3x10000_5,III,train,128,768,256,3686,5.62439,0,0.0,52607,80.271912,9156,13.970947,87,0.132751,True,87,0.132751,65536
394,Class_III_C103F3x10000_5,III,train,128,896,256,7259,11.076355,0,0.0,50920,77.697754,7211,11.003113,146,0.222778,True,146,0.222778,65536
395,Class_III_C103F3x10000_5,III,train,128,1024,256,9290,14.175415,0,0.0,48059,73.332214,8128,12.402344,59,0.090027,True,59,0.090027,65536
396,Class_III_C103F3x10000_5,III,train,256,0,256,2800,4.272461,0,0.0,60969,93.031311,1767,2.696228,0,0.0,False,0,0.0,65536
397,Class_III_C103F3x10000_5,III,train,256,128,256,326,0.497437,0,0.0,62431,95.262146,2671,4.075623,108,0.164795,True,108,0.164795,65536
398,Class_III_C103F3x10000_5,III,train,256,256,256,5687,8.677673,0,0.0,52663,80.357361,6999,10.679626,187,0.285339,True,187,0.285339,65536
399,Class_III_C103F3x10000_5,III,train,256,384,256,5686,8.676147,0,0.0,53647,81.858826,6043,9.220886,160,0.244141,True,160,0.244141,65536
400,Class_III_C103F3x10000_5,III,train,256,512,256,1604,2.44751,0,0.0,62136,94.812012,1715,2.616882,81,0.123596,True,81,0.123596,65536
401,Class_III_C103F3x10000_5,III,train,256,640,256,1475,2.250671,0,0.0,63459,96.83075,602,0.918579,0,0.0,False,0,0.0,65536
402,Class_III_C103F3x10000_5,III,train,256,768,256,2309,3.523254,0,0.0,59092,90.167236,4057,6.190491,78,0.119019,True,78,0.119019,65536
403,Class_III_C103F3x10000_5,III,train,256,896,256,4080,6.225586,0,0.0,57886,88.327026,3492,5.328369,78,0.119019,True,78,0.119019,65536
404,Class_III_C103F3x10000_5,III,train,256,1024,256,2353,3.590393,0,0.0,58214,88.827515,4969,7.582092,0,0.0,False,0,0.0,65536
405,Class_III_C103F3x10000_5,III,train,384,0,256,5095,7.774353,0,0.0,55769,85.096741,4672,7.128906,0,0.0,False,0,0.0,65536
406,Class_III_C103F3x10000_5,III,train,384,128,256,860,1.312256,0,0.0,60179,91.825867,4476,6.829834,21,0.032043,True,21,0.032043,65536
407,Class_III_C103F3x10000_5,III,train,384,256,256,5895,8.995056,0,0.0,52786,80.545044,6796,10.369873,59,0.090027,True,59,0.090027,65536
408,Class_III_C103F3x10000_5,III,train,384,384,256,7438,11.349487,0,0.0,52223,79.685974,5837,8.906555,38,0.057983,True,38,0.057983,65536
409,Class_III_C103F3x10000_5,III,train,384,512,256,3813,5.818176,0,0.0,58062,88.595581,3661,5.586243,0,0.0,False,0,0.0,65536
410,Class_III_C103F3x10000_5,III,train,384,640,256,4396,6.707764,0,0.0,58030,88.546753,3110,4.745483,0,0.0,False,0,0.0,65536
411,Class_III_C103F3x10000_5,III,train,384,768,256,6716,10.247803,0,0.0,55611,84.855652,3131,4.777527,78,0.119019,True,78,0.119019,65536
412,Class_III_C103F3x10000_5,III,train,384,896,256,4990,7.614136,0,0.0,57749,88.117981,2719,4.148865,78,0.119019,True,78,0.119019,65536
413,Class_III_C103F3x10000_5,III,train,384,1024,256,587,0.895691,0,0.0,63920,97.53418,1029,1.570129,0,0.0,False,0,0.0,65536
414,Class_III_C103F3x10000_5,III,train,512,0,256,4450,6.790161,0,0.0,57883,88.322449,3203,4.88739,0,0.0,False,0,0.0,65536
415,Class_III_C103F3x10000_5,III,train,512,128,256,900,1.373291,0,0.0,58615,89.439392,5853,8.930969,168,0.256348,True,168,0.256348,65536
416,Class_III_C103F3x10000_5,III,train,512,256,256,3729,5.690002,0,0.0,55767,85.093689,5872,8.959961,168,0.256348,True,168,0.256348,65536
417,Class_III_C103F3x10000_5,III,train,512,384,256,6583,10.044861,0,0.0,55757,85.07843,3196,4.876709,0,0.0,False,0,0.0,65536
418,Class_III_C103F3x10000_5,III,train,512,512,256,5090,7.766724,0,0.0,57318,87.460327,3128,4.772949,0,0.0,False,0,0.0,65536
419,Class_III_C103F3x10000_5,III,train,512,640,256,5935,9.056091,0,0.0,57093,87.117004,2508,3.826904,0,0.0,False,0,0.0,65536
420,Class_III_C103F3x10000_5,III,train,512,768,256,8012,12.225342,0,0.0,56362,86.001587,1134,1.730347,28,0.042725,True,28,0.042725,65536
421,Class_III_C103F3x10000_5,III,train,512,896,256,11097,16.932678,0,0.0,52181,79.621887,2230,3.40271,28,0.042725,True,28,0.042725,65536
422,Class_III_C103F3x10000_5,III,train,512,1024,256,7389,11.274719,0,0.0,56008,85.461426,2139,3.263855,0,0.0,False,0,0.0,65536
423,Class_III_C103F3x10000_5,III,train,640,0,256,5151,7.859802,0,0.0,60135,91.758728,250,0.38147,0,0.0,False,0,0.0,65536
424,Class_III_C103F3x10000_5,III,train,640,128,256,3456,5.273438,0,0.0,60556,92.401123,1377,2.101135,147,0.224304,True,147,0.224304,65536
425,Class_III_C103F3x10000_5,III,train,640,256,256,8024,12.243652,0,0.0,55363,84.477234,2002,3.05481,147,0.224304,True,147,0.224304,65536
426,Class_III_C103F3x10000_5,III,train,640,384,256,11169,17.042542,0,0.0,50941,77.729797,3426,5.227661,0,0.0,False,0,0.0,65536
427,Class_III_C103F3x10000_5,III,train,640,512,256,6105,9.315491,0,0.0,56823,86.705017,2608,3.979492,0,0.0,False,0,0.0,65536
428,Class_III_C103F3x10000_5,III,train,640,640,256,4502,6.869507,0,0.0,60241,91.920471,793,1.210022,0,0.0,False,0,0.0,65536
429,Class_III_C103F3x10000_5,III,train,640,768,256,4039,6.163025,0,0.0,59971,91.508484,1498,2.285767,28,0.042725,True,28,0.042725,65536
430,Class_III_C103F3x10000_5,III,train,640,896,256,11766,17.953491,0,0.0,52128,79.541016,1614,2.462769,28,0.042725,True,28,0.042725,65536
431,Class_III_C103F3x10000_5,III,train,640,1024,256,15048,22.961426,0,0.0,49100,74.920654,1388,2.11792,0,0.0,False,0,0.0,65536
432,Class_III_C103F3x10000_5,III,train,703,0,256,10570,16.12854,0,0.0,54966,83.87146,0,0.0,0,0.0,False,0,0.0,65536
433,Class_III_C103F3x10000_5,III,train,703,128,256,6263,9.55658,0,0.0,59243,90.397644,30,0.045776,0,0.0,False,0,0.0,65536
434,Class_III_C103F3x10000_5,III,train,703,256,256,8335,12.718201,0,0.0,57014,86.99646,187,0.285339,0,0.0,False,0,0.0,65536
435,Class_III_C103F3x10000_5,III,train,703,384,256,10959,16.722107,0,0.0,49752,75.915527,4825,7.362366,0,0.0,False,0,0.0,65536
436,Class_III_C103F3x10000_5,III,train,703,512,256,6088,9.289551,0,0.0,54780,83.587646,4668,7.122803,0,0.0,False,0,0.0,65536
437,Class_III_C103F3x10000_5,III,train,703,640,256,5213,7.954407,0,0.0,59530,90.835571,793,1.210022,0,0.0,False,0,0.0,65536
438,Class_III_C103F3x10000_5,III,train,703,768,256,6744,10.290527,0,0.0,57999,88.499451,793,1.210022,0,0.0,False,0,0.0,65536
439,Class_III_C103F3x10000_5,III,train,703,896,256,11535,17.601013,0,0.0,52879,80.686951,1122,1.712036,0,0.0,False,0,0.0,65536
440,Class_III_C103F3x10000_5,III,train,703,1024,256,13128,20.031738,0,0.0,51052,77.89917,1356,2.069092,0,0.0,False,0,0.0,65536
441,Class_III_C103F3x10000_6,III,val,0,0,256,6071,9.263611,0,0.0,59053,90.107727,412,0.628662,0,0.0,False,0,0.0,65536
442,Class_III_C103F3x10000_6,III,val,0,128,256,14782,22.555542,0,0.0,50342,76.815796,412,0.628662,0,0.0,False,0,0.0,65536
443,Class_III_C103F3x10000_6,III,val,0,256,256,13099,19.987488,0,0.0,52437,80.012512,0,0.0,0,0.0,False,0,0.0,65536
444,Class_III_C103F3x10000_6,III,val,0,384,256,5539,8.451843,0,0.0,58814,89.743042,1124,1.715088,59,0.090027,True,59,0.090027,65536
445,Class_III_C103F3x10000_6,III,val,0,512,256,8915,13.60321,0,0.0,55438,84.591675,1124,1.715088,59,0.090027,True,59,0.090027,65536
446,Class_III_C103F3x10000_6,III,val,0,640,256,6860,10.467529,0,0.0,57245,87.348938,1234,1.882935,197,0.300598,True,197,0.300598,65536
447,Class_III_C103F3x10000_6,III,val,0,768,256,1400,2.13623,0,0.0,62705,95.680237,1234,1.882935,197,0.300598,True,197,0.300598,65536
448,Class_III_C103F3x10000_6,III,val,0,896,256,998,1.522827,0,0.0,64395,98.258972,143,0.218201,0,0.0,False,0,0.0,65536
449,Class_III_C103F3x10000_6,III,val,0,1024,256,8936,13.635254,0,0.0,56378,86.026001,222,0.338745,0,0.0,False,0,0.0,65536
450,Class_III_C103F3x10000_6,III,val,128,0,256,3457,5.274963,0,0.0,61667,94.096375,412,0.628662,0,0.0,False,0,0.0,65536
451,Class_III_C103F3x10000_6,III,val,128,128,256,17474,26.663208,0,0.0,47650,72.70813,412,0.628662,0,0.0,False,0,0.0,65536
452,Class_III_C103F3x10000_6,III,val,128,256,256,25763,39.311218,0,0.0,39406,60.128784,367,0.559998,0,0.0,False,0,0.0,65536
453,Class_III_C103F3x10000_6,III,val,128,384,256,11954,18.240356,0,0.0,51869,79.145813,1654,2.523804,59,0.090027,True,59,0.090027,65536
454,Class_III_C103F3x10000_6,III,val,128,512,256,7311,11.155701,0,0.0,55822,85.177612,2344,3.57666,59,0.090027,True,59,0.090027,65536
455,Class_III_C103F3x10000_6,III,val,128,640,256,5589,8.528137,0,0.0,52276,79.766846,6893,10.517883,778,1.187134,True,778,1.187134,65536
456,Class_III_C103F3x10000_6,III,val,128,768,256,642,0.979614,0,0.0,57129,87.171936,6987,10.661316,778,1.187134,True,778,1.187134,65536
457,Class_III_C103F3x10000_6,III,val,128,896,256,210,0.320435,0,0.0,63580,97.015381,1746,2.664185,0,0.0,False,0,0.0,65536
458,Class_III_C103F3x10000_6,III,val,128,1024,256,3584,5.46875,0,0.0,61278,93.502808,674,1.028442,0,0.0,False,0,0.0,65536
459,Class_III_C103F3x10000_6,III,val,256,0,256,2375,3.623962,0,0.0,61857,94.386292,1304,1.989746,0,0.0,False,0,0.0,65536
460,Class_III_C103F3x10000_6,III,val,256,128,256,14131,21.562195,0,0.0,50101,76.448059,1304,1.989746,0,0.0,False,0,0.0,65536
461,Class_III_C103F3x10000_6,III,val,256,256,256,25410,38.772583,0,0.0,39424,60.15625,702,1.071167,0,0.0,False,0,0.0,65536
462,Class_III_C103F3x10000_6,III,val,256,384,256,23794,36.306763,0,0.0,40064,61.132812,1678,2.560425,0,0.0,False,0,0.0,65536
463,Class_III_C103F3x10000_6,III,val,256,512,256,27668,42.218018,0,0.0,31669,48.323059,6053,9.236145,146,0.222778,True,146,0.222778,65536
464,Class_III_C103F3x10000_6,III,val,256,640,256,19518,29.782104,0,0.0,34359,52.427673,10932,16.680908,727,1.109314,True,727,1.109314,65536
465,Class_III_C103F3x10000_6,III,val,256,768,256,5075,7.743835,0,0.0,52649,80.335999,7231,11.03363,581,0.886536,True,581,0.886536,65536
466,Class_III_C103F3x10000_6,III,val,256,896,256,2581,3.938293,0,0.0,61127,93.2724,1828,2.789307,0,0.0,False,0,0.0,65536
467,Class_III_C103F3x10000_6,III,val,256,1024,256,8099,12.358093,0,0.0,56985,86.952209,452,0.689697,0,0.0,False,0,0.0,65536
468,Class_III_C103F3x10000_6,III,val,384,0,256,3157,4.8172,0,0.0,61075,93.193054,1304,1.989746,0,0.0,False,0,0.0,65536
469,Class_III_C103F3x10000_6,III,val,384,128,256,8712,13.293457,0,0.0,55520,84.716797,1304,1.989746,0,0.0,False,0,0.0,65536
470,Class_III_C103F3x10000_6,III,val,384,256,256,12893,19.673157,0,0.0,52308,79.815674,335,0.511169,0,0.0,False,0,0.0,65536
471,Class_III_C103F3x10000_6,III,val,384,384,256,17786,27.139282,0,0.0,45351,69.200134,2399,3.660583,0,0.0,False,0,0.0,65536
472,Class_III_C103F3x10000_6,III,val,384,512,256,30817,47.02301,0,0.0,25744,39.282227,8579,13.090515,396,0.604248,True,396,0.604248,65536
473,Class_III_C103F3x10000_6,III,val,384,640,256,26027,39.71405,0,0.0,30412,46.405029,8701,13.276672,396,0.604248,True,396,0.604248,65536
474,Class_III_C103F3x10000_6,III,val,384,768,256,15877,24.226379,0,0.0,45098,68.814087,4472,6.82373,89,0.135803,True,89,0.135803,65536
475,Class_III_C103F3x10000_6,III,val,384,896,256,18834,28.738403,0,0.0,44327,67.637634,2286,3.488159,89,0.135803,True,89,0.135803,65536
476,Class_III_C103F3x10000_6,III,val,384,1024,256,18405,28.083801,0,0.0,47131,71.916199,0,0.0,0,0.0,False,0,0.0,65536
477,Class_III_C103F3x10000_6,III,val,512,0,256,1316,2.008057,0,0.0,63611,97.062683,609,0.92926,0,0.0,False,0,0.0,65536
478,Class_III_C103F3x10000_6,III,val,512,128,256,1170,1.785278,0,0.0,63757,97.285461,609,0.92926,0,0.0,False,0,0.0,65536
479,Class_III_C103F3x10000_6,III,val,512,256,256,2517,3.840637,0,0.0,63019,96.159363,0,0.0,0,0.0,False,0,0.0,65536
480,Class_III_C103F3x10000_6,III,val,512,384,256,5204,7.940674,0,0.0,58382,89.083862,1950,2.975464,0,0.0,False,0,0.0,65536
481,Class_III_C103F3x10000_6,III,val,512,512,256,15417,23.524475,0,0.0,44860,68.450928,5009,7.643127,250,0.38147,True,250,0.38147,65536
482,Class_III_C103F3x10000_6,III,val,512,640,256,19752,30.13916,0,0.0,41542,63.388062,3992,6.091309,250,0.38147,True,250,0.38147,65536
483,Class_III_C103F3x10000_6,III,val,512,768,256,20383,31.10199,0,0.0,39624,60.461426,5440,8.300781,89,0.135803,True,89,0.135803,65536
484,Class_III_C103F3x10000_6,III,val,512,896,256,26058,39.761353,0,0.0,34882,53.225708,4507,6.877136,89,0.135803,True,89,0.135803,65536
485,Class_III_C103F3x10000_6,III,val,512,1024,256,16278,24.838257,0,0.0,49258,75.161743,0,0.0,0,0.0,False,0,0.0,65536
486,Class_III_C103F3x10000_6,III,val,640,0,256,3950,6.027222,0,0.0,59384,90.612793,2024,3.088379,178,0.271606,True,178,0.271606,65536
487,Class_III_C103F3x10000_6,III,val,640,128,256,1880,2.868652,0,0.0,61841,94.361877,1670,2.548218,145,0.221252,True,145,0.221252,65536
488,Class_III_C103F3x10000_6,III,val,640,256,256,2345,3.578186,0,0.0,62791,95.811462,367,0.559998,33,0.050354,True,33,0.050354,65536
489,Class_III_C103F3x10000_6,III,val,640,384,256,2591,3.953552,0,0.0,62458,95.303345,487,0.743103,0,0.0,False,0,0.0,65536
490,Class_III_C103F3x10000_6,III,val,640,512,256,5571,8.500671,0,0.0,58914,89.89563,1051,1.603699,0,0.0,False,0,0.0,65536
491,Class_III_C103F3x10000_6,III,val,640,640,256,8708,13.287354,0,0.0,56264,85.852051,564,0.860596,0,0.0,False,0,0.0,65536
492,Class_III_C103F3x10000_6,III,val,640,768,256,11379,17.362976,0,0.0,49716,75.860596,4246,6.478882,195,0.297546,True,195,0.297546,65536
493,Class_III_C103F3x10000_6,III,val,640,896,256,11793,17.99469,0,0.0,49302,75.228882,4246,6.478882,195,0.297546,True,195,0.297546,65536
494,Class_III_C103F3x10000_6,III,val,640,1024,256,7737,11.805725,0,0.0,57799,88.194275,0,0.0,0,0.0,False,0,0.0,65536
495,Class_III_C103F3x10000_6,III,val,703,0,256,7480,11.413574,0,0.0,55371,84.489441,2481,3.785706,204,0.311279,True,204,0.311279,65536
496,Class_III_C103F3x10000_6,III,val,703,128,256,2075,3.166199,0,0.0,61719,94.17572,1564,2.386475,178,0.271606,True,178,0.271606,65536
497,Class_III_C103F3x10000_6,III,val,703,256,256,3520,5.371094,0,0.0,61080,93.200684,870,1.327515,66,0.100708,True,66,0.100708,65536
498,Class_III_C103F3x10000_6,III,val,703,384,256,4231,6.455994,0,0.0,61305,93.544006,0,0.0,0,0.0,False,0,0.0,65536
499,Class_III_C103F3x10000_6,III,val,703,512,256,1955,2.983093,0,0.0,63581,97.016907,0,0.0,0,0.0,False,0,0.0,65536
500,Class_III_C103F3x10000_6,III,val,703,640,256,3293,5.024719,0,0.0,62243,94.975281,0,0.0,0,0.0,False,0,0.0,65536
501,Class_III_C103F3x10000_6,III,val,703,768,256,7054,10.76355,0,0.0,54175,82.66449,4112,6.274414,195,0.297546,True,195,0.297546,65536
502,Class_III_C103F3x10000_6,III,val,703,896,256,6274,9.573364,0,0.0,54955,83.854675,4112,6.274414,195,0.297546,True,195,0.297546,65536
503,Class_III_C103F3x10000_6,III,val,703,1024,256,5268,8.03833,0,0.0,60268,91.96167,0,0.0,0,0.0,False,0,0.0,65536
504,Class_III_C103F3x10000_7,III,train,0,0,256,10920,16.662598,0,0.0,53576,81.750488,1040,1.586914,0,0.0,False,0,0.0,65536
505,Class_III_C103F3x10000_7,III,train,0,128,256,18794,28.677368,0,0.0,45340,69.18335,1382,2.108765,20,0.030518,True,20,0.030518,65536
506,Class_III_C103F3x10000_7,III,train,0,256,256,9965,15.205383,0,0.0,54465,83.106995,1086,1.657104,20,0.030518,True,20,0.030518,65536
507,Class_III_C103F3x10000_7,III,train,0,384,256,6691,10.209656,0,0.0,57488,87.719727,1225,1.869202,132,0.201416,True,132,0.201416,65536
508,Class_III_C103F3x10000_7,III,train,0,512,256,8358,12.753296,0,0.0,53120,81.054688,3821,5.830383,237,0.361633,True,237,0.361633,65536
509,Class_III_C103F3x10000_7,III,train,0,640,256,3826,5.838013,0,0.0,58249,88.88092,3347,5.107117,114,0.17395,True,114,0.17395,65536
510,Class_III_C103F3x10000_7,III,train,0,768,256,4748,7.244873,0,0.0,59337,90.541077,1429,2.180481,22,0.033569,True,22,0.033569,65536
511,Class_III_C103F3x10000_7,III,train,0,896,256,9613,14.668274,0,0.0,54722,83.499146,1178,1.797485,23,0.035095,True,23,0.035095,65536
512,Class_III_C103F3x10000_7,III,train,0,1024,256,7903,12.059021,0,0.0,56244,85.821533,1367,2.085876,22,0.033569,True,22,0.033569,65536
513,Class_III_C103F3x10000_7,III,train,128,0,256,5033,7.679749,0,0.0,59507,90.800476,996,1.519775,0,0.0,False,0,0.0,65536
514,Class_III_C103F3x10000_7,III,train,128,128,256,10926,16.671753,0,0.0,52760,80.505371,1749,2.668762,101,0.154114,True,101,0.154114,65536
515,Class_III_C103F3x10000_7,III,train,128,256,256,9007,13.743591,0,0.0,54550,83.236694,1878,2.865601,101,0.154114,True,101,0.154114,65536
516,Class_III_C103F3x10000_7,III,train,128,384,256,8287,12.644958,0,0.0,54572,83.270264,2446,3.7323,231,0.352478,True,231,0.352478,65536
517,Class_III_C103F3x10000_7,III,train,128,512,256,9220,14.068604,0,0.0,51289,78.260803,4691,7.157898,336,0.512695,True,336,0.512695,65536
518,Class_III_C103F3x10000_7,III,train,128,640,256,3264,4.980469,0,0.0,59379,90.605164,2788,4.25415,105,0.160217,True,105,0.160217,65536
519,Class_III_C103F3x10000_7,III,train,128,768,256,5640,8.605957,0,0.0,57443,87.651062,2399,3.660583,54,0.082397,True,54,0.082397,65536
520,Class_III_C103F3x10000_7,III,train,128,896,256,8586,13.101196,0,0.0,54676,83.428955,2220,3.387451,54,0.082397,True,54,0.082397,65536
521,Class_III_C103F3x10000_7,III,train,128,1024,256,4818,7.351685,0,0.0,60493,92.304993,225,0.343323,0,0.0,False,0,0.0,65536
522,Class_III_C103F3x10000_7,III,train,256,0,256,12938,19.741821,0,0.0,51896,79.187012,702,1.071167,0,0.0,False,0,0.0,65536
523,Class_III_C103F3x10000_7,III,train,256,128,256,12903,19.688416,0,0.0,51215,78.147888,1337,2.0401,81,0.123596,True,81,0.123596,65536
524,Class_III_C103F3x10000_7,III,train,256,256,256,8338,12.722778,0,0.0,54086,82.528687,2971,4.533386,141,0.215149,True,141,0.215149,65536
525,Class_III_C103F3x10000_7,III,train,256,384,256,14082,21.487427,0,0.0,46342,70.71228,4921,7.50885,191,0.291443,True,191,0.291443,65536
526,Class_III_C103F3x10000_7,III,train,256,512,256,14301,21.821594,0,0.0,46452,70.880127,4652,7.098389,131,0.19989,True,131,0.19989,65536
527,Class_III_C103F3x10000_7,III,train,256,640,256,10551,16.099548,0,0.0,53386,81.460571,1599,2.43988,0,0.0,False,0,0.0,65536
528,Class_III_C103F3x10000_7,III,train,256,768,256,10033,15.309143,0,0.0,53911,82.261658,1551,2.366638,41,0.062561,True,41,0.062561,65536
529,Class_III_C103F3x10000_7,III,train,256,896,256,8929,13.624573,0,0.0,55059,84.013367,1507,2.2995,41,0.062561,True,41,0.062561,65536
530,Class_III_C103F3x10000_7,III,train,256,1024,256,3198,4.879761,0,0.0,61620,94.024658,637,0.971985,81,0.123596,True,81,0.123596,65536
531,Class_III_C103F3x10000_7,III,train,384,0,256,15904,24.267578,0,0.0,48558,74.093628,1007,1.53656,67,0.102234,True,67,0.102234,65536
532,Class_III_C103F3x10000_7,III,train,384,128,256,12695,19.371033,0,0.0,52064,79.443359,777,1.185608,0,0.0,False,0,0.0,65536
533,Class_III_C103F3x10000_7,III,train,384,256,256,5961,9.095764,0,0.0,57246,87.350464,2269,3.462219,60,0.091553,True,60,0.091553,65536
534,Class_III_C103F3x10000_7,III,train,384,384,256,17743,27.073669,0,0.0,43719,66.7099,3982,6.07605,92,0.140381,True,92,0.140381,65536
535,Class_III_C103F3x10000_7,III,train,384,512,256,23161,35.340881,0,0.0,38170,58.242798,4173,6.367493,32,0.048828,True,32,0.048828,65536
536,Class_III_C103F3x10000_7,III,train,384,640,256,15528,23.693848,0,0.0,47797,72.932434,2211,3.373718,0,0.0,False,0,0.0,65536
537,Class_III_C103F3x10000_7,III,train,384,768,256,10799,16.477966,0,0.0,54212,82.720947,525,0.801086,0,0.0,False,0,0.0,65536
538,Class_III_C103F3x10000_7,III,train,384,896,256,11936,18.212891,0,0.0,52538,80.166626,1013,1.545715,49,0.074768,True,49,0.074768,65536
539,Class_III_C103F3x10000_7,III,train,384,1024,256,9336,14.245605,0,0.0,54044,82.4646,1977,3.016663,179,0.273132,True,179,0.273132,65536
540,Class_III_C103F3x10000_7,III,train,512,0,256,12751,19.456482,0,0.0,51523,78.617859,1195,1.823425,67,0.102234,True,67,0.102234,65536
541,Class_III_C103F3x10000_7,III,train,512,128,256,4241,6.471252,0,0.0,60292,91.998291,938,1.431274,65,0.099182,True,65,0.099182,65536
542,Class_III_C103F3x10000_7,III,train,512,256,256,5249,8.009338,0,0.0,57070,87.081909,3034,4.629517,183,0.279236,True,183,0.279236,65536
543,Class_III_C103F3x10000_7,III,train,512,384,256,14339,21.879578,0,0.0,48658,74.246216,2421,3.694153,118,0.180054,True,118,0.180054,65536
544,Class_III_C103F3x10000_7,III,train,512,512,256,20847,31.809998,0,0.0,42885,65.437317,1804,2.752686,0,0.0,False,0,0.0,65536
545,Class_III_C103F3x10000_7,III,train,512,640,256,11783,17.979431,0,0.0,51352,78.356934,2401,3.663635,0,0.0,False,0,0.0,65536
546,Class_III_C103F3x10000_7,III,train,512,768,256,5563,8.488464,0,0.0,58437,89.167786,1536,2.34375,0,0.0,False,0,0.0,65536
547,Class_III_C103F3x10000_7,III,train,512,896,256,12073,18.421936,0,0.0,51587,78.715515,1827,2.787781,49,0.074768,True,49,0.074768,65536
548,Class_III_C103F3x10000_7,III,train,512,1024,256,16375,24.986267,0,0.0,46510,70.968628,2447,3.733826,204,0.311279,True,204,0.311279,65536
549,Class_III_C103F3x10000_7,III,train,640,0,256,21493,32.795715,0,0.0,42153,64.320374,1794,2.737427,96,0.146484,True,96,0.146484,65536
550,Class_III_C103F3x10000_7,III,train,640,128,256,18178,27.737427,0,0.0,44358,67.684937,2898,4.421997,102,0.15564,True,102,0.15564,65536
551,Class_III_C103F3x10000_7,III,train,640,256,256,17056,26.025391,0,0.0,44418,67.776489,3842,5.862427,220,0.335693,True,220,0.335693,65536
552,Class_III_C103F3x10000_7,III,train,640,384,256,21474,32.766724,0,0.0,41805,63.789368,2139,3.263855,118,0.180054,True,118,0.180054,65536
553,Class_III_C103F3x10000_7,III,train,640,512,256,21206,32.357788,0,0.0,43129,65.809631,1201,1.832581,0,0.0,False,0,0.0,65536
554,Class_III_C103F3x10000_7,III,train,640,640,256,10240,15.625,0,0.0,52929,80.763245,2367,3.611755,0,0.0,False,0,0.0,65536
555,Class_III_C103F3x10000_7,III,train,640,768,256,2690,4.104614,0,0.0,61023,93.113708,1823,2.781677,0,0.0,False,0,0.0,65536
556,Class_III_C103F3x10000_7,III,train,640,896,256,6565,10.017395,0,0.0,57394,87.576294,1517,2.314758,60,0.091553,True,60,0.091553,65536
557,Class_III_C103F3x10000_7,III,train,640,1024,256,9813,14.97345,0,0.0,53551,81.712341,1993,3.041077,179,0.273132,True,179,0.273132,65536
558,Class_III_C103F3x10000_7,III,train,703,0,256,19011,29.008484,0,0.0,44635,68.107605,1794,2.737427,96,0.146484,True,96,0.146484,65536
559,Class_III_C103F3x10000_7,III,train,703,128,256,19931,30.412292,0,0.0,42605,65.010071,2898,4.421997,102,0.15564,True,102,0.15564,65536
560,Class_III_C103F3x10000_7,III,train,703,256,256,16688,25.463867,0,0.0,44786,68.338013,3842,5.862427,220,0.335693,True,220,0.335693,65536
561,Class_III_C103F3x10000_7,III,train,703,384,256,18633,28.431702,0,0.0,44431,67.796326,2354,3.591919,118,0.180054,True,118,0.180054,65536
562,Class_III_C103F3x10000_7,III,train,703,512,256,16628,25.372314,0,0.0,46545,71.022034,2319,3.538513,44,0.067139,True,44,0.067139,65536
563,Class_III_C103F3x10000_7,III,train,703,640,256,6214,9.481812,0,0.0,55026,83.963013,4209,6.422424,87,0.132751,True,87,0.132751,65536
564,Class_III_C103F3x10000_7,III,train,703,768,256,2393,3.651428,0,0.0,59885,91.377258,3091,4.716492,167,0.254822,True,167,0.254822,65536
565,Class_III_C103F3x10000_7,III,train,703,896,256,5577,8.509827,0,0.0,57486,87.716675,2206,3.366089,267,0.40741,True,267,0.40741,65536
566,Class_III_C103F3x10000_7,III,train,703,1024,256,5750,8.773804,0,0.0,57443,87.651062,2081,3.175354,262,0.39978,True,262,0.39978,65536
567,Class_III_C104F2x10000,III,test,0,0,256,10705,16.334534,0,0.0,41267,62.968445,12866,19.631958,698,1.065063,True,698,1.065063,65536
568,Class_III_C104F2x10000,III,test,0,128,256,16000,24.414062,0,0.0,42543,64.915466,6575,10.032654,418,0.637817,True,418,0.637817,65536
569,Class_III_C104F2x10000,III,test,0,256,256,20860,31.829834,0,0.0,40961,62.501526,3456,5.273438,259,0.395203,True,259,0.395203,65536
570,Class_III_C104F2x10000,III,test,0,384,256,18258,27.859497,0,0.0,41908,63.946533,5111,7.798767,259,0.395203,True,259,0.395203,65536
571,Class_III_C104F2x10000,III,test,0,512,256,18546,28.29895,0,0.0,42763,65.25116,4227,6.44989,0,0.0,False,0,0.0,65536
572,Class_III_C104F2x10000,III,test,0,640,256,22937,34.999084,0,0.0,41078,62.680054,1521,2.320862,0,0.0,False,0,0.0,65536
573,Class_III_C104F2x10000,III,test,0,768,256,16405,25.032043,0,0.0,46735,71.311951,2396,3.656006,0,0.0,False,0,0.0,65536
574,Class_III_C104F2x10000,III,test,0,896,256,14991,22.874451,0,0.0,44730,68.252563,5815,8.872986,0,0.0,False,0,0.0,65536
575,Class_III_C104F2x10000,III,test,0,1024,256,18988,28.973389,0,0.0,40280,61.462402,6268,9.564209,0,0.0,False,0,0.0,65536
576,Class_III_C104F2x10000,III,test,128,0,256,14548,22.198486,0,0.0,41413,63.191223,9286,14.169312,289,0.440979,True,289,0.440979,65536
577,Class_III_C104F2x10000,III,test,128,128,256,14544,22.192383,0,0.0,46536,71.008301,4447,6.785583,9,0.013733,True,9,0.013733,65536
578,Class_III_C104F2x10000,III,test,128,256,256,26326,40.170288,0,0.0,37983,57.957458,1227,1.872253,0,0.0,False,0,0.0,65536
579,Class_III_C104F2x10000,III,test,128,384,256,31887,48.655701,0,0.0,30688,46.826172,2961,4.518127,0,0.0,False,0,0.0,65536
580,Class_III_C104F2x10000,III,test,128,512,256,24786,37.820435,0,0.0,37630,57.418823,3120,4.760742,0,0.0,False,0,0.0,65536
581,Class_III_C104F2x10000,III,test,128,640,256,23993,36.610413,0,0.0,41325,63.056946,218,0.332642,0,0.0,False,0,0.0,65536
582,Class_III_C104F2x10000,III,test,128,768,256,20341,31.037903,0,0.0,44602,68.057251,593,0.904846,0,0.0,False,0,0.0,65536
583,Class_III_C104F2x10000,III,test,128,896,256,16719,25.511169,0,0.0,47796,72.930908,1021,1.557922,0,0.0,False,0,0.0,65536
584,Class_III_C104F2x10000,III,test,128,1024,256,16170,24.673462,0,0.0,46888,71.54541,2478,3.781128,0,0.0,False,0,0.0,65536
585,Class_III_C104F2x10000,III,test,256,0,256,19745,30.128479,0,0.0,40234,61.392212,5451,8.317566,106,0.161743,True,106,0.161743,65536
586,Class_III_C104F2x10000,III,test,256,128,256,14033,21.412659,0,0.0,45176,68.933105,6221,9.492493,106,0.161743,True,106,0.161743,65536
587,Class_III_C104F2x10000,III,test,256,256,256,21509,32.820129,0,0.0,39982,61.00769,3803,5.802917,242,0.369263,True,242,0.369263,65536
588,Class_III_C104F2x10000,III,test,256,384,256,38434,58.64563,0,0.0,24944,38.061523,1916,2.923584,242,0.369263,True,242,0.369263,65536
589,Class_III_C104F2x10000,III,test,256,512,256,30760,46.936035,0,0.0,33864,51.672363,912,1.391602,0,0.0,False,0,0.0,65536
590,Class_III_C104F2x10000,III,test,256,640,256,15885,24.238586,0,0.0,44114,67.312622,5537,8.448792,0,0.0,False,0,0.0,65536
591,Class_III_C104F2x10000,III,test,256,768,256,18460,28.167725,0,0.0,41223,62.901306,5853,8.930969,0,0.0,False,0,0.0,65536
592,Class_III_C104F2x10000,III,test,256,896,256,15456,23.583984,0,0.0,48365,73.799133,1715,2.616882,0,0.0,False,0,0.0,65536
593,Class_III_C104F2x10000,III,test,256,1024,256,9777,14.918518,0,0.0,49458,75.466919,6087,9.288025,214,0.326538,True,214,0.326538,65536
594,Class_III_C104F2x10000,III,test,384,0,256,18384,28.051758,0,0.0,41265,62.965393,5629,8.589172,258,0.393677,True,258,0.393677,65536
595,Class_III_C104F2x10000,III,test,384,128,256,17017,25.965881,0,0.0,42460,64.788818,5761,8.790588,298,0.454712,True,298,0.454712,65536
596,Class_III_C104F2x10000,III,test,384,256,256,17269,26.350403,0,0.0,40487,61.778259,7236,11.04126,544,0.830078,True,544,0.830078,65536
597,Class_III_C104F2x10000,III,test,384,384,256,26833,40.943909,0,0.0,33474,51.077271,4725,7.209778,504,0.769043,True,504,0.769043,65536
598,Class_III_C104F2x10000,III,test,384,512,256,30136,45.983887,0,0.0,34196,52.178955,1204,1.837158,0,0.0,False,0,0.0,65536
599,Class_III_C104F2x10000,III,test,384,640,256,19326,29.489136,0,0.0,40440,61.706543,5770,8.804321,0,0.0,False,0,0.0,65536
600,Class_III_C104F2x10000,III,test,384,768,256,19475,29.716492,0,0.0,39667,60.527039,6394,9.75647,0,0.0,False,0,0.0,65536
601,Class_III_C104F2x10000,III,test,384,896,256,21167,32.298279,0,0.0,42541,64.912415,1828,2.789307,0,0.0,False,0,0.0,65536
602,Class_III_C104F2x10000,III,test,384,1024,256,16003,24.41864,0,0.0,45155,68.901062,4164,6.35376,214,0.326538,True,214,0.326538,65536
603,Class_III_C104F2x10000,III,test,512,0,256,23130,35.293579,0,0.0,39539,60.331726,2715,4.142761,152,0.231934,True,152,0.231934,65536
604,Class_III_C104F2x10000,III,test,512,128,256,22176,33.837891,0,0.0,40162,61.282349,3006,4.586792,192,0.292969,True,192,0.292969,65536
605,Class_III_C104F2x10000,III,test,512,256,256,16679,25.450134,0,0.0,40171,61.296082,8384,12.792969,302,0.460815,True,302,0.460815,65536
606,Class_III_C104F2x10000,III,test,512,384,256,16647,25.401306,0,0.0,41081,62.684631,7457,11.378479,351,0.535583,True,351,0.535583,65536
607,Class_III_C104F2x10000,III,test,512,512,256,17221,26.277161,0,0.0,44199,67.442322,4027,6.144714,89,0.135803,True,89,0.135803,65536
608,Class_III_C104F2x10000,III,test,512,640,256,16496,25.170898,0,0.0,46081,70.314026,2959,4.515076,0,0.0,False,0,0.0,65536
609,Class_III_C104F2x10000,III,test,512,768,256,22734,34.689331,0,0.0,39119,59.690857,3590,5.477905,93,0.141907,True,93,0.141907,65536
610,Class_III_C104F2x10000,III,test,512,896,256,24406,37.240601,0,0.0,34182,52.157593,6855,10.4599,93,0.141907,True,93,0.141907,65536
611,Class_III_C104F2x10000,III,test,512,1024,256,21663,33.055115,0,0.0,40082,61.160278,3791,5.784607,0,0.0,False,0,0.0,65536
612,Class_III_C104F2x10000,III,test,640,0,256,24570,37.490845,0,0.0,39117,59.687805,1849,2.82135,0,0.0,False,0,0.0,65536
613,Class_III_C104F2x10000,III,test,640,128,256,21847,33.335876,0,0.0,43213,65.937805,476,0.726318,0,0.0,False,0,0.0,65536
614,Class_III_C104F2x10000,III,test,640,256,256,14325,21.858215,0,0.0,44360,67.687988,6851,10.453796,0,0.0,False,0,0.0,65536
615,Class_III_C104F2x10000,III,test,640,384,256,12645,19.294739,0,0.0,44637,68.110657,8165,12.458801,89,0.135803,True,89,0.135803,65536
616,Class_III_C104F2x10000,III,test,640,512,256,4292,6.549072,0,0.0,55888,85.27832,5164,7.879639,192,0.292969,True,192,0.292969,65536
617,Class_III_C104F2x10000,III,test,640,640,256,3973,6.062317,0,0.0,57533,87.788391,3927,5.992126,103,0.157166,True,103,0.157166,65536
618,Class_III_C104F2x10000,III,test,640,768,256,13007,19.847107,0,0.0,49503,75.535583,2933,4.475403,93,0.141907,True,93,0.141907,65536
619,Class_III_C104F2x10000,III,test,640,896,256,14045,21.430969,0,0.0,45035,68.717957,6363,9.709167,93,0.141907,True,93,0.141907,65536
620,Class_III_C104F2x10000,III,test,640,1024,256,10884,16.607666,0,0.0,49636,75.738525,5016,7.653809,0,0.0,False,0,0.0,65536
621,Class_III_C104F2x10000,III,test,703,0,256,24712,37.70752,0,0.0,39087,59.642029,1737,2.650452,0,0.0,False,0,0.0,65536
622,Class_III_C104F2x10000,III,test,703,128,256,24302,37.081909,0,0.0,40178,61.306763,1056,1.611328,0,0.0,False,0,0.0,65536
623,Class_III_C104F2x10000,III,test,703,256,256,16261,24.812317,0,0.0,41461,63.264465,7814,11.923218,0,0.0,False,0,0.0,65536
624,Class_III_C104F2x10000,III,test,703,384,256,9855,15.037537,0,0.0,46701,71.260071,8980,13.702393,0,0.0,False,0,0.0,65536
625,Class_III_C104F2x10000,III,test,703,512,256,1324,2.020264,0,0.0,60745,92.689514,3364,5.133057,103,0.157166,True,103,0.157166,65536
626,Class_III_C104F2x10000,III,test,703,640,256,2383,3.636169,0,0.0,61360,93.62793,1690,2.578735,103,0.157166,True,103,0.157166,65536
627,Class_III_C104F2x10000,III,test,703,768,256,7248,11.05957,0,0.0,55410,84.54895,2785,4.249573,93,0.141907,True,93,0.141907,65536
628,Class_III_C104F2x10000,III,test,703,896,256,6084,9.283447,0,0.0,54279,82.823181,5080,7.751465,93,0.141907,True,93,0.141907,65536
629,Class_III_C104F2x10000,III,test,703,1024,256,5022,7.662964,0,0.0,56638,86.422729,3876,5.914307,0,0.0,False,0,0.0,65536
630,Class_III_C104F2x10000_2,III,train,0,0,256,10181,15.534973,0,0.0,47541,72.541809,7691,11.735535,123,0.187683,True,123,0.187683,65536
631,Class_III_C104F2x10000_2,III,train,0,128,256,11956,18.243408,0,0.0,43541,66.438293,10039,15.318298,0,0.0,False,0,0.0,65536
632,Class_III_C104F2x10000_2,III,train,0,256,256,15638,23.861694,0,0.0,39292,59.954834,10563,16.117859,43,0.065613,True,43,0.065613,65536
633,Class_III_C104F2x10000_2,III,train,0,384,256,15603,23.808289,0,0.0,40919,62.437439,8971,13.68866,43,0.065613,True,43,0.065613,65536
634,Class_III_C104F2x10000_2,III,train,0,512,256,19979,30.485535,0,0.0,42427,64.738464,3130,4.776001,0,0.0,False,0,0.0,65536
635,Class_III_C104F2x10000_2,III,train,0,640,256,21159,32.286072,0,0.0,41393,63.160706,2952,4.504395,32,0.048828,True,32,0.048828,65536
636,Class_III_C104F2x10000_2,III,train,0,768,256,17572,26.812744,0,0.0,40763,62.199402,7169,10.939026,32,0.048828,True,32,0.048828,65536
637,Class_III_C104F2x10000_2,III,train,0,896,256,19246,29.367065,0,0.0,39842,60.794067,6448,9.838867,0,0.0,False,0,0.0,65536
638,Class_III_C104F2x10000_2,III,train,0,1024,256,26194,39.968872,0,0.0,33727,51.463318,5472,8.349609,143,0.218201,True,143,0.218201,65536
639,Class_III_C104F2x10000_2,III,train,128,0,256,15675,23.918152,0,0.0,46182,70.46814,3679,5.613708,0,0.0,False,0,0.0,65536
640,Class_III_C104F2x10000_2,III,train,128,128,256,18847,28.75824,0,0.0,41744,63.696289,4938,7.53479,7,0.010681,True,7,0.010681,65536
641,Class_III_C104F2x10000_2,III,train,128,256,256,19260,29.388428,0,0.0,37089,56.593323,9137,13.941956,50,0.076294,True,50,0.076294,65536
642,Class_III_C104F2x10000_2,III,train,128,384,256,19215,29.319763,0,0.0,37207,56.773376,8994,13.723755,120,0.183105,True,120,0.183105,65536
643,Class_III_C104F2x10000_2,III,train,128,512,256,24474,37.34436,0,0.0,38399,58.592224,2586,3.945923,77,0.117493,True,77,0.117493,65536
644,Class_III_C104F2x10000_2,III,train,128,640,256,26965,41.145325,0,0.0,37391,57.054138,1148,1.751709,32,0.048828,True,32,0.048828,65536
645,Class_III_C104F2x10000_2,III,train,128,768,256,21870,33.370972,0,0.0,38718,59.078979,4916,7.501221,32,0.048828,True,32,0.048828,65536
646,Class_III_C104F2x10000_2,III,train,128,896,256,21429,32.698059,0,0.0,38146,58.206177,5961,9.095764,0,0.0,False,0,0.0,65536
647,Class_III_C104F2x10000_2,III,train,128,1024,256,28002,42.727661,0,0.0,33302,50.814819,4232,6.45752,0,0.0,False,0,0.0,65536
648,Class_III_C104F2x10000_2,III,train,256,0,256,24323,37.113953,0,0.0,40248,61.413574,965,1.472473,0,0.0,False,0,0.0,65536
649,Class_III_C104F2x10000_2,III,train,256,128,256,30670,46.798706,0,0.0,34229,52.229309,630,0.961304,7,0.010681,True,7,0.010681,65536
650,Class_III_C104F2x10000_2,III,train,256,256,256,27250,41.5802,0,0.0,34862,53.19519,3417,5.213928,7,0.010681,True,7,0.010681,65536
651,Class_III_C104F2x10000_2,III,train,256,384,256,24402,37.234497,0,0.0,36562,55.789185,4495,6.858826,77,0.117493,True,77,0.117493,65536
652,Class_III_C104F2x10000_2,III,train,256,512,256,25362,38.699341,0,0.0,35893,54.768372,4164,6.35376,117,0.178528,True,117,0.178528,65536
653,Class_III_C104F2x10000_2,III,train,256,640,256,24939,38.053894,0,0.0,36395,55.534363,4159,6.34613,43,0.065613,True,43,0.065613,65536
654,Class_III_C104F2x10000_2,III,train,256,768,256,25996,39.666748,0,0.0,35335,53.916931,4202,6.411743,3,0.004578,True,3,0.004578,65536
655,Class_III_C104F2x10000_2,III,train,256,896,256,25556,38.995361,0,0.0,33135,50.559998,6669,10.176086,176,0.268555,True,176,0.268555,65536
656,Class_III_C104F2x10000_2,III,train,256,1024,256,25258,38.540649,0,0.0,32527,49.632263,7575,11.558533,176,0.268555,True,176,0.268555,65536
657,Class_III_C104F2x10000_2,III,train,384,0,256,29192,44.543457,0,0.0,33890,51.712036,2454,3.744507,0,0.0,False,0,0.0,65536
658,Class_III_C104F2x10000_2,III,train,384,128,256,29262,44.650269,0,0.0,33013,50.37384,3261,4.975891,0,0.0,False,0,0.0,65536
659,Class_III_C104F2x10000_2,III,train,384,256,256,24662,37.631226,0,0.0,35291,53.849792,5409,8.253479,174,0.265503,True,174,0.265503,65536
660,Class_III_C104F2x10000_2,III,train,384,384,256,28747,43.864441,0,0.0,30621,46.723938,5994,9.146118,174,0.265503,True,174,0.265503,65536
661,Class_III_C104F2x10000_2,III,train,384,512,256,26977,41.163635,0,0.0,33483,51.091003,5036,7.684326,40,0.061035,True,40,0.061035,65536
662,Class_III_C104F2x10000_2,III,train,384,640,256,17369,26.502991,0,0.0,41727,63.670349,6338,9.671021,102,0.15564,True,102,0.15564,65536
663,Class_III_C104F2x10000_2,III,train,384,768,256,20031,30.56488,0,0.0,36832,56.201172,8611,13.139343,62,0.094604,True,62,0.094604,65536
664,Class_III_C104F2x10000_2,III,train,384,896,256,18988,28.973389,0,0.0,35342,53.927612,11030,16.830444,176,0.268555,True,176,0.268555,65536
665,Class_III_C104F2x10000_2,III,train,384,1024,256,22977,35.06012,0,0.0,32874,50.161743,9509,14.509583,176,0.268555,True,176,0.268555,65536
666,Class_III_C104F2x10000_2,III,train,512,0,256,32128,49.023438,0,0.0,30495,46.531677,2913,4.444885,0,0.0,False,0,0.0,65536
667,Class_III_C104F2x10000_2,III,train,512,128,256,29242,44.619751,0,0.0,32430,49.484253,3864,5.895996,0,0.0,False,0,0.0,65536
668,Class_III_C104F2x10000_2,III,train,512,256,256,33528,51.159668,0,0.0,26847,40.965271,4987,7.609558,174,0.265503,True,174,0.265503,65536
669,Class_III_C104F2x10000_2,III,train,512,384,256,37297,56.910706,0,0.0,21122,32.229614,6855,10.4599,262,0.39978,True,262,0.39978,65536
670,Class_III_C104F2x10000_2,III,train,512,512,256,30988,47.283936,0,0.0,30219,46.110535,4241,6.471252,88,0.134277,True,88,0.134277,65536
671,Class_III_C104F2x10000_2,III,train,512,640,256,20268,30.926514,0,0.0,43019,65.641785,2190,3.341675,59,0.090027,True,59,0.090027,65536
672,Class_III_C104F2x10000_2,III,train,512,768,256,16181,24.690247,0,0.0,41800,63.781738,7496,11.437988,59,0.090027,True,59,0.090027,65536
673,Class_III_C104F2x10000_2,III,train,512,896,256,13818,21.084595,0,0.0,38716,59.075928,13002,19.839478,0,0.0,False,0,0.0,65536
674,Class_III_C104F2x10000_2,III,train,512,1024,256,25764,39.312744,0,0.0,30593,46.681213,9079,13.853455,100,0.152588,True,100,0.152588,65536
675,Class_III_C104F2x10000_2,III,train,640,0,256,29536,45.068359,0,0.0,34642,52.859497,1358,2.072144,0,0.0,False,0,0.0,65536
676,Class_III_C104F2x10000_2,III,train,640,128,256,31762,48.464966,0,0.0,32580,49.713135,1194,1.821899,0,0.0,False,0,0.0,65536
677,Class_III_C104F2x10000_2,III,train,640,256,256,31782,48.495483,0,0.0,31946,48.745728,1808,2.758789,0,0.0,False,0,0.0,65536
678,Class_III_C104F2x10000_2,III,train,640,384,256,28695,43.785095,0,0.0,32286,49.264526,4467,6.816101,88,0.134277,True,88,0.134277,65536
679,Class_III_C104F2x10000_2,III,train,640,512,256,23964,36.566162,0,0.0,37297,56.910706,4072,6.213379,203,0.309753,True,203,0.309753,65536
680,Class_III_C104F2x10000_2,III,train,640,640,256,24754,37.771606,0,0.0,39788,60.71167,879,1.341248,115,0.175476,True,115,0.175476,65536
681,Class_III_C104F2x10000_2,III,train,640,768,256,25423,38.792419,0,0.0,38286,58.4198,1827,2.787781,0,0.0,False,0,0.0,65536
682,Class_III_C104F2x10000_2,III,train,640,896,256,18083,27.592468,0,0.0,39797,60.725403,7656,11.682129,0,0.0,False,0,0.0,65536
683,Class_III_C104F2x10000_2,III,train,640,1024,256,25802,39.370728,0,0.0,32306,49.295044,7328,11.181641,100,0.152588,True,100,0.152588,65536
684,Class_III_C104F2x10000_2,III,train,703,0,256,27463,41.905212,0,0.0,36715,56.022644,1358,2.072144,0,0.0,False,0,0.0,65536
685,Class_III_C104F2x10000_2,III,train,703,128,256,29068,44.354248,0,0.0,35808,54.638672,660,1.00708,0,0.0,False,0,0.0,65536
686,Class_III_C104F2x10000_2,III,train,703,256,256,25658,39.151001,0,0.0,37961,57.923889,1917,2.92511,0,0.0,False,0,0.0,65536
687,Class_III_C104F2x10000_2,III,train,703,384,256,24324,37.115479,0,0.0,37919,57.859802,3293,5.024719,0,0.0,False,0,0.0,65536
688,Class_III_C104F2x10000_2,III,train,703,512,256,22756,34.7229,0,0.0,40410,61.660767,2255,3.440857,115,0.175476,True,115,0.175476,65536
689,Class_III_C104F2x10000_2,III,train,703,640,256,23321,35.585022,0,0.0,40414,61.66687,1686,2.572632,115,0.175476,True,115,0.175476,65536
690,Class_III_C104F2x10000_2,III,train,703,768,256,25134,38.35144,0,0.0,36895,56.297302,3507,5.351257,0,0.0,False,0,0.0,65536
691,Class_III_C104F2x10000_2,III,train,703,896,256,20039,30.577087,0,0.0,38826,59.243774,6671,10.179138,0,0.0,False,0,0.0,65536
692,Class_III_C104F2x10000_2,III,train,703,1024,256,31211,47.624207,0,0.0,30354,46.316528,3971,6.059265,0,0.0,False,0,0.0,65536
693,Class_III_C104F2x10000_3,III,val,0,0,256,13545,20.66803,0,0.0,48263,73.643494,3578,5.459595,150,0.228882,True,150,0.228882,65536
694,Class_III_C104F2x10000_3,III,val,0,128,256,12371,18.876648,0,0.0,40802,62.258911,12363,18.864441,0,0.0,False,0,0.0,65536
695,Class_III_C104F2x10000_3,III,val,0,256,256,12749,19.45343,0,0.0,40426,61.685181,12312,18.786621,49,0.074768,True,49,0.074768,65536
696,Class_III_C104F2x10000_3,III,val,0,384,256,12640,19.287109,0,0.0,46526,70.993042,6027,9.196472,343,0.523376,True,343,0.523376,65536
697,Class_III_C104F2x10000_3,III,val,0,512,256,13297,20.289612,0,0.0,45729,69.776917,6180,9.429932,330,0.50354,True,330,0.50354,65536
698,Class_III_C104F2x10000_3,III,val,0,640,256,14893,22.724915,0,0.0,47768,72.888184,2839,4.33197,36,0.054932,True,36,0.054932,65536
699,Class_III_C104F2x10000_3,III,val,0,768,256,15112,23.059082,0,0.0,48415,73.875427,2009,3.065491,0,0.0,False,0,0.0,65536
700,Class_III_C104F2x10000_3,III,val,0,896,256,15356,23.431396,0,0.0,47731,72.831726,2394,3.652954,55,0.083923,True,55,0.083923,65536
701,Class_III_C104F2x10000_3,III,val,0,1024,256,16100,24.56665,0,0.0,48113,73.414612,1268,1.934814,55,0.083923,True,55,0.083923,65536
702,Class_III_C104F2x10000_3,III,val,128,0,256,16003,24.41864,0,0.0,45607,69.590759,3653,5.574036,273,0.416565,True,273,0.416565,65536
703,Class_III_C104F2x10000_3,III,val,128,128,256,18028,27.508545,0,0.0,39794,60.720825,7548,11.517334,166,0.253296,True,166,0.253296,65536
704,Class_III_C104F2x10000_3,III,val,128,256,256,15539,23.710632,0,0.0,42717,65.180969,7186,10.964966,94,0.143433,True,94,0.143433,65536
705,Class_III_C104F2x10000_3,III,val,128,384,256,12354,18.850708,0,0.0,46279,70.61615,6558,10.006714,345,0.526428,True,345,0.526428,65536
706,Class_III_C104F2x10000_3,III,val,128,512,256,11635,17.753601,0,0.0,47415,72.349548,6149,9.382629,337,0.514221,True,337,0.514221,65536
707,Class_III_C104F2x10000_3,III,val,128,640,256,13899,21.208191,0,0.0,48490,73.989868,3104,4.736328,43,0.065613,True,43,0.065613,65536
708,Class_III_C104F2x10000_3,III,val,128,768,256,14417,21.998596,0,0.0,48215,73.570251,2829,4.316711,75,0.114441,True,75,0.114441,65536
709,Class_III_C104F2x10000_3,III,val,128,896,256,13470,20.553589,0,0.0,48509,74.01886,3482,5.31311,75,0.114441,True,75,0.114441,65536
710,Class_III_C104F2x10000_3,III,val,128,1024,256,15125,23.078918,0,0.0,47385,72.303772,3026,4.61731,0,0.0,False,0,0.0,65536
711,Class_III_C104F2x10000_3,III,val,256,0,256,17967,27.415466,0,0.0,46185,70.472717,1261,1.924133,123,0.187683,True,123,0.187683,65536
712,Class_III_C104F2x10000_3,III,val,256,128,256,18280,27.893066,0,0.0,44869,68.464661,2123,3.239441,264,0.402832,True,264,0.402832,65536
713,Class_III_C104F2x10000_3,III,val,256,256,256,15658,23.892212,0,0.0,45731,69.779968,3961,6.044006,186,0.283813,True,186,0.283813,65536
714,Class_III_C104F2x10000_3,III,val,256,384,256,12455,19.004822,0,0.0,48056,73.327637,4980,7.598877,45,0.068665,True,45,0.068665,65536
715,Class_III_C104F2x10000_3,III,val,256,512,256,11712,17.871094,0,0.0,49396,75.372314,4307,6.57196,121,0.184631,True,121,0.184631,65536
716,Class_III_C104F2x10000_3,III,val,256,640,256,12272,18.725586,0,0.0,46955,71.647644,6020,9.185791,289,0.440979,True,289,0.440979,65536
717,Class_III_C104F2x10000_3,III,val,256,768,256,13657,20.838928,0,0.0,46355,70.732117,5281,8.058167,243,0.370789,True,243,0.370789,65536
718,Class_III_C104F2x10000_3,III,val,256,896,256,12114,18.484497,0,0.0,47843,73.002625,5504,8.398438,75,0.114441,True,75,0.114441,65536
719,Class_III_C104F2x10000_3,III,val,256,1024,256,12582,19.198608,0,0.0,47814,72.958374,5073,7.740784,67,0.102234,True,67,0.102234,65536
720,Class_III_C104F2x10000_3,III,val,384,0,256,15716,23.980713,0,0.0,49046,74.838257,774,1.18103,0,0.0,False,0,0.0,65536
721,Class_III_C104F2x10000_3,III,val,384,128,256,13726,20.944214,0,0.0,49223,75.108337,2489,3.797913,98,0.149536,True,98,0.149536,65536
722,Class_III_C104F2x10000_3,III,val,384,256,256,11400,17.39502,0,0.0,45096,68.811035,8644,13.189697,396,0.604248,True,396,0.604248,65536
723,Class_III_C104F2x10000_3,III,val,384,384,256,11558,17.636108,0,0.0,44752,68.286133,8850,13.504028,376,0.57373,True,376,0.57373,65536
724,Class_III_C104F2x10000_3,III,val,384,512,256,12881,19.654846,0,0.0,48468,73.956299,4019,6.132507,168,0.256348,True,168,0.256348,65536
725,Class_III_C104F2x10000_3,III,val,384,640,256,12155,18.547058,0,0.0,47951,73.167419,5091,7.76825,339,0.517273,True,339,0.517273,65536
726,Class_III_C104F2x10000_3,III,val,384,768,256,13772,21.014404,0,0.0,46291,70.63446,5172,7.891846,301,0.45929,True,301,0.45929,65536
727,Class_III_C104F2x10000_3,III,val,384,896,256,13398,20.443726,0,0.0,47152,71.948242,4934,7.528687,52,0.079346,True,52,0.079346,65536
728,Class_III_C104F2x10000_3,III,val,384,1024,256,13600,20.751953,0,0.0,47020,71.746826,4849,7.398987,67,0.102234,True,67,0.102234,65536
729,Class_III_C104F2x10000_3,III,val,512,0,256,15766,24.057007,0,0.0,46235,70.549011,3413,5.207825,122,0.186157,True,122,0.186157,65536
730,Class_III_C104F2x10000_3,III,val,512,128,256,15051,22.966003,0,0.0,47067,71.818542,3418,5.215454,0,0.0,False,0,0.0,65536
731,Class_III_C104F2x10000_3,III,val,512,256,256,10571,16.130066,0,0.0,44817,68.385315,9809,14.967346,339,0.517273,True,339,0.517273,65536
732,Class_III_C104F2x10000_3,III,val,512,384,256,10868,16.583252,0,0.0,42655,65.086365,11327,17.28363,686,1.046753,True,686,1.046753,65536
733,Class_III_C104F2x10000_3,III,val,512,512,256,14428,22.015381,0,0.0,46295,70.640564,4407,6.724548,406,0.619507,True,406,0.619507,65536
734,Class_III_C104F2x10000_3,III,val,512,640,256,15663,23.899841,0,0.0,47931,73.136902,1802,2.749634,140,0.213623,True,140,0.213623,65536
735,Class_III_C104F2x10000_3,III,val,512,768,256,15733,24.006653,0,0.0,47098,71.865845,2572,3.924561,133,0.202942,True,133,0.202942,65536
736,Class_III_C104F2x10000_3,III,val,512,896,256,15372,23.455811,0,0.0,47094,71.859741,3018,4.605103,52,0.079346,True,52,0.079346,65536
737,Class_III_C104F2x10000_3,III,val,512,1024,256,14888,22.717285,0,0.0,45355,69.206238,5029,7.673645,264,0.402832,True,264,0.402832,65536
738,Class_III_C104F2x10000_3,III,val,640,0,256,17675,26.96991,0,0.0,42774,65.267944,4965,7.575989,122,0.186157,True,122,0.186157,65536
739,Class_III_C104F2x10000_3,III,val,640,128,256,14524,22.161865,0,0.0,44967,68.614197,5826,8.889771,219,0.334167,True,219,0.334167,65536
740,Class_III_C104F2x10000_3,III,val,640,256,256,12898,19.680786,0,0.0,45291,69.108582,7010,10.696411,337,0.514221,True,337,0.514221,65536
741,Class_III_C104F2x10000_3,III,val,640,384,256,14014,21.383667,0,0.0,45612,69.598389,5523,8.427429,387,0.590515,True,387,0.590515,65536
742,Class_III_C104F2x10000_3,III,val,640,512,256,15796,24.102783,0,0.0,46710,71.273804,2702,4.122925,328,0.500488,True,328,0.500488,65536
743,Class_III_C104F2x10000_3,III,val,640,640,256,16917,25.813293,0,0.0,46279,70.61615,2154,3.286743,186,0.283813,True,186,0.283813,65536
744,Class_III_C104F2x10000_3,III,val,640,768,256,14554,22.207642,0,0.0,46787,71.391296,3879,5.918884,316,0.482178,True,316,0.482178,65536
745,Class_III_C104F2x10000_3,III,val,640,896,256,13404,20.452881,0,0.0,48794,74.453735,3149,4.804993,189,0.288391,True,189,0.288391,65536
746,Class_III_C104F2x10000_3,III,val,640,1024,256,14275,21.781921,0,0.0,46952,71.643066,3962,6.045532,347,0.52948,True,347,0.52948,65536
747,Class_III_C104F2x10000_3,III,val,703,0,256,18210,27.786255,0,0.0,41597,63.471985,5607,8.555603,122,0.186157,True,122,0.186157,65536
748,Class_III_C104F2x10000_3,III,val,703,128,256,14709,22.444153,0,0.0,45098,68.814087,5510,8.407593,219,0.334167,True,219,0.334167,65536
749,Class_III_C104F2x10000_3,III,val,703,256,256,14169,21.620178,0,0.0,45688,69.714355,5383,8.213806,296,0.45166,True,296,0.45166,65536
750,Class_III_C104F2x10000_3,III,val,703,384,256,15703,23.960876,0,0.0,47137,71.925354,2586,3.945923,110,0.167847,True,110,0.167847,65536
751,Class_III_C104F2x10000_3,III,val,703,512,256,15870,24.215698,0,0.0,48081,73.365784,1505,2.296448,80,0.12207,True,80,0.12207,65536
752,Class_III_C104F2x10000_3,III,val,703,640,256,15712,23.974609,0,0.0,47123,71.903992,2527,3.855896,174,0.265503,True,174,0.265503,65536
753,Class_III_C104F2x10000_3,III,val,703,768,256,13936,21.264648,0,0.0,46674,71.218872,4544,6.933594,382,0.582886,True,382,0.582886,65536
754,Class_III_C104F2x10000_3,III,val,703,896,256,12607,19.236755,0,0.0,49045,74.836731,3629,5.537415,255,0.389099,True,255,0.389099,65536
755,Class_III_C104F2x10000_3,III,val,703,1024,256,14485,22.102356,0,0.0,46859,71.50116,3845,5.867004,347,0.52948,True,347,0.52948,65536
756,Class_III_C104F2x10000_4,III,test,0,0,256,20021,30.549622,0,0.0,39548,60.345459,5666,8.64563,301,0.45929,True,301,0.45929,65536
757,Class_III_C104F2x10000_4,III,test,0,128,256,22058,33.657837,0,0.0,37949,57.905579,5439,8.299255,90,0.137329,True,90,0.137329,65536
758,Class_III_C104F2x10000_4,III,test,0,256,256,27755,42.350769,0,0.0,30940,47.210693,6669,10.176086,172,0.262451,True,172,0.262451,65536
759,Class_III_C104F2x10000_4,III,test,0,384,256,25944,39.587402,0,0.0,35479,54.136658,4031,6.150818,82,0.125122,True,82,0.125122,65536
760,Class_III_C104F2x10000_4,III,test,0,512,256,23456,35.791016,0,0.0,40803,62.260437,1205,1.838684,72,0.109863,True,72,0.109863,65536
761,Class_III_C104F2x10000_4,III,test,0,640,256,18742,28.598022,0,0.0,43943,67.051697,2748,4.193115,103,0.157166,True,103,0.157166,65536
762,Class_III_C104F2x10000_4,III,test,0,768,256,13331,20.341492,0,0.0,47899,73.088074,4101,6.257629,205,0.312805,True,205,0.312805,65536
763,Class_III_C104F2x10000_4,III,test,0,896,256,13481,20.570374,0,0.0,48640,74.21875,3143,4.795837,272,0.415039,True,272,0.415039,65536
764,Class_III_C104F2x10000_4,III,test,0,1024,256,16893,25.776672,0,0.0,47298,72.171021,1179,1.799011,166,0.253296,True,166,0.253296,65536
765,Class_III_C104F2x10000_4,III,test,128,0,256,21128,32.23877,0,0.0,41000,62.561035,3285,5.012512,123,0.187683,True,123,0.187683,65536
766,Class_III_C104F2x10000_4,III,test,128,128,256,22094,33.712769,0,0.0,41393,63.160706,1959,2.989197,90,0.137329,True,90,0.137329,65536
767,Class_III_C104F2x10000_4,III,test,128,256,256,23501,35.85968,0,0.0,34571,52.75116,7292,11.126709,172,0.262451,True,172,0.262451,65536
768,Class_III_C104F2x10000_4,III,test,128,384,256,19791,30.198669,0,0.0,39421,60.151672,6242,9.524536,82,0.125122,True,82,0.125122,65536
769,Class_III_C104F2x10000_4,III,test,128,512,256,19588,29.888916,0,0.0,44410,67.764282,1439,2.19574,99,0.151062,True,99,0.151062,65536
770,Class_III_C104F2x10000_4,III,test,128,640,256,12596,19.219971,0,0.0,46971,71.672058,5762,8.792114,207,0.315857,True,207,0.315857,65536
771,Class_III_C104F2x10000_4,III,test,128,768,256,4648,7.092285,0,0.0,51613,78.755188,8877,13.545227,398,0.6073,True,398,0.6073,65536
772,Class_III_C104F2x10000_4,III,test,128,896,256,10741,16.389465,0,0.0,48625,74.195862,5773,8.808899,397,0.605774,True,397,0.605774,65536
773,Class_III_C104F2x10000_4,III,test,128,1024,256,13088,19.970703,0,0.0,50114,76.467896,2091,3.190613,243,0.370789,True,243,0.370789,65536
774,Class_III_C104F2x10000_4,III,test,256,0,256,25563,39.006042,0,0.0,37791,57.66449,2182,3.329468,0,0.0,False,0,0.0,65536
775,Class_III_C104F2x10000_4,III,test,256,128,256,31109,47.468567,0,0.0,32500,49.591064,1905,2.906799,22,0.033569,True,22,0.033569,65536
776,Class_III_C104F2x10000_4,III,test,256,256,256,28519,43.516541,0,0.0,32234,49.185181,4761,7.264709,22,0.033569,True,22,0.033569,65536
777,Class_III_C104F2x10000_4,III,test,256,384,256,21473,32.765198,0,0.0,38391,58.580017,5672,8.654785,0,0.0,False,0,0.0,65536
778,Class_III_C104F2x10000_4,III,test,256,512,256,24616,37.561035,0,0.0,39414,60.140991,1479,2.256775,27,0.041199,True,27,0.041199,65536
779,Class_III_C104F2x10000_4,III,test,256,640,256,16584,25.305176,0,0.0,41052,62.640381,7607,11.607361,293,0.447083,True,293,0.447083,65536
780,Class_III_C104F2x10000_4,III,test,256,768,256,4491,6.852722,0,0.0,51128,78.015137,9497,14.491272,420,0.640869,True,420,0.640869,65536
781,Class_III_C104F2x10000_4,III,test,256,896,256,6924,10.565186,0,0.0,55691,84.977722,2758,4.208374,163,0.248718,True,163,0.248718,65536
782,Class_III_C104F2x10000_4,III,test,256,1024,256,5471,8.348083,0,0.0,59076,90.142822,912,1.391602,77,0.117493,True,77,0.117493,65536
783,Class_III_C104F2x10000_4,III,test,384,0,256,18845,28.755188,0,0.0,42932,65.509033,3639,5.552673,120,0.183105,True,120,0.183105,65536
784,Class_III_C104F2x10000_4,III,test,384,128,256,28994,44.241333,0,0.0,32690,49.880981,3710,5.661011,142,0.216675,True,142,0.216675,65536
785,Class_III_C104F2x10000_4,III,test,384,256,256,29779,45.439148,0,0.0,33829,51.618958,1800,2.746582,128,0.195312,True,128,0.195312,65536
786,Class_III_C104F2x10000_4,III,test,384,384,256,29053,44.33136,0,0.0,31802,48.526001,4575,6.980896,106,0.161743,True,106,0.161743,65536
787,Class_III_C104F2x10000_4,III,test,384,512,256,35886,54.75769,0,0.0,25398,38.754272,4252,6.488037,0,0.0,False,0,0.0,65536
788,Class_III_C104F2x10000_4,III,test,384,640,256,22213,33.894348,0,0.0,34207,52.19574,8858,13.516235,258,0.393677,True,258,0.393677,65536
789,Class_III_C104F2x10000_4,III,test,384,768,256,9288,14.172363,0,0.0,45456,69.360352,10421,15.901184,371,0.566101,True,371,0.566101,65536
790,Class_III_C104F2x10000_4,III,test,384,896,256,7820,11.932373,0,0.0,54109,82.563782,3412,5.206299,195,0.297546,True,195,0.297546,65536
791,Class_III_C104F2x10000_4,III,test,384,1024,256,1893,2.888489,0,0.0,62112,94.775391,1449,2.210999,82,0.125122,True,82,0.125122,65536
792,Class_III_C104F2x10000_4,III,test,512,0,256,13885,21.186829,0,0.0,48408,73.864746,3123,4.76532,120,0.183105,True,120,0.183105,65536
793,Class_III_C104F2x10000_4,III,test,512,128,256,23394,35.696411,0,0.0,38273,58.399963,3707,5.656433,162,0.247192,True,162,0.247192,65536
794,Class_III_C104F2x10000_4,III,test,512,256,256,23921,36.500549,0,0.0,37449,57.142639,3769,5.751038,397,0.605774,True,397,0.605774,65536
795,Class_III_C104F2x10000_4,III,test,512,384,256,22087,33.702087,0,0.0,35925,54.8172,7169,10.939026,355,0.541687,True,355,0.541687,65536
796,Class_III_C104F2x10000_4,III,test,512,512,256,28639,43.699646,0,0.0,29088,44.384766,7743,11.81488,66,0.100708,True,66,0.100708,65536
797,Class_III_C104F2x10000_4,III,test,512,640,256,31319,47.789001,0,0.0,26863,40.989685,7219,11.01532,135,0.205994,True,135,0.205994,65536
798,Class_III_C104F2x10000_4,III,test,512,768,256,34069,51.985168,0,0.0,25022,38.180542,6301,9.614563,144,0.219727,True,144,0.219727,65536
799,Class_III_C104F2x10000_4,III,test,512,896,256,21496,32.800293,0,0.0,40599,61.949158,3284,5.010986,157,0.239563,True,157,0.239563,65536
800,Class_III_C104F2x10000_4,III,test,512,1024,256,7190,10.971069,0,0.0,56815,86.69281,1449,2.210999,82,0.125122,True,82,0.125122,65536
801,Class_III_C104F2x10000_4,III,test,640,0,256,18336,27.978516,0,0.0,46105,70.350647,1095,1.670837,0,0.0,False,0,0.0,65536
802,Class_III_C104F2x10000_4,III,test,640,128,256,29340,44.769287,0,0.0,34475,52.604675,1679,2.561951,42,0.064087,True,42,0.064087,65536
803,Class_III_C104F2x10000_4,III,test,640,256,256,23971,36.576843,0,0.0,37413,57.087708,3822,5.831909,330,0.50354,True,330,0.50354,65536
804,Class_III_C104F2x10000_4,III,test,640,384,256,12587,19.206238,0,0.0,44528,67.944336,8133,12.409973,288,0.439453,True,288,0.439453,65536
805,Class_III_C104F2x10000_4,III,test,640,512,256,12638,19.284058,0,0.0,44647,68.125916,8185,12.489319,66,0.100708,True,66,0.100708,65536
806,Class_III_C104F2x10000_4,III,test,640,640,256,25914,39.541626,0,0.0,34347,52.409363,5209,7.948303,66,0.100708,True,66,0.100708,65536
807,Class_III_C104F2x10000_4,III,test,640,768,256,40802,62.258911,0,0.0,22815,34.812927,1919,2.928162,0,0.0,False,0,0.0,65536
808,Class_III_C104F2x10000_4,III,test,640,896,256,33256,50.744629,0,0.0,32280,49.255371,0,0.0,0,0.0,False,0,0.0,65536
809,Class_III_C104F2x10000_4,III,test,640,1024,256,18817,28.712463,0,0.0,46719,71.287537,0,0.0,0,0.0,False,0,0.0,65536
810,Class_III_C104F2x10000_4,III,test,703,0,256,18505,28.236389,0,0.0,47031,71.763611,0,0.0,0,0.0,False,0,0.0,65536
811,Class_III_C104F2x10000_4,III,test,703,128,256,27591,42.100525,0,0.0,37903,57.835388,42,0.064087,0,0.0,False,0,0.0,65536
812,Class_III_C104F2x10000_4,III,test,703,256,256,21067,32.145691,0,0.0,41339,63.078308,2976,4.541016,154,0.234985,True,154,0.234985,65536
813,Class_III_C104F2x10000_4,III,test,703,384,256,7132,10.882568,0,0.0,48777,74.427795,9357,14.277649,270,0.411987,True,270,0.411987,65536
814,Class_III_C104F2x10000_4,III,test,703,512,256,7501,11.445618,0,0.0,48727,74.351501,9126,13.925171,182,0.27771,True,182,0.27771,65536
815,Class_III_C104F2x10000_4,III,test,703,640,256,18879,28.807068,0,0.0,40798,62.252808,5793,8.839417,66,0.100708,True,66,0.100708,65536
816,Class_III_C104F2x10000_4,III,test,703,768,256,32110,48.995972,0,0.0,30336,46.289062,3090,4.714966,0,0.0,False,0,0.0,65536
817,Class_III_C104F2x10000_4,III,test,703,896,256,30245,46.150208,0,0.0,35291,53.849792,0,0.0,0,0.0,False,0,0.0,65536
818,Class_III_C104F2x10000_4,III,test,703,1024,256,18199,27.76947,0,0.0,47337,72.23053,0,0.0,0,0.0,False,0,0.0,65536
819,Class_III_C104F2x10000_5,III,val,0,0,256,42742,65.219116,0,0.0,21912,33.435059,882,1.345825,0,0.0,False,0,0.0,65536
820,Class_III_C104F2x10000_5,III,val,0,128,256,50686,77.340698,0,0.0,14850,22.659302,0,0.0,0,0.0,False,0,0.0,65536
821,Class_III_C104F2x10000_5,III,val,0,256,256,38856,59.289551,0,0.0,24071,36.729431,2373,3.620911,236,0.360107,True,236,0.360107,65536
822,Class_III_C104F2x10000_5,III,val,0,384,256,17470,26.657104,0,0.0,41945,64.002991,5788,8.831787,333,0.508118,True,333,0.508118,65536
823,Class_III_C104F2x10000_5,III,val,0,512,256,4925,7.514954,0,0.0,51251,78.20282,9227,14.079285,133,0.202942,True,133,0.202942,65536
824,Class_III_C104F2x10000_5,III,val,0,640,256,16416,25.048828,0,0.0,43272,66.027832,5812,8.868408,36,0.054932,True,36,0.054932,65536
825,Class_III_C104F2x10000_5,III,val,0,768,256,22432,34.228516,0,0.0,43080,65.734863,24,0.036621,0,0.0,False,0,0.0,65536
826,Class_III_C104F2x10000_5,III,val,0,896,256,15765,24.055481,0,0.0,44390,67.733765,5285,8.06427,96,0.146484,True,96,0.146484,65536
827,Class_III_C104F2x10000_5,III,val,0,1024,256,25724,39.251709,0,0.0,34455,52.574158,5261,8.027649,96,0.146484,True,96,0.146484,65536
828,Class_III_C104F2x10000_5,III,val,128,0,256,43734,66.732788,0,0.0,21716,33.135986,86,0.131226,0,0.0,False,0,0.0,65536
829,Class_III_C104F2x10000_5,III,val,128,128,256,43465,66.322327,0,0.0,22071,33.677673,0,0.0,0,0.0,False,0,0.0,65536
830,Class_III_C104F2x10000_5,III,val,128,256,256,33355,50.895691,0,0.0,28977,44.215393,2968,4.528809,236,0.360107,True,236,0.360107,65536
831,Class_III_C104F2x10000_5,III,val,128,384,256,20034,30.569458,0,0.0,38963,59.45282,6148,9.381104,391,0.596619,True,391,0.596619,65536
832,Class_III_C104F2x10000_5,III,val,128,512,256,18713,28.553772,0,0.0,42710,65.170288,3922,5.984497,191,0.291443,True,191,0.291443,65536
833,Class_III_C104F2x10000_5,III,val,128,640,256,18486,28.207397,0,0.0,46272,70.605469,742,1.132202,36,0.054932,True,36,0.054932,65536
834,Class_III_C104F2x10000_5,III,val,128,768,256,17719,27.037048,0,0.0,47793,72.926331,24,0.036621,0,0.0,False,0,0.0,65536
835,Class_III_C104F2x10000_5,III,val,128,896,256,17759,27.098083,0,0.0,44386,67.727661,3295,5.027771,96,0.146484,True,96,0.146484,65536
836,Class_III_C104F2x10000_5,III,val,128,1024,256,30504,46.54541,0,0.0,31665,48.316956,3271,4.99115,96,0.146484,True,96,0.146484,65536
837,Class_III_C104F2x10000_5,III,val,256,0,256,38053,58.06427,0,0.0,26255,40.061951,1228,1.873779,0,0.0,False,0,0.0,65536
838,Class_III_C104F2x10000_5,III,val,256,128,256,40267,61.442566,0,0.0,21940,33.477783,3329,5.079651,0,0.0,False,0,0.0,65536
839,Class_III_C104F2x10000_5,III,val,256,256,256,34212,52.203369,0,0.0,28431,43.382263,2893,4.414368,0,0.0,False,0,0.0,65536
840,Class_III_C104F2x10000_5,III,val,256,384,256,23507,35.868835,0,0.0,39429,60.163879,2509,3.82843,91,0.138855,True,91,0.138855,65536
841,Class_III_C104F2x10000_5,III,val,256,512,256,21959,33.506775,0,0.0,41769,63.734436,1717,2.619934,91,0.138855,True,91,0.138855,65536
842,Class_III_C104F2x10000_5,III,val,256,640,256,23736,36.218262,0,0.0,41800,63.781738,0,0.0,0,0.0,False,0,0.0,65536
843,Class_III_C104F2x10000_5,III,val,256,768,256,19366,29.550171,0,0.0,46170,70.449829,0,0.0,0,0.0,False,0,0.0,65536
844,Class_III_C104F2x10000_5,III,val,256,896,256,20786,31.716919,0,0.0,44750,68.283081,0,0.0,0,0.0,False,0,0.0,65536
845,Class_III_C104F2x10000_5,III,val,256,1024,256,29325,44.746399,0,0.0,34841,53.163147,1370,2.090454,0,0.0,False,0,0.0,65536
846,Class_III_C104F2x10000_5,III,val,384,0,256,28939,44.15741,0,0.0,32619,49.772644,3978,6.069946,0,0.0,False,0,0.0,65536
847,Class_III_C104F2x10000_5,III,val,384,128,256,30332,46.282959,0,0.0,28222,43.063354,6982,10.653687,0,0.0,False,0,0.0,65536
848,Class_III_C104F2x10000_5,III,val,384,256,256,30795,46.989441,0,0.0,31547,48.136902,3194,4.873657,0,0.0,False,0,0.0,65536
849,Class_III_C104F2x10000_5,III,val,384,384,256,25389,38.74054,0,0.0,39957,60.969543,190,0.289917,0,0.0,False,0,0.0,65536
850,Class_III_C104F2x10000_5,III,val,384,512,256,22366,34.127808,0,0.0,41131,62.760925,2039,3.111267,0,0.0,False,0,0.0,65536
851,Class_III_C104F2x10000_5,III,val,384,640,256,23856,36.401367,0,0.0,37153,56.690979,4302,6.564331,225,0.343323,True,225,0.343323,65536
852,Class_III_C104F2x10000_5,III,val,384,768,256,18613,28.401184,0,0.0,44280,67.565918,2418,3.689575,225,0.343323,True,225,0.343323,65536
853,Class_III_C104F2x10000_5,III,val,384,896,256,21953,33.49762,0,0.0,43428,66.265869,155,0.236511,0,0.0,False,0,0.0,65536
854,Class_III_C104F2x10000_5,III,val,384,1024,256,23508,35.870361,0,0.0,40053,61.116028,1975,3.013611,0,0.0,False,0,0.0,65536
855,Class_III_C104F2x10000_5,III,val,512,0,256,22225,33.912659,0,0.0,37914,57.852173,5331,8.13446,66,0.100708,True,66,0.100708,65536
856,Class_III_C104F2x10000_5,III,val,512,128,256,22200,33.874512,0,0.0,38538,58.804321,4798,7.321167,0,0.0,False,0,0.0,65536
857,Class_III_C104F2x10000_5,III,val,512,256,256,24483,37.358093,0,0.0,38754,59.133911,2299,3.507996,0,0.0,False,0,0.0,65536
858,Class_III_C104F2x10000_5,III,val,512,384,256,28035,42.778015,0,0.0,36673,55.958557,828,1.263428,0,0.0,False,0,0.0,65536
859,Class_III_C104F2x10000_5,III,val,512,512,256,24810,37.857056,0,0.0,38687,59.031677,2039,3.111267,0,0.0,False,0,0.0,65536
860,Class_III_C104F2x10000_5,III,val,512,640,256,22340,34.088135,0,0.0,38669,59.004211,4302,6.564331,225,0.343323,True,225,0.343323,65536
861,Class_III_C104F2x10000_5,III,val,512,768,256,16589,25.312805,0,0.0,46304,70.654297,2418,3.689575,225,0.343323,True,225,0.343323,65536
862,Class_III_C104F2x10000_5,III,val,512,896,256,21578,32.925415,0,0.0,43803,66.838074,155,0.236511,0,0.0,False,0,0.0,65536
863,Class_III_C104F2x10000_5,III,val,512,1024,256,19676,30.023193,0,0.0,44506,67.910767,1354,2.06604,0,0.0,False,0,0.0,65536
864,Class_III_C104F2x10000_5,III,val,640,0,256,20581,31.404114,0,0.0,40937,62.464905,3952,6.030273,66,0.100708,True,66,0.100708,65536
865,Class_III_C104F2x10000_5,III,val,640,128,256,25708,39.227295,0,0.0,38061,58.076477,1767,2.696228,0,0.0,False,0,0.0,65536
866,Class_III_C104F2x10000_5,III,val,640,256,256,22393,34.169006,0,0.0,41078,62.680054,2065,3.15094,0,0.0,False,0,0.0,65536
867,Class_III_C104F2x10000_5,III,val,640,384,256,21085,32.173157,0,0.0,42713,65.174866,1644,2.508545,94,0.143433,True,94,0.143433,65536
868,Class_III_C104F2x10000_5,III,val,640,512,256,22316,34.051514,0,0.0,42357,64.631653,769,1.173401,94,0.143433,True,94,0.143433,65536
869,Class_III_C104F2x10000_5,III,val,640,640,256,22122,33.755493,0,0.0,43414,66.244507,0,0.0,0,0.0,False,0,0.0,65536
870,Class_III_C104F2x10000_5,III,val,640,768,256,18670,28.488159,0,0.0,46866,71.511841,0,0.0,0,0.0,False,0,0.0,65536
871,Class_III_C104F2x10000_5,III,val,640,896,256,21999,33.56781,0,0.0,42013,64.10675,1415,2.159119,109,0.166321,True,109,0.166321,65536
872,Class_III_C104F2x10000_5,III,val,640,1024,256,19815,30.235291,0,0.0,42478,64.816284,3134,4.782104,109,0.166321,True,109,0.166321,65536
873,Class_III_C104F2x10000_5,III,val,703,0,256,16897,25.782776,0,0.0,44497,67.897034,4025,6.141663,117,0.178528,True,117,0.178528,65536
874,Class_III_C104F2x10000_5,III,val,703,128,256,24787,37.82196,0,0.0,40127,61.228943,622,0.949097,0,0.0,False,0,0.0,65536
875,Class_III_C104F2x10000_5,III,val,703,256,256,23784,36.291504,0,0.0,40996,62.554932,756,1.153564,0,0.0,False,0,0.0,65536
876,Class_III_C104F2x10000_5,III,val,703,384,256,22274,33.987427,0,0.0,42265,64.491272,903,1.377869,94,0.143433,True,94,0.143433,65536
877,Class_III_C104F2x10000_5,III,val,703,512,256,23870,36.422729,0,0.0,40803,62.260437,769,1.173401,94,0.143433,True,94,0.143433,65536
878,Class_III_C104F2x10000_5,III,val,703,640,256,23006,35.10437,0,0.0,42530,64.89563,0,0.0,0,0.0,False,0,0.0,65536
879,Class_III_C104F2x10000_5,III,val,703,768,256,19743,30.125427,0,0.0,45793,69.874573,0,0.0,0,0.0,False,0,0.0,65536
880,Class_III_C104F2x10000_5,III,val,703,896,256,23587,35.990906,0,0.0,39371,60.075378,2469,3.767395,109,0.166321,True,109,0.166321,65536
881,Class_III_C104F2x10000_5,III,val,703,1024,256,21789,33.247375,0,0.0,39450,60.195923,4188,6.390381,109,0.166321,True,109,0.166321,65536
882,Class_III_C104F2x10000_7,III,train,0,0,256,15884,24.237061,0,0.0,37753,57.606506,11899,18.156433,0,0.0,False,0,0.0,65536
883,Class_III_C104F2x10000_7,III,train,0,128,256,16832,25.683594,0,0.0,41108,62.72583,7596,11.590576,0,0.0,False,0,0.0,65536
884,Class_III_C104F2x10000_7,III,train,0,256,256,11621,17.732239,0,0.0,46821,71.443176,7094,10.824585,0,0.0,False,0,0.0,65536
885,Class_III_C104F2x10000_7,III,train,0,384,256,9291,14.176941,0,0.0,45327,69.163513,10841,16.542053,77,0.117493,True,77,0.117493,65536
886,Class_III_C104F2x10000_7,III,train,0,512,256,14775,22.544861,0,0.0,42183,64.36615,8369,12.770081,209,0.318909,True,209,0.318909,65536
887,Class_III_C104F2x10000_7,III,train,0,640,256,14980,22.857666,0,0.0,42829,65.351868,7595,11.58905,132,0.201416,True,132,0.201416,65536
888,Class_III_C104F2x10000_7,III,train,0,768,256,20395,31.1203,0,0.0,37468,57.171631,7462,11.386108,211,0.32196,True,211,0.32196,65536
889,Class_III_C104F2x10000_7,III,train,0,896,256,23715,36.186218,0,0.0,34700,52.947998,6840,10.437012,281,0.428772,True,281,0.428772,65536
890,Class_III_C104F2x10000_7,III,train,0,1024,256,16727,25.523376,0,0.0,42478,64.816284,6261,9.553528,70,0.106812,True,70,0.106812,65536
891,Class_III_C104F2x10000_7,III,train,128,0,256,22975,35.057068,0,0.0,35325,53.901672,7236,11.04126,0,0.0,False,0,0.0,65536
892,Class_III_C104F2x10000_7,III,train,128,128,256,18905,28.846741,0,0.0,40373,61.604309,6258,9.54895,0,0.0,False,0,0.0,65536
893,Class_III_C104F2x10000_7,III,train,128,256,256,8857,13.514709,0,0.0,48041,73.304749,8638,13.180542,0,0.0,False,0,0.0,65536
894,Class_III_C104F2x10000_7,III,train,128,384,256,3282,5.007935,0,0.0,46084,70.318604,16025,24.452209,145,0.221252,True,145,0.221252,65536
895,Class_III_C104F2x10000_7,III,train,128,512,256,7814,11.923218,0,0.0,41932,63.983154,15379,23.466492,411,0.627136,True,411,0.627136,65536
896,Class_III_C104F2x10000_7,III,train,128,640,256,17396,26.544189,0,0.0,40331,61.540222,7543,11.509705,266,0.405884,True,266,0.405884,65536
897,Class_III_C104F2x10000_7,III,train,128,768,256,23391,35.691833,0,0.0,37618,57.400513,4527,6.907654,0,0.0,False,0,0.0,65536
898,Class_III_C104F2x10000_7,III,train,128,896,256,23188,35.38208,0,0.0,36340,55.450439,5938,9.060669,70,0.106812,True,70,0.106812,65536
899,Class_III_C104F2x10000_7,III,train,128,1024,256,18190,27.755737,0,0.0,37021,56.489563,10197,15.559387,128,0.195312,True,128,0.195312,65536
900,Class_III_C104F2x10000_7,III,train,256,0,256,23075,35.209656,0,0.0,36533,55.744934,5832,8.898926,96,0.146484,True,96,0.146484,65536
901,Class_III_C104F2x10000_7,III,train,256,128,256,21568,32.910156,0,0.0,38297,58.436584,5575,8.506775,96,0.146484,True,96,0.146484,65536
902,Class_III_C104F2x10000_7,III,train,256,256,256,17915,27.336121,0,0.0,37140,56.671143,10409,15.882874,72,0.109863,True,72,0.109863,65536
903,Class_III_C104F2x10000_7,III,train,256,384,256,10119,15.440369,0,0.0,37761,57.618713,17439,26.609802,217,0.331116,True,217,0.331116,65536
904,Class_III_C104F2x10000_7,III,train,256,512,256,8277,12.6297,0,0.0,39281,59.938049,17699,27.006531,279,0.42572,True,279,0.42572,65536
905,Class_III_C104F2x10000_7,III,train,256,640,256,18222,27.804565,0,0.0,36853,56.233215,10327,15.757751,134,0.204468,True,134,0.204468,65536
906,Class_III_C104F2x10000_7,III,train,256,768,256,20719,31.614685,0,0.0,40595,61.943054,4096,6.25,126,0.192261,True,126,0.192261,65536
907,Class_III_C104F2x10000_7,III,train,256,896,256,20236,30.877686,0,0.0,39710,60.592651,5464,8.337402,126,0.192261,True,126,0.192261,65536
908,Class_III_C104F2x10000_7,III,train,256,1024,256,13696,20.898438,0,0.0,38554,58.828735,13228,20.184326,58,0.088501,True,58,0.088501,65536
909,Class_III_C104F2x10000_7,III,train,384,0,256,20217,30.848694,0,0.0,37874,57.791138,7349,11.213684,96,0.146484,True,96,0.146484,65536
910,Class_III_C104F2x10000_7,III,train,384,128,256,22856,34.875488,0,0.0,33692,51.409912,8892,13.568115,96,0.146484,True,96,0.146484,65536
911,Class_III_C104F2x10000_7,III,train,384,256,256,26530,40.481567,0,0.0,30977,47.267151,7957,12.141418,72,0.109863,True,72,0.109863,65536
912,Class_III_C104F2x10000_7,III,train,384,384,256,18704,28.540039,0,0.0,35569,54.273987,11114,16.958618,149,0.227356,True,149,0.227356,65536
913,Class_III_C104F2x10000_7,III,train,384,512,256,11027,16.825867,0,0.0,37372,57.025146,17023,25.975037,114,0.17395,True,114,0.17395,65536
914,Class_III_C104F2x10000_7,III,train,384,640,256,21021,32.0755,0,0.0,33608,51.281738,10870,16.586304,37,0.056458,True,37,0.056458,65536
915,Class_III_C104F2x10000_7,III,train,384,768,256,18811,28.703308,0,0.0,43036,65.667725,3563,5.436707,126,0.192261,True,126,0.192261,65536
916,Class_III_C104F2x10000_7,III,train,384,896,256,15892,24.249268,0,0.0,41218,62.893677,8300,12.664795,126,0.192261,True,126,0.192261,65536
917,Class_III_C104F2x10000_7,III,train,384,1024,256,15471,23.606873,0,0.0,36818,56.17981,13198,20.13855,49,0.074768,True,49,0.074768,65536
918,Class_III_C104F2x10000_7,III,train,512,0,256,15589,23.786926,0,0.0,44466,67.849731,5383,8.213806,98,0.149536,True,98,0.149536,65536
919,Class_III_C104F2x10000_7,III,train,512,128,256,16012,24.432373,0,0.0,37452,57.147217,11974,18.270874,98,0.149536,True,98,0.149536,65536
920,Class_III_C104F2x10000_7,III,train,512,256,256,18942,28.903198,0,0.0,39930,60.928345,6664,10.168457,0,0.0,False,0,0.0,65536
921,Class_III_C104F2x10000_7,III,train,512,384,256,21379,32.621765,0,0.0,41008,62.573242,3149,4.804993,0,0.0,False,0,0.0,65536
922,Class_III_C104F2x10000_7,III,train,512,512,256,19738,30.117798,0,0.0,35935,54.832458,9825,14.99176,38,0.057983,True,38,0.057983,65536
923,Class_III_C104F2x10000_7,III,train,512,640,256,20475,31.242371,0,0.0,35867,54.728699,9006,13.742065,188,0.286865,True,188,0.286865,65536
924,Class_III_C104F2x10000_7,III,train,512,768,256,15117,23.066711,0,0.0,43158,65.853882,7111,10.850525,150,0.228882,True,150,0.228882,65536
925,Class_III_C104F2x10000_7,III,train,512,896,256,16978,25.906372,0,0.0,40973,62.519836,7585,11.573792,0,0.0,False,0,0.0,65536
926,Class_III_C104F2x10000_7,III,train,512,1024,256,20252,30.9021,0,0.0,39257,59.901428,5978,9.121704,49,0.074768,True,49,0.074768,65536
927,Class_III_C104F2x10000_7,III,train,640,0,256,14416,21.99707,0,0.0,43522,66.409302,7313,11.158752,285,0.434875,True,285,0.434875,65536
928,Class_III_C104F2x10000_7,III,train,640,128,256,17106,26.101685,0,0.0,35578,54.28772,12426,18.960571,426,0.650024,True,426,0.650024,65536
929,Class_III_C104F2x10000_7,III,train,640,256,256,18239,27.830505,0,0.0,40163,61.283875,6951,10.606384,183,0.279236,True,183,0.279236,65536
930,Class_III_C104F2x10000_7,III,train,640,384,256,22383,34.153748,0,0.0,40286,61.471558,2825,4.310608,42,0.064087,True,42,0.064087,65536
931,Class_III_C104F2x10000_7,III,train,640,512,256,20117,30.696106,0,0.0,36150,55.160522,9175,13.999939,94,0.143433,True,94,0.143433,65536
932,Class_III_C104F2x10000_7,III,train,640,640,256,16793,25.624084,0,0.0,36902,56.307983,11597,17.695618,244,0.372314,True,244,0.372314,65536
933,Class_III_C104F2x10000_7,III,train,640,768,256,14876,22.698975,0,0.0,40302,61.495972,10208,15.576172,150,0.228882,True,150,0.228882,65536
934,Class_III_C104F2x10000_7,III,train,640,896,256,19912,30.383301,0,0.0,38883,59.33075,6688,10.205078,53,0.080872,True,53,0.080872,65536
935,Class_III_C104F2x10000_7,III,train,640,1024,256,23164,35.345459,0,0.0,41178,62.832642,1141,1.741028,53,0.080872,True,53,0.080872,65536
936,Class_III_C104F2x10000_7,III,train,703,0,256,13510,20.614624,0,0.0,44004,67.144775,7711,11.766052,311,0.474548,True,311,0.474548,65536
937,Class_III_C104F2x10000_7,III,train,703,128,256,21083,32.170105,0,0.0,32935,50.254822,11066,16.885376,452,0.689697,True,452,0.689697,65536
938,Class_III_C104F2x10000_7,III,train,703,256,256,21869,33.369446,0,0.0,37452,57.147217,5993,9.144592,222,0.338745,True,222,0.338745,65536
939,Class_III_C104F2x10000_7,III,train,703,384,256,21268,32.452393,0,0.0,37332,56.964111,6855,10.4599,81,0.123596,True,81,0.123596,65536
940,Class_III_C104F2x10000_7,III,train,703,512,256,16937,25.843811,0,0.0,35558,54.257202,12844,19.598389,197,0.300598,True,197,0.300598,65536
941,Class_III_C104F2x10000_7,III,train,703,640,256,12923,19.718933,0,0.0,39400,60.119629,12866,19.631958,347,0.52948,True,347,0.52948,65536
942,Class_III_C104F2x10000_7,III,train,703,768,256,14040,21.42334,0,0.0,41489,63.30719,9857,15.040588,150,0.228882,True,150,0.228882,65536
943,Class_III_C104F2x10000_7,III,train,703,896,256,18835,28.739929,0,0.0,39403,60.124207,7230,11.032104,68,0.10376,True,68,0.10376,65536
944,Class_III_C104F2x10000_7,III,train,703,1024,256,22243,33.940125,0,0.0,38430,58.639526,4729,7.215881,134,0.204468,True,134,0.204468,65536
945,Class_III_C157F2x10000,III,train,0,0,256,25656,39.147949,0,0.0,39019,59.538269,722,1.101685,139,0.212097,True,139,0.212097,65536
946,Class_III_C157F2x10000,III,train,0,128,256,13503,20.603943,0,0.0,51894,79.18396,119,0.18158,20,0.030518,True,20,0.030518,65536
947,Class_III_C157F2x10000,III,train,0,256,256,18097,27.613831,0,0.0,46424,70.837402,809,1.234436,206,0.314331,True,206,0.314331,65536
948,Class_III_C157F2x10000,III,train,0,384,256,28457,43.421936,0,0.0,35556,54.25415,1205,1.838684,318,0.485229,True,318,0.485229,65536
949,Class_III_C157F2x10000,III,train,0,512,256,24445,37.30011,0,0.0,39619,60.453796,1123,1.713562,349,0.532532,True,349,0.532532,65536
950,Class_III_C157F2x10000,III,train,0,640,256,18291,27.909851,0,0.0,46009,70.204163,872,1.330566,364,0.55542,True,364,0.55542,65536
951,Class_III_C157F2x10000,III,train,0,768,256,15565,23.750305,0,0.0,49372,75.335693,421,0.642395,178,0.271606,True,178,0.271606,65536
952,Class_III_C157F2x10000,III,train,0,896,256,13746,20.974731,0,0.0,50831,77.561951,716,1.092529,243,0.370789,True,243,0.370789,65536
953,Class_III_C157F2x10000,III,train,0,1024,256,21138,32.254028,0,0.0,43627,66.569519,559,0.852966,212,0.323486,True,212,0.323486,65536
954,Class_III_C157F2x10000,III,train,128,0,256,25441,38.819885,0,0.0,38734,59.103394,1129,1.722717,232,0.354004,True,232,0.354004,65536
955,Class_III_C157F2x10000,III,train,128,128,256,23559,35.948181,0,0.0,41977,64.051819,0,0.0,0,0.0,False,0,0.0,65536
956,Class_III_C157F2x10000,III,train,128,256,256,20594,31.42395,0,0.0,44331,67.643738,611,0.932312,0,0.0,False,0,0.0,65536
957,Class_III_C157F2x10000,III,train,128,384,256,28346,43.252563,0,0.0,35932,54.827881,1126,1.71814,132,0.201416,True,132,0.201416,65536
958,Class_III_C157F2x10000,III,train,128,512,256,29467,44.963074,0,0.0,33963,51.823425,1505,2.296448,601,0.917053,True,601,0.917053,65536
959,Class_III_C157F2x10000,III,train,128,640,256,25959,39.610291,0,0.0,38118,58.163452,990,1.51062,469,0.715637,True,469,0.715637,65536
960,Class_III_C157F2x10000,III,train,128,768,256,19536,29.80957,0,0.0,45812,69.903564,157,0.239563,31,0.047302,True,31,0.047302,65536
961,Class_III_C157F2x10000,III,train,128,896,256,12209,18.629456,0,0.0,53139,81.083679,157,0.239563,31,0.047302,True,31,0.047302,65536
962,Class_III_C157F2x10000,III,train,128,1024,256,19722,30.093384,0,0.0,45814,69.906616,0,0.0,0,0.0,False,0,0.0,65536
963,Class_III_C157F2x10000,III,train,256,0,256,17828,27.203369,0,0.0,46476,70.916748,1101,1.679993,131,0.19989,True,131,0.19989,65536
964,Class_III_C157F2x10000,III,train,256,128,256,16628,25.372314,0,0.0,48421,73.884583,487,0.743103,0,0.0,False,0,0.0,65536
965,Class_III_C157F2x10000,III,train,256,256,256,15663,23.899841,0,0.0,49606,75.692749,267,0.40741,0,0.0,False,0,0.0,65536
966,Class_III_C157F2x10000,III,train,256,384,256,14681,22.401428,0,0.0,50734,77.41394,121,0.184631,0,0.0,False,0,0.0,65536
967,Class_III_C157F2x10000,III,train,256,512,256,19827,30.253601,0,0.0,45055,68.748474,402,0.613403,252,0.384521,True,252,0.384521,65536
968,Class_III_C157F2x10000,III,train,256,640,256,23049,35.169983,0,0.0,41827,63.822937,408,0.622559,252,0.384521,True,252,0.384521,65536
969,Class_III_C157F2x10000,III,train,256,768,256,16228,24.761963,0,0.0,48955,74.699402,246,0.375366,107,0.163269,True,107,0.163269,65536
970,Class_III_C157F2x10000,III,train,256,896,256,13478,20.565796,0,0.0,51009,77.833557,742,1.132202,307,0.468445,True,307,0.468445,65536
971,Class_III_C157F2x10000,III,train,256,1024,256,18562,28.323364,0,0.0,46272,70.605469,502,0.765991,200,0.305176,True,200,0.305176,65536
972,Class_III_C157F2x10000,III,train,384,0,256,10887,16.612244,0,0.0,51768,78.991699,2716,4.144287,165,0.25177,True,165,0.25177,65536
973,Class_III_C157F2x10000,III,train,384,128,256,9089,13.868713,0,0.0,54927,83.811951,1264,1.928711,256,0.390625,True,256,0.390625,65536
974,Class_III_C157F2x10000,III,train,384,256,256,14742,22.494507,0,0.0,49871,76.097107,586,0.894165,337,0.514221,True,337,0.514221,65536
975,Class_III_C157F2x10000,III,train,384,384,256,16973,25.898743,0,0.0,48173,73.506165,222,0.338745,168,0.256348,True,168,0.256348,65536
976,Class_III_C157F2x10000,III,train,384,512,256,16639,25.389099,0,0.0,48805,74.47052,83,0.126648,9,0.013733,True,9,0.013733,65536
977,Class_III_C157F2x10000,III,train,384,640,256,13717,20.930481,0,0.0,51712,78.90625,98,0.149536,9,0.013733,True,9,0.013733,65536
978,Class_III_C157F2x10000,III,train,384,768,256,12940,19.744873,0,0.0,52234,79.702759,255,0.389099,107,0.163269,True,107,0.163269,65536
979,Class_III_C157F2x10000,III,train,384,896,256,15223,23.228455,0,0.0,49264,75.170898,742,1.132202,307,0.468445,True,307,0.468445,65536
980,Class_III_C157F2x10000,III,train,384,1024,256,17753,27.088928,0,0.0,47081,71.839905,502,0.765991,200,0.305176,True,200,0.305176,65536
981,Class_III_C157F2x10000,III,train,512,0,256,11516,17.572021,0,0.0,50398,76.901245,3331,5.082703,291,0.444031,True,291,0.444031,65536
982,Class_III_C157F2x10000,III,train,512,128,256,8046,12.277222,0,0.0,55269,84.333801,1814,2.767944,407,0.621033,True,407,0.621033,65536
983,Class_III_C157F2x10000,III,train,512,256,256,15028,22.930908,0,0.0,49314,75.247192,781,1.191711,413,0.630188,True,413,0.630188,65536
984,Class_III_C157F2x10000,III,train,512,384,256,17984,27.441406,0,0.0,47162,71.963501,222,0.338745,168,0.256348,True,168,0.256348,65536
985,Class_III_C157F2x10000,III,train,512,512,256,12972,19.793701,0,0.0,52140,79.559326,273,0.416565,151,0.230408,True,151,0.230408,65536
986,Class_III_C157F2x10000,III,train,512,640,256,14794,22.573853,0,0.0,50309,76.765442,282,0.430298,151,0.230408,True,151,0.230408,65536
987,Class_III_C157F2x10000,III,train,512,768,256,19821,30.244446,0,0.0,45706,69.741821,9,0.013733,0,0.0,False,0,0.0,65536
988,Class_III_C157F2x10000,III,train,512,896,256,13450,20.523071,0,0.0,51976,79.309082,110,0.167847,0,0.0,False,0,0.0,65536
989,Class_III_C157F2x10000,III,train,512,1024,256,7348,11.212158,0,0.0,58075,88.615417,113,0.172424,0,0.0,False,0,0.0,65536
990,Class_III_C157F2x10000,III,train,640,0,256,14726,22.470093,0,0.0,48128,73.4375,2447,3.733826,235,0.358582,True,235,0.358582,65536
991,Class_III_C157F2x10000,III,train,640,128,256,14724,22.467041,0,0.0,49121,74.952698,1516,2.313232,175,0.267029,True,175,0.267029,65536
992,Class_III_C157F2x10000,III,train,640,256,256,15791,24.095154,0,0.0,48747,74.382019,730,1.113892,268,0.408936,True,268,0.408936,65536
993,Class_III_C157F2x10000,III,train,640,384,256,16826,25.674438,0,0.0,48013,73.262024,483,0.737,214,0.326538,True,214,0.326538,65536
994,Class_III_C157F2x10000,III,train,640,512,256,22306,34.036255,0,0.0,42665,65.101624,401,0.611877,164,0.250244,True,164,0.250244,65536
995,Class_III_C157F2x10000,III,train,640,640,256,27360,41.748047,0,0.0,37321,56.947327,501,0.764465,354,0.540161,True,354,0.540161,65536
996,Class_III_C157F2x10000,III,train,640,768,256,22318,34.054565,0,0.0,42715,65.177917,291,0.444031,212,0.323486,True,212,0.323486,65536
997,Class_III_C157F2x10000,III,train,640,896,256,12635,19.27948,0,0.0,52791,80.552673,110,0.167847,0,0.0,False,0,0.0,65536
998,Class_III_C157F2x10000,III,train,640,1024,256,11595,17.692566,0,0.0,53497,81.629944,331,0.505066,113,0.172424,True,113,0.172424,65536
999,Class_III_C157F2x10000,III,train,703,0,256,16068,24.517822,0,0.0,47327,72.215271,1980,3.02124,161,0.245667,True,161,0.245667,65536
1000,Class_III_C157F2x10000,III,train,703,128,256,17495,26.695251,0,0.0,46630,71.151733,1236,1.885986,175,0.267029,True,175,0.267029,65536
1001,Class_III_C157F2x10000,III,train,703,256,256,17196,26.239014,0,0.0,46858,71.499634,1075,1.64032,407,0.621033,True,407,0.621033,65536
1002,Class_III_C157F2x10000,III,train,703,384,256,15741,24.01886,0,0.0,48614,74.179077,828,1.263428,353,0.538635,True,353,0.538635,65536
1003,Class_III_C157F2x10000,III,train,703,512,256,21293,32.49054,0,0.0,44030,67.184448,191,0.291443,22,0.033569,True,22,0.033569,65536
1004,Class_III_C157F2x10000,III,train,703,640,256,26771,40.849304,0,0.0,38262,58.383179,291,0.444031,212,0.323486,True,212,0.323486,65536
1005,Class_III_C157F2x10000,III,train,703,768,256,18982,28.964233,0,0.0,46051,70.26825,291,0.444031,212,0.323486,True,212,0.323486,65536
1006,Class_III_C157F2x10000,III,train,703,896,256,10496,16.015625,0,0.0,55040,83.984375,0,0.0,0,0.0,False,0,0.0,65536
1007,Class_III_C157F2x10000,III,train,703,1024,256,15757,24.043274,0,0.0,49445,75.447083,221,0.337219,113,0.172424,True,113,0.172424,65536
1008,Class_III_C157F2x10000_2,III,train,0,0,256,20193,30.812073,0,0.0,44747,68.278503,451,0.688171,145,0.221252,True,145,0.221252,65536
1009,Class_III_C157F2x10000_2,III,train,0,128,256,18249,27.845764,0,0.0,45719,69.761658,1300,1.983643,268,0.408936,True,268,0.408936,65536
1010,Class_III_C157F2x10000_2,III,train,0,256,256,13672,20.861816,0,0.0,49974,76.254272,1590,2.426147,300,0.457764,True,300,0.457764,65536
1011,Class_III_C157F2x10000_2,III,train,0,384,256,21981,33.540344,0,0.0,42328,64.587402,945,1.441956,282,0.430298,True,282,0.430298,65536
1012,Class_III_C157F2x10000_2,III,train,0,512,256,28172,42.987061,0,0.0,36968,56.408691,291,0.444031,105,0.160217,True,105,0.160217,65536
1013,Class_III_C157F2x10000_2,III,train,0,640,256,24915,38.017273,0,0.0,39362,60.061646,887,1.353455,372,0.567627,True,372,0.567627,65536
1014,Class_III_C157F2x10000_2,III,train,0,768,256,16824,25.671387,0,0.0,47540,72.540283,800,1.220703,372,0.567627,True,372,0.567627,65536
1015,Class_III_C157F2x10000_2,III,train,0,896,256,13836,21.112061,0,0.0,51352,78.356934,348,0.531006,0,0.0,False,0,0.0,65536
1016,Class_III_C157F2x10000_2,III,train,0,1024,256,24294,37.069702,0,0.0,40894,62.399292,348,0.531006,0,0.0,False,0,0.0,65536
1017,Class_III_C157F2x10000_2,III,train,128,0,256,21321,32.533264,0,0.0,43619,66.557312,451,0.688171,145,0.221252,True,145,0.221252,65536
1018,Class_III_C157F2x10000_2,III,train,128,128,256,21761,33.204651,0,0.0,42503,64.854431,881,1.344299,391,0.596619,True,391,0.596619,65536
1019,Class_III_C157F2x10000_2,III,train,128,256,256,14962,22.8302,0,0.0,48883,74.589539,1225,1.869202,466,0.71106,True,466,0.71106,65536
1020,Class_III_C157F2x10000_2,III,train,128,384,256,18126,27.658081,0,0.0,46395,70.793152,795,1.213074,220,0.335693,True,220,0.335693,65536
1021,Class_III_C157F2x10000_2,III,train,128,512,256,26562,40.530396,0,0.0,38624,58.935547,350,0.534058,0,0.0,False,0,0.0,65536
1022,Class_III_C157F2x10000_2,III,train,128,640,256,23411,35.722351,0,0.0,41093,62.702942,879,1.341248,153,0.233459,True,153,0.233459,65536
1023,Class_III_C157F2x10000_2,III,train,128,768,256,16171,24.674988,0,0.0,48506,74.014282,706,1.077271,153,0.233459,True,153,0.233459,65536
1024,Class_III_C157F2x10000_2,III,train,128,896,256,15000,22.888184,0,0.0,50359,76.841736,177,0.270081,0,0.0,False,0,0.0,65536
1025,Class_III_C157F2x10000_2,III,train,128,1024,256,17504,26.708984,0,0.0,48032,73.291016,0,0.0,0,0.0,False,0,0.0,65536
1026,Class_III_C157F2x10000_2,III,train,256,0,256,23166,35.348511,0,0.0,42370,64.651489,0,0.0,0,0.0,False,0,0.0,65536
1027,Class_III_C157F2x10000_2,III,train,256,128,256,23270,35.507202,0,0.0,41656,63.562012,487,0.743103,123,0.187683,True,123,0.187683,65536
1028,Class_III_C157F2x10000_2,III,train,256,256,256,19332,29.498291,0,0.0,44573,68.013,1430,2.182007,201,0.306702,True,201,0.306702,65536
1029,Class_III_C157F2x10000_2,III,train,256,384,256,11880,18.127441,0,0.0,52293,79.792786,1285,1.960754,78,0.119019,True,78,0.119019,65536
1030,Class_III_C157F2x10000_2,III,train,256,512,256,17063,26.036072,0,0.0,46890,71.548462,1496,2.282715,87,0.132751,True,87,0.132751,65536
1031,Class_III_C157F2x10000_2,III,train,256,640,256,16772,25.592041,0,0.0,47228,72.064209,1449,2.210999,87,0.132751,True,87,0.132751,65536
1032,Class_III_C157F2x10000_2,III,train,256,768,256,18570,28.335571,0,0.0,46199,70.49408,767,1.170349,0,0.0,False,0,0.0,65536
1033,Class_III_C157F2x10000_2,III,train,256,896,256,20574,31.393433,0,0.0,44011,67.155457,856,1.306152,95,0.144958,True,95,0.144958,65536
1034,Class_III_C157F2x10000_2,III,train,256,1024,256,25066,38.247681,0,0.0,39383,60.093689,795,1.213074,292,0.445557,True,292,0.445557,65536
1035,Class_III_C157F2x10000_2,III,train,384,0,256,27321,41.688538,0,0.0,37945,57.899475,222,0.338745,48,0.073242,True,48,0.073242,65536
1036,Class_III_C157F2x10000_2,III,train,384,128,256,30829,47.041321,0,0.0,34356,52.423096,351,0.535583,0,0.0,False,0,0.0,65536
1037,Class_III_C157F2x10000_2,III,train,384,256,256,26755,40.82489,0,0.0,37775,57.640076,1006,1.535034,0,0.0,False,0,0.0,65536
1038,Class_III_C157F2x10000_2,III,train,384,384,256,15001,22.889709,0,0.0,49538,75.588989,997,1.521301,0,0.0,False,0,0.0,65536
1039,Class_III_C157F2x10000_2,III,train,384,512,256,14817,22.608948,0,0.0,49486,75.509644,1146,1.748657,87,0.132751,True,87,0.132751,65536
1040,Class_III_C157F2x10000_2,III,train,384,640,256,21054,32.125854,0,0.0,43179,65.885925,1095,1.670837,208,0.317383,True,208,0.317383,65536
1041,Class_III_C157F2x10000_2,III,train,384,768,256,25220,38.482666,0,0.0,39460,60.211182,735,1.121521,121,0.184631,True,121,0.184631,65536
1042,Class_III_C157F2x10000_2,III,train,384,896,256,23656,36.096191,0,0.0,40954,62.490845,831,1.268005,95,0.144958,True,95,0.144958,65536
1043,Class_III_C157F2x10000_2,III,train,384,1024,256,22999,35.093689,0,0.0,41447,63.243103,798,1.217651,292,0.445557,True,292,0.445557,65536
1044,Class_III_C157F2x10000_2,III,train,512,0,256,22541,34.394836,0,0.0,42725,65.193176,222,0.338745,48,0.073242,True,48,0.073242,65536
1045,Class_III_C157F2x10000_2,III,train,512,128,256,24773,37.800598,0,0.0,40763,62.199402,0,0.0,0,0.0,False,0,0.0,65536
1046,Class_III_C157F2x10000_2,III,train,512,256,256,23509,35.871887,0,0.0,40299,61.491394,1460,2.227783,268,0.408936,True,268,0.408936,65536
1047,Class_III_C157F2x10000_2,III,train,512,384,256,18733,28.58429,0,0.0,45075,68.778992,1460,2.227783,268,0.408936,True,268,0.408936,65536
1048,Class_III_C157F2x10000_2,III,train,512,512,256,15133,23.091125,0,0.0,50387,76.88446,16,0.024414,0,0.0,False,0,0.0,65536
1049,Class_III_C157F2x10000_2,III,train,512,640,256,22719,34.666443,0,0.0,42410,64.712524,286,0.436401,121,0.184631,True,121,0.184631,65536
1050,Class_III_C157F2x10000_2,III,train,512,768,256,26547,40.507507,0,0.0,38449,58.668518,419,0.639343,121,0.184631,True,121,0.184631,65536
1051,Class_III_C157F2x10000_2,III,train,512,896,256,20267,30.924988,0,0.0,44119,67.320251,1059,1.615906,91,0.138855,True,91,0.138855,65536
1052,Class_III_C157F2x10000_2,III,train,512,1024,256,19011,29.008484,0,0.0,45524,69.464111,910,1.38855,91,0.138855,True,91,0.138855,65536
1053,Class_III_C157F2x10000_2,III,train,640,0,256,21941,33.479309,0,0.0,43279,66.038513,225,0.343323,91,0.138855,True,91,0.138855,65536
1054,Class_III_C157F2x10000_2,III,train,640,128,256,19378,29.568481,0,0.0,45767,69.8349,300,0.457764,91,0.138855,True,91,0.138855,65536
1055,Class_III_C157F2x10000_2,III,train,640,256,256,19158,29.232788,0,0.0,44378,67.715454,1732,2.642822,268,0.408936,True,268,0.408936,65536
1056,Class_III_C157F2x10000_2,III,train,640,384,256,18310,27.938843,0,0.0,45301,69.12384,1657,2.528381,268,0.408936,True,268,0.408936,65536
1057,Class_III_C157F2x10000_2,III,train,640,512,256,19427,29.64325,0,0.0,45916,70.062256,164,0.250244,29,0.04425,True,29,0.04425,65536
1058,Class_III_C157F2x10000_2,III,train,640,640,256,27942,42.636108,0,0.0,37401,57.069397,164,0.250244,29,0.04425,True,29,0.04425,65536
1059,Class_III_C157F2x10000_2,III,train,640,768,256,30168,46.032715,0,0.0,35368,53.967285,0,0.0,0,0.0,False,0,0.0,65536
1060,Class_III_C157F2x10000_2,III,train,640,896,256,17193,26.234436,0,0.0,47018,71.743774,1160,1.77002,165,0.25177,True,165,0.25177,65536
1061,Class_III_C157F2x10000_2,III,train,640,1024,256,18168,27.722168,0,0.0,46043,70.256042,1160,1.77002,165,0.25177,True,165,0.25177,65536
1062,Class_III_C157F2x10000_2,III,train,703,0,256,22177,33.839417,0,0.0,43043,65.678406,225,0.343323,91,0.138855,True,91,0.138855,65536
1063,Class_III_C157F2x10000_2,III,train,703,128,256,19244,29.364014,0,0.0,45901,70.039368,300,0.457764,91,0.138855,True,91,0.138855,65536
1064,Class_III_C157F2x10000_2,III,train,703,256,256,18269,27.876282,0,0.0,46135,70.396423,943,1.438904,189,0.288391,True,189,0.288391,65536
1065,Class_III_C157F2x10000_2,III,train,703,384,256,17101,26.094055,0,0.0,47378,72.293091,868,1.324463,189,0.288391,True,189,0.288391,65536
1066,Class_III_C157F2x10000_2,III,train,703,512,256,19547,29.826355,0,0.0,45796,69.87915,164,0.250244,29,0.04425,True,29,0.04425,65536
1067,Class_III_C157F2x10000_2,III,train,703,640,256,26987,41.178894,0,0.0,38088,58.117676,379,0.578308,82,0.125122,True,82,0.125122,65536
1068,Class_III_C157F2x10000_2,III,train,703,768,256,29925,45.661926,0,0.0,34905,53.260803,473,0.721741,233,0.35553,True,233,0.35553,65536
1069,Class_III_C157F2x10000_2,III,train,703,896,256,19156,29.229736,0,0.0,45056,68.75,1070,1.63269,254,0.387573,True,254,0.387573,65536
1070,Class_III_C157F2x10000_2,III,train,703,1024,256,16400,25.024414,0,0.0,48124,73.431396,938,1.431274,74,0.112915,True,74,0.112915,65536
1071,Class_III_C157F2x10000_3,III,test,0,0,256,15322,23.379517,0,0.0,48731,74.357605,1352,2.062988,131,0.19989,True,131,0.19989,65536
1072,Class_III_C157F2x10000_3,III,test,0,128,256,22630,34.53064,0,0.0,41285,62.995911,1278,1.950073,343,0.523376,True,343,0.523376,65536
1073,Class_III_C157F2x10000_3,III,test,0,256,256,21981,33.540344,0,0.0,42347,64.616394,957,1.460266,251,0.382996,True,251,0.382996,65536
1074,Class_III_C157F2x10000_3,III,test,0,384,256,13841,21.11969,0,0.0,51074,77.932739,459,0.700378,162,0.247192,True,162,0.247192,65536
1075,Class_III_C157F2x10000_3,III,test,0,512,256,12662,19.320679,0,0.0,50553,77.137756,2032,3.100586,289,0.440979,True,289,0.440979,65536
1076,Class_III_C157F2x10000_3,III,test,0,640,256,10377,15.834045,0,0.0,53057,80.958557,1936,2.954102,166,0.253296,True,166,0.253296,65536
1077,Class_III_C157F2x10000_3,III,test,0,768,256,9960,15.197754,0,0.0,54942,83.834839,529,0.80719,105,0.160217,True,105,0.160217,65536
1078,Class_III_C157F2x10000_3,III,test,0,896,256,13950,21.286011,0,0.0,50728,77.404785,675,1.029968,183,0.279236,True,183,0.279236,65536
1079,Class_III_C157F2x10000_3,III,test,0,1024,256,12322,18.80188,0,0.0,51880,79.162598,871,1.329041,463,0.706482,True,463,0.706482,65536
1080,Class_III_C157F2x10000_3,III,test,128,0,256,22747,34.709167,0,0.0,41816,63.806152,900,1.373291,73,0.111389,True,73,0.111389,65536
1081,Class_III_C157F2x10000_3,III,test,128,128,256,34324,52.374268,0,0.0,29864,45.568848,991,1.512146,357,0.544739,True,357,0.544739,65536
1082,Class_III_C157F2x10000_3,III,test,128,256,256,29866,45.571899,0,0.0,33687,51.402283,1431,2.183533,552,0.842285,True,552,0.842285,65536
1083,Class_III_C157F2x10000_3,III,test,128,384,256,16004,24.420166,0,0.0,48197,73.542786,1067,1.628113,268,0.408936,True,268,0.408936,65536
1084,Class_III_C157F2x10000_3,III,test,128,512,256,17297,26.393127,0,0.0,46555,71.037292,1477,2.253723,207,0.315857,True,207,0.315857,65536
1085,Class_III_C157F2x10000_3,III,test,128,640,256,15730,24.002075,0,0.0,47886,73.068237,1585,2.418518,335,0.511169,True,335,0.511169,65536
1086,Class_III_C157F2x10000_3,III,test,128,768,256,9394,14.334106,0,0.0,55186,84.207153,778,1.187134,178,0.271606,True,178,0.271606,65536
1087,Class_III_C157F2x10000_3,III,test,128,896,256,16692,25.469971,0,0.0,48079,73.362732,609,0.92926,156,0.238037,True,156,0.238037,65536
1088,Class_III_C157F2x10000_3,III,test,128,1024,256,19363,29.545593,0,0.0,44750,68.283081,916,1.397705,507,0.773621,True,507,0.773621,65536
1089,Class_III_C157F2x10000_3,III,test,256,0,256,38714,59.072876,0,0.0,25784,39.343262,737,1.124573,301,0.45929,True,301,0.45929,65536
1090,Class_III_C157F2x10000_3,III,test,256,128,256,41364,63.116455,0,0.0,22734,34.689331,1057,1.612854,381,0.58136,True,381,0.58136,65536
1091,Class_III_C157F2x10000_3,III,test,256,256,256,23971,36.576843,0,0.0,39368,60.070801,1587,2.42157,610,0.930786,True,610,0.930786,65536
1092,Class_III_C157F2x10000_3,III,test,256,384,256,15202,23.196411,0,0.0,48730,74.356079,1228,1.873779,376,0.57373,True,376,0.57373,65536
1093,Class_III_C157F2x10000_3,III,test,256,512,256,16101,24.568176,0,0.0,48177,73.512268,1038,1.583862,220,0.335693,True,220,0.335693,65536
1094,Class_III_C157F2x10000_3,III,test,256,640,256,15317,23.371887,0,0.0,48598,74.154663,1124,1.715088,497,0.758362,True,497,0.758362,65536
1095,Class_III_C157F2x10000_3,III,test,256,768,256,11963,18.254089,0,0.0,52217,79.676819,932,1.422119,424,0.646973,True,424,0.646973,65536
1096,Class_III_C157F2x10000_3,III,test,256,896,256,13312,20.3125,0,0.0,51518,78.610229,600,0.915527,106,0.161743,True,106,0.161743,65536
1097,Class_III_C157F2x10000_3,III,test,256,1024,256,17888,27.294922,0,0.0,46999,71.714783,527,0.804138,122,0.186157,True,122,0.186157,65536
1098,Class_III_C157F2x10000_3,III,test,384,0,256,37250,56.838989,0,0.0,27248,41.577148,737,1.124573,301,0.45929,True,301,0.45929,65536
1099,Class_III_C157F2x10000_3,III,test,384,128,256,32672,49.853516,0,0.0,32047,48.899841,683,1.042175,134,0.204468,True,134,0.204468,65536
1100,Class_III_C157F2x10000_3,III,test,384,256,256,13995,21.354675,0,0.0,50505,77.064514,845,1.289368,191,0.291443,True,191,0.291443,65536
1101,Class_III_C157F2x10000_3,III,test,384,384,256,12025,18.348694,0,0.0,52602,80.264282,705,1.075745,204,0.311279,True,204,0.311279,65536
1102,Class_III_C157F2x10000_3,III,test,384,512,256,14053,21.443176,0,0.0,50655,77.293396,681,1.039124,147,0.224304,True,147,0.224304,65536
1103,Class_III_C157F2x10000_3,III,test,384,640,256,19620,29.937744,0,0.0,44983,68.638611,637,0.971985,296,0.45166,True,296,0.45166,65536
1104,Class_III_C157F2x10000_3,III,test,384,768,256,25062,38.241577,0,0.0,39316,59.991455,784,1.196289,374,0.570679,True,374,0.570679,65536
1105,Class_III_C157F2x10000_3,III,test,384,896,256,16370,24.978638,0,0.0,48159,73.484802,929,1.417542,78,0.119019,True,78,0.119019,65536
1106,Class_III_C157F2x10000_3,III,test,384,1024,256,11069,16.889954,0,0.0,53332,81.378174,1135,1.731873,0,0.0,False,0,0.0,65536
1107,Class_III_C157F2x10000_3,III,test,512,0,256,19592,29.89502,0,0.0,45944,70.10498,0,0.0,0,0.0,False,0,0.0,65536
1108,Class_III_C157F2x10000_3,III,test,512,128,256,21229,32.392883,0,0.0,43762,66.775513,475,0.724792,70,0.106812,True,70,0.106812,65536
1109,Class_III_C157F2x10000_3,III,test,512,256,256,15447,23.570251,0,0.0,48606,74.16687,1356,2.069092,127,0.193787,True,127,0.193787,65536
1110,Class_III_C157F2x10000_3,III,test,512,384,256,11391,17.381287,0,0.0,52996,80.865479,1092,1.66626,57,0.086975,True,57,0.086975,65536
1111,Class_III_C157F2x10000_3,III,test,512,512,256,11956,18.243408,0,0.0,52922,80.752563,554,0.845337,104,0.158691,True,104,0.158691,65536
1112,Class_III_C157F2x10000_3,III,test,512,640,256,17560,26.794434,0,0.0,47529,72.523499,343,0.523376,104,0.158691,True,104,0.158691,65536
1113,Class_III_C157F2x10000_3,III,test,512,768,256,20582,31.40564,0,0.0,44591,68.040466,285,0.434875,78,0.119019,True,78,0.119019,65536
1114,Class_III_C157F2x10000_3,III,test,512,896,256,16275,24.833679,0,0.0,47685,72.761536,1319,2.012634,257,0.392151,True,257,0.392151,65536
1115,Class_III_C157F2x10000_3,III,test,512,1024,256,12230,18.661499,0,0.0,51025,77.857971,2010,3.067017,271,0.413513,True,271,0.413513,65536
1116,Class_III_C157F2x10000_3,III,test,640,0,256,10545,16.090393,0,0.0,54991,83.909607,0,0.0,0,0.0,False,0,0.0,65536
1117,Class_III_C157F2x10000_3,III,test,640,128,256,18291,27.909851,0,0.0,46874,71.524048,301,0.45929,70,0.106812,True,70,0.106812,65536
1118,Class_III_C157F2x10000_3,III,test,640,256,256,20290,30.960083,0,0.0,44156,67.376709,1020,1.556396,70,0.106812,True,70,0.106812,65536
1119,Class_III_C157F2x10000_3,III,test,640,384,256,10366,15.817261,0,0.0,53451,81.559753,1601,2.442932,118,0.180054,True,118,0.180054,65536
1120,Class_III_C157F2x10000_3,III,test,640,512,256,6453,9.846497,0,0.0,57619,87.919617,1200,1.831055,264,0.402832,True,264,0.402832,65536
1121,Class_III_C157F2x10000_3,III,test,640,640,256,10602,16.177368,0,0.0,53371,81.437683,1115,1.701355,448,0.683594,True,448,0.683594,65536
1122,Class_III_C157F2x10000_3,III,test,640,768,256,11241,17.152405,0,0.0,53055,80.955505,938,1.431274,302,0.460815,True,302,0.460815,65536
1123,Class_III_C157F2x10000_3,III,test,640,896,256,10487,16.001892,0,0.0,53388,81.463623,1482,2.261353,179,0.273132,True,179,0.273132,65536
1124,Class_III_C157F2x10000_3,III,test,640,1024,256,13153,20.069885,0,0.0,50286,76.730347,1826,2.786255,271,0.413513,True,271,0.413513,65536
1125,Class_III_C157F2x10000_3,III,test,703,0,256,11832,18.054199,0,0.0,52963,80.815125,680,1.037598,61,0.093079,True,61,0.093079,65536
1126,Class_III_C157F2x10000_3,III,test,703,128,256,17055,26.023865,0,0.0,47975,73.204041,436,0.665283,70,0.106812,True,70,0.106812,65536
1127,Class_III_C157F2x10000_3,III,test,703,256,256,24110,36.78894,0,0.0,40831,62.303162,525,0.801086,70,0.106812,True,70,0.106812,65536
1128,Class_III_C157F2x10000_3,III,test,703,384,256,17394,26.541138,0,0.0,47053,71.79718,971,1.481628,118,0.180054,True,118,0.180054,65536
1129,Class_III_C157F2x10000_3,III,test,703,512,256,8972,13.690186,0,0.0,55409,84.547424,995,1.51825,160,0.244141,True,160,0.244141,65536
1130,Class_III_C157F2x10000_3,III,test,703,640,256,8954,13.66272,0,0.0,55328,84.423828,910,1.38855,344,0.524902,True,344,0.524902,65536
1131,Class_III_C157F2x10000_3,III,test,703,768,256,11421,17.427063,0,0.0,52875,80.680847,938,1.431274,302,0.460815,True,302,0.460815,65536
1132,Class_III_C157F2x10000_3,III,test,703,896,256,8787,13.407898,0,0.0,55139,84.135437,1394,2.127075,216,0.32959,True,216,0.32959,65536
1133,Class_III_C157F2x10000_3,III,test,703,1024,256,8475,12.931824,0,0.0,55403,84.538269,1442,2.200317,216,0.32959,True,216,0.32959,65536
1134,Class_III_C157F3x10000_2,III,test,0,0,256,9045,13.801575,0,0.0,49723,75.871277,6650,10.147095,118,0.180054,True,118,0.180054,65536
1135,Class_III_C157F3x10000_2,III,test,0,128,256,14057,21.44928,0,0.0,47967,73.191833,3345,5.104065,167,0.254822,True,167,0.254822,65536
1136,Class_III_C157F3x10000_2,III,test,0,256,256,24766,37.789917,0,0.0,38052,58.062744,2551,3.892517,167,0.254822,True,167,0.254822,65536
1137,Class_III_C157F3x10000_2,III,test,0,384,256,20192,30.810547,0,0.0,43080,65.734863,2003,3.056335,261,0.398254,True,261,0.398254,65536
1138,Class_III_C157F3x10000_2,III,test,0,512,256,5532,8.441162,0,0.0,57289,87.416077,2384,3.637695,331,0.505066,True,331,0.505066,65536
1139,Class_III_C157F3x10000_2,III,test,0,640,256,10358,15.805054,0,0.0,51731,78.935242,3165,4.829407,282,0.430298,True,282,0.430298,65536
1140,Class_III_C157F3x10000_2,III,test,0,768,256,15367,23.448181,0,0.0,45397,69.270325,4398,6.710815,374,0.570679,True,374,0.570679,65536
1141,Class_III_C157F3x10000_2,III,test,0,896,256,8669,13.227844,0,0.0,53897,82.240295,2808,4.284668,162,0.247192,True,162,0.247192,65536
1142,Class_III_C157F3x10000_2,III,test,0,1024,256,4671,7.12738,0,0.0,58056,88.586426,2639,4.026794,170,0.259399,True,170,0.259399,65536
1143,Class_III_C157F3x10000_2,III,test,128,0,256,5639,8.604431,0,0.0,52870,80.673218,6909,10.542297,118,0.180054,True,118,0.180054,65536
1144,Class_III_C157F3x10000_2,III,test,128,128,256,8961,13.673401,0,0.0,53409,81.495667,3114,4.751587,52,0.079346,True,52,0.079346,65536
1145,Class_III_C157F3x10000_2,III,test,128,256,256,14758,22.518921,0,0.0,50292,76.739502,434,0.662231,52,0.079346,True,52,0.079346,65536
1146,Class_III_C157F3x10000_2,III,test,128,384,256,13118,20.016479,0,0.0,51727,78.929138,623,0.950623,68,0.10376,True,68,0.10376,65536
1147,Class_III_C157F3x10000_2,III,test,128,512,256,9057,13.819885,0,0.0,53946,82.315063,2465,3.761292,68,0.10376,True,68,0.10376,65536
1148,Class_III_C157F3x10000_2,III,test,128,640,256,9730,14.846802,0,0.0,53148,81.097412,2629,4.011536,29,0.04425,True,29,0.04425,65536
1149,Class_III_C157F3x10000_2,III,test,128,768,256,11738,17.910767,0,0.0,51997,79.341125,1772,2.703857,29,0.04425,True,29,0.04425,65536
1150,Class_III_C157F3x10000_2,III,test,128,896,256,20622,31.466675,0,0.0,43929,67.030334,985,1.502991,0,0.0,False,0,0.0,65536
1151,Class_III_C157F3x10000_2,III,test,128,1024,256,20720,31.616211,0,0.0,41802,63.78479,2597,3.962708,417,0.636292,True,417,0.636292,65536
1152,Class_III_C157F3x10000_2,III,test,256,0,256,8853,13.508606,0,0.0,49950,76.217651,6524,9.954834,209,0.318909,True,209,0.318909,65536
1153,Class_III_C157F3x10000_2,III,test,256,128,256,16846,25.704956,0,0.0,44291,67.582703,4225,6.446838,174,0.265503,True,174,0.265503,65536
1154,Class_III_C157F3x10000_2,III,test,256,256,256,16025,24.452209,0,0.0,48128,73.4375,1284,1.959229,99,0.151062,True,99,0.151062,65536
1155,Class_III_C157F3x10000_2,III,test,256,384,256,10703,16.331482,0,0.0,53317,81.355286,1194,1.821899,322,0.491333,True,322,0.491333,65536
1156,Class_III_C157F3x10000_2,III,test,256,512,256,20719,31.614685,0,0.0,42378,64.663696,2216,3.381348,223,0.340271,True,223,0.340271,65536
1157,Class_III_C157F3x10000_2,III,test,256,640,256,27621,42.146301,0,0.0,35523,54.203796,2392,3.649902,0,0.0,False,0,0.0,65536
1158,Class_III_C157F3x10000_2,III,test,256,768,256,21224,32.385254,0,0.0,40626,61.990356,3686,5.62439,0,0.0,False,0,0.0,65536
1159,Class_III_C157F3x10000_2,III,test,256,896,256,27801,42.420959,0,0.0,33553,51.197815,4182,6.381226,0,0.0,False,0,0.0,65536
1160,Class_III_C157F3x10000_2,III,test,256,1024,256,27085,41.32843,0,0.0,34614,52.816772,3478,5.307007,359,0.547791,True,359,0.547791,65536
1161,Class_III_C157F3x10000_2,III,test,384,0,256,6512,9.936523,0,0.0,51434,78.482056,7300,11.138916,290,0.442505,True,290,0.442505,65536
1162,Class_III_C157F3x10000_2,III,test,384,128,256,15182,23.165894,0,0.0,45275,69.084167,4824,7.36084,255,0.389099,True,255,0.389099,65536
1163,Class_III_C157F3x10000_2,III,test,384,256,256,15325,23.384094,0,0.0,48478,73.971558,1634,2.493286,99,0.151062,True,99,0.151062,65536
1164,Class_III_C157F3x10000_2,III,test,384,384,256,11909,18.171692,0,0.0,51058,77.908325,2105,3.211975,464,0.708008,True,464,0.708008,65536
1165,Class_III_C157F3x10000_2,III,test,384,512,256,30801,46.998596,0,0.0,32494,49.581909,1876,2.862549,365,0.556946,True,365,0.556946,65536
1166,Class_III_C157F3x10000_2,III,test,384,640,256,37075,56.57196,0,0.0,27453,41.889954,1008,1.538086,0,0.0,False,0,0.0,65536
1167,Class_III_C157F3x10000_2,III,test,384,768,256,23404,35.71167,0,0.0,38006,57.992554,3984,6.079102,142,0.216675,True,142,0.216675,65536
1168,Class_III_C157F3x10000_2,III,test,384,896,256,19849,30.28717,0,0.0,40295,61.485291,5250,8.010864,142,0.216675,True,142,0.216675,65536
1169,Class_III_C157F3x10000_2,III,test,384,1024,256,20766,31.686401,0,0.0,39887,60.862732,4771,7.279968,112,0.170898,True,112,0.170898,65536
1170,Class_III_C157F3x10000_2,III,test,512,0,256,4322,6.594849,0,0.0,54806,83.627319,6290,9.597778,118,0.180054,True,118,0.180054,65536
1171,Class_III_C157F3x10000_2,III,test,512,128,256,11599,17.698669,0,0.0,49993,76.283264,3831,5.845642,113,0.172424,True,113,0.172424,65536
1172,Class_III_C157F3x10000_2,III,test,512,256,256,14702,22.433472,0,0.0,49550,75.6073,1284,1.959229,0,0.0,False,0,0.0,65536
1173,Class_III_C157F3x10000_2,III,test,512,384,256,18171,27.726746,0,0.0,45410,69.290161,1813,2.766418,142,0.216675,True,142,0.216675,65536
1174,Class_III_C157F3x10000_2,III,test,512,512,256,30763,46.940613,0,0.0,32594,49.734497,1959,2.989197,220,0.335693,True,220,0.335693,65536
1175,Class_III_C157F3x10000_2,III,test,512,640,256,28185,43.006897,0,0.0,35371,53.971863,1844,2.813721,136,0.20752,True,136,0.20752,65536
1176,Class_III_C157F3x10000_2,III,test,512,768,256,26227,40.019226,0,0.0,35370,53.970337,3568,5.444336,371,0.566101,True,371,0.566101,65536
1177,Class_III_C157F3x10000_2,III,test,512,896,256,29913,45.643616,0,0.0,32298,49.282837,3012,4.595947,313,0.4776,True,313,0.4776,65536
1178,Class_III_C157F3x10000_2,III,test,512,1024,256,21305,32.50885,0,0.0,41868,63.885498,2363,3.605652,0,0.0,False,0,0.0,65536
1179,Class_III_C157F3x10000_2,III,test,640,0,256,7397,11.286926,0,0.0,52952,80.79834,5127,7.823181,60,0.091553,True,60,0.091553,65536
1180,Class_III_C157F3x10000_2,III,test,640,128,256,17857,27.24762,0,0.0,45687,69.71283,1960,2.990723,32,0.048828,True,32,0.048828,65536
1181,Class_III_C157F3x10000_2,III,test,640,256,256,29323,44.743347,0,0.0,34036,51.934814,2015,3.074646,162,0.247192,True,162,0.247192,65536
1182,Class_III_C157F3x10000_2,III,test,640,384,256,34704,52.954102,0,0.0,27412,41.827393,3258,4.971313,162,0.247192,True,162,0.247192,65536
1183,Class_III_C157F3x10000_2,III,test,640,512,256,25818,39.395142,0,0.0,37248,56.835938,2384,3.637695,86,0.131226,True,86,0.131226,65536
1184,Class_III_C157F3x10000_2,III,test,640,640,256,15643,23.869324,0,0.0,47692,72.772217,2057,3.138733,144,0.219727,True,144,0.219727,65536
1185,Class_III_C157F3x10000_2,III,test,640,768,256,22166,33.822632,0,0.0,40764,62.200928,2377,3.627014,229,0.349426,True,229,0.349426,65536
1186,Class_III_C157F3x10000_2,III,test,640,896,256,27241,41.566467,0,0.0,37092,56.5979,1032,1.574707,171,0.260925,True,171,0.260925,65536
1187,Class_III_C157F3x10000_2,III,test,640,1024,256,15556,23.736572,0,0.0,49980,76.263428,0,0.0,0,0.0,False,0,0.0,65536
1188,Class_III_C157F3x10000_2,III,test,703,0,256,6163,9.403992,0,0.0,54015,82.420349,5298,8.084106,60,0.091553,True,60,0.091553,65536
1189,Class_III_C157F3x10000_2,III,test,703,128,256,20722,31.619263,0,0.0,42506,64.859009,2276,3.4729,32,0.048828,True,32,0.048828,65536
1190,Class_III_C157F3x10000_2,III,test,703,256,256,35747,54.545593,0,0.0,27642,42.178345,1985,3.02887,162,0.247192,True,162,0.247192,65536
1191,Class_III_C157F3x10000_2,III,test,703,384,256,36785,56.129456,0,0.0,25382,38.729858,3207,4.893494,162,0.247192,True,162,0.247192,65536
1192,Class_III_C157F3x10000_2,III,test,703,512,256,27522,41.995239,0,0.0,35640,54.382324,2288,3.491211,86,0.131226,True,86,0.131226,65536
1193,Class_III_C157F3x10000_2,III,test,703,640,256,20972,32.000732,0,0.0,42826,65.34729,1594,2.432251,144,0.219727,True,144,0.219727,65536
1194,Class_III_C157F3x10000_2,III,test,703,768,256,20672,31.542969,0,0.0,43879,66.954041,927,1.41449,58,0.088501,True,58,0.088501,65536
1195,Class_III_C157F3x10000_2,III,test,703,896,256,17642,26.919556,0,0.0,47348,72.247314,546,0.83313,0,0.0,False,0,0.0,65536
1196,Class_III_C157F3x10000_2,III,test,703,1024,256,11650,17.776489,0,0.0,53001,80.873108,803,1.225281,82,0.125122,True,82,0.125122,65536
1197,Class_III_C157F3x10000_3,III,train,0,0,256,8980,13.702393,0,0.0,56556,86.297607,0,0.0,0,0.0,False,0,0.0,65536
1198,Class_III_C157F3x10000_3,III,train,0,128,256,8385,12.794495,0,0.0,57143,87.193298,8,0.012207,0,0.0,False,0,0.0,65536
1199,Class_III_C157F3x10000_3,III,train,0,256,256,2976,4.541016,0,0.0,61134,93.283081,1289,1.966858,137,0.209045,True,137,0.209045,65536
1200,Class_III_C157F3x10000_3,III,train,0,384,256,2889,4.408264,0,0.0,61126,93.270874,1384,2.111816,137,0.209045,True,137,0.209045,65536
1201,Class_III_C157F3x10000_3,III,train,0,512,256,3423,5.223083,0,0.0,60533,92.366028,1474,2.249146,106,0.161743,True,106,0.161743,65536
1202,Class_III_C157F3x10000_3,III,train,0,640,256,7211,11.003113,0,0.0,53424,81.518555,4494,6.8573,407,0.621033,True,407,0.621033,65536
1203,Class_III_C157F3x10000_3,III,train,0,768,256,10339,15.776062,0,0.0,50303,76.756287,4476,6.829834,418,0.637817,True,418,0.637817,65536
1204,Class_III_C157F3x10000_3,III,train,0,896,256,15945,24.330139,0,0.0,48121,73.426819,1353,2.064514,117,0.178528,True,117,0.178528,65536
1205,Class_III_C157F3x10000_3,III,train,0,1024,256,25811,39.38446,0,0.0,38137,58.192444,1460,2.227783,128,0.195312,True,128,0.195312,65536
1206,Class_III_C157F3x10000_3,III,train,128,0,256,11263,17.185974,0,0.0,53663,81.88324,610,0.930786,0,0.0,False,0,0.0,65536
1207,Class_III_C157F3x10000_3,III,train,128,128,256,11497,17.54303,0,0.0,52417,79.981995,1545,2.357483,77,0.117493,True,77,0.117493,65536
1208,Class_III_C157F3x10000_3,III,train,128,256,256,3159,4.820251,0,0.0,60809,92.78717,1491,2.275085,77,0.117493,True,77,0.117493,65536
1209,Class_III_C157F3x10000_3,III,train,128,384,256,0,0.0,0,0.0,65433,99.842834,103,0.157166,0,0.0,False,0,0.0,65536
1210,Class_III_C157F3x10000_3,III,train,128,512,256,5559,8.482361,0,0.0,58397,89.10675,1474,2.249146,106,0.161743,True,106,0.161743,65536
1211,Class_III_C157F3x10000_3,III,train,128,640,256,15932,24.310303,0,0.0,46103,70.347595,3094,4.721069,407,0.621033,True,407,0.621033,65536
1212,Class_III_C157F3x10000_3,III,train,128,768,256,15582,23.776245,0,0.0,47930,73.135376,1723,2.629089,301,0.45929,True,301,0.45929,65536
1213,Class_III_C157F3x10000_3,III,train,128,896,256,14434,22.024536,0,0.0,49686,75.814819,1281,1.954651,135,0.205994,True,135,0.205994,65536
1214,Class_III_C157F3x10000_3,III,train,128,1024,256,21027,32.084656,0,0.0,37593,57.362366,6549,9.992981,367,0.559998,True,367,0.559998,65536
1215,Class_III_C157F3x10000_3,III,train,256,0,256,12196,18.609619,0,0.0,50122,76.480103,2989,4.560852,229,0.349426,True,229,0.349426,65536
1216,Class_III_C157F3x10000_3,III,train,256,128,256,9093,13.874817,0,0.0,54044,82.4646,2217,3.382874,182,0.27771,True,182,0.27771,65536
1217,Class_III_C157F3x10000_3,III,train,256,256,256,5853,8.930969,0,0.0,56716,86.541748,2844,4.3396,123,0.187683,True,123,0.187683,65536
1218,Class_III_C157F3x10000_3,III,train,256,384,256,5224,7.971191,0,0.0,57906,88.357544,2349,3.58429,57,0.086975,True,57,0.086975,65536
1219,Class_III_C157F3x10000_3,III,train,256,512,256,15229,23.23761,0,0.0,49300,75.22583,996,1.519775,11,0.016785,True,11,0.016785,65536
1220,Class_III_C157F3x10000_3,III,train,256,640,256,30588,46.673584,0,0.0,34184,52.160645,764,1.165771,0,0.0,False,0,0.0,65536
1221,Class_III_C157F3x10000_3,III,train,256,768,256,25127,38.340759,0,0.0,39645,60.493469,764,1.165771,0,0.0,False,0,0.0,65536
1222,Class_III_C157F3x10000_3,III,train,256,896,256,14329,21.864319,0,0.0,49791,75.975037,1281,1.954651,135,0.205994,True,135,0.205994,65536
1223,Class_III_C157F3x10000_3,III,train,256,1024,256,16079,24.534607,0,0.0,41787,63.761902,7330,11.184692,340,0.518799,True,340,0.518799,65536
1224,Class_III_C157F3x10000_3,III,train,384,0,256,9221,14.070129,0,0.0,52428,79.998779,3631,5.540466,256,0.390625,True,256,0.390625,65536
1225,Class_III_C157F3x10000_3,III,train,384,128,256,5843,8.91571,0,0.0,58085,88.630676,1476,2.252197,132,0.201416,True,132,0.201416,65536
1226,Class_III_C157F3x10000_3,III,train,384,256,256,7639,11.656189,0,0.0,56160,85.693359,1654,2.523804,83,0.126648,True,83,0.126648,65536
1227,Class_III_C157F3x10000_3,III,train,384,384,256,15898,24.258423,0,0.0,45411,69.291687,4133,6.306458,94,0.143433,True,94,0.143433,65536
1228,Class_III_C157F3x10000_3,III,train,384,512,256,21283,32.475281,0,0.0,39830,60.775757,4240,6.469727,183,0.279236,True,183,0.279236,65536
1229,Class_III_C157F3x10000_3,III,train,384,640,256,22841,34.8526,0,0.0,39998,61.032104,2525,3.852844,172,0.262451,True,172,0.262451,65536
1230,Class_III_C157F3x10000_3,III,train,384,768,256,16914,25.808716,0,0.0,47526,72.518921,1096,1.672363,0,0.0,False,0,0.0,65536
1231,Class_III_C157F3x10000_3,III,train,384,896,256,9004,13.739014,0,0.0,55378,84.500122,1154,1.760864,0,0.0,False,0,0.0,65536
1232,Class_III_C157F3x10000_3,III,train,384,1024,256,11112,16.955566,0,0.0,49937,76.197815,4270,6.515503,217,0.331116,True,217,0.331116,65536
1233,Class_III_C157F3x10000_3,III,train,512,0,256,6673,10.18219,0,0.0,57584,87.866211,1252,1.9104,27,0.041199,True,27,0.041199,65536
1234,Class_III_C157F3x10000_3,III,train,512,128,256,7508,11.456299,0,0.0,57197,87.275696,804,1.226807,27,0.041199,True,27,0.041199,65536
1235,Class_III_C157F3x10000_3,III,train,512,256,256,8940,13.641357,0,0.0,56026,85.488892,510,0.778198,60,0.091553,True,60,0.091553,65536
1236,Class_III_C157F3x10000_3,III,train,512,384,256,16759,25.572205,0,0.0,44885,68.489075,3772,5.755615,120,0.183105,True,120,0.183105,65536
1237,Class_III_C157F3x10000_3,III,train,512,512,256,17543,26.768494,0,0.0,42738,65.213013,5023,7.66449,232,0.354004,True,232,0.354004,65536
1238,Class_III_C157F3x10000_3,III,train,512,640,256,13767,21.006775,0,0.0,49836,76.043701,1761,2.687073,172,0.262451,True,172,0.262451,65536
1239,Class_III_C157F3x10000_3,III,train,512,768,256,13983,21.336365,0,0.0,49085,74.897766,2233,3.407288,235,0.358582,True,235,0.358582,65536
1240,Class_III_C157F3x10000_3,III,train,512,896,256,17253,26.325989,0,0.0,44955,68.595886,3093,4.719543,235,0.358582,True,235,0.358582,65536
1241,Class_III_C157F3x10000_3,III,train,512,1024,256,16344,24.938965,0,0.0,46026,70.230103,2962,4.519653,204,0.311279,True,204,0.311279,65536
1242,Class_III_C157F3x10000_3,III,train,640,0,256,6427,9.806824,0,0.0,55130,84.121704,3777,5.763245,202,0.308228,True,202,0.308228,65536
1243,Class_III_C157F3x10000_3,III,train,640,128,256,5554,8.474731,0,0.0,59171,90.287781,668,1.019287,143,0.218201,True,143,0.218201,65536
1244,Class_III_C157F3x10000_3,III,train,640,256,256,8357,12.75177,0,0.0,56318,85.934448,695,1.060486,166,0.253296,True,166,0.253296,65536
1245,Class_III_C157F3x10000_3,III,train,640,384,256,12545,19.142151,0,0.0,50920,77.697754,1988,3.033447,83,0.126648,True,83,0.126648,65536
1246,Class_III_C157F3x10000_3,III,train,640,512,256,12812,19.549561,0,0.0,50885,77.644348,1779,2.714539,60,0.091553,True,60,0.091553,65536
1247,Class_III_C157F3x10000_3,III,train,640,640,256,12158,18.551636,0,0.0,52127,79.53949,1089,1.661682,162,0.247192,True,162,0.247192,65536
1248,Class_III_C157F3x10000_3,III,train,640,768,256,11703,17.857361,0,0.0,48201,73.548889,4978,7.595825,654,0.997925,True,654,0.997925,65536
1249,Class_III_C157F3x10000_3,III,train,640,896,256,19234,29.348755,0,0.0,41883,63.908386,3927,5.992126,492,0.750732,True,492,0.750732,65536
1250,Class_III_C157F3x10000_3,III,train,640,1024,256,15996,24.407959,0,0.0,48519,74.034119,933,1.423645,88,0.134277,True,88,0.134277,65536
1251,Class_III_C157F3x10000_3,III,train,703,0,256,12983,19.810486,0,0.0,48574,74.118042,3777,5.763245,202,0.308228,True,202,0.308228,65536
1252,Class_III_C157F3x10000_3,III,train,703,128,256,10016,15.283203,0,0.0,54532,83.209229,842,1.28479,146,0.222778,True,146,0.222778,65536
1253,Class_III_C157F3x10000_3,III,train,703,256,256,9324,14.227295,0,0.0,55406,84.542847,660,1.00708,146,0.222778,True,146,0.222778,65536
1254,Class_III_C157F3x10000_3,III,train,703,384,256,11277,17.207336,0,0.0,53320,81.359863,879,1.341248,60,0.091553,True,60,0.091553,65536
1255,Class_III_C157F3x10000_3,III,train,703,512,256,11064,16.882324,0,0.0,53533,81.684875,879,1.341248,60,0.091553,True,60,0.091553,65536
1256,Class_III_C157F3x10000_3,III,train,703,640,256,11631,17.747498,0,0.0,52654,80.343628,1089,1.661682,162,0.247192,True,162,0.247192,65536
1257,Class_III_C157F3x10000_3,III,train,703,768,256,10333,15.766907,0,0.0,49571,75.639343,4978,7.595825,654,0.997925,True,654,0.997925,65536
1258,Class_III_C157F3x10000_3,III,train,703,896,256,14838,22.640991,0,0.0,46317,70.674133,3889,5.934143,492,0.750732,True,492,0.750732,65536
1259,Class_III_C157F3x10000_3,III,train,703,1024,256,12239,18.675232,0,0.0,53297,81.324768,0,0.0,0,0.0,False,0,0.0,65536
1260,Class_III_C157F3x10000_4,III,val,0,0,256,2205,3.364563,0,0.0,61056,93.164062,2135,3.257751,140,0.213623,True,140,0.213623,65536
1261,Class_III_C157F3x10000_4,III,val,0,128,256,6125,9.346008,0,0.0,57908,88.360596,1462,2.230835,41,0.062561,True,41,0.062561,65536
1262,Class_III_C157F3x10000_4,III,val,0,256,256,6602,10.073853,0,0.0,56252,85.83374,2641,4.029846,41,0.062561,True,41,0.062561,65536
1263,Class_III_C157F3x10000_4,III,val,0,384,256,7136,10.888672,0,0.0,55496,84.680176,2718,4.147339,186,0.283813,True,186,0.283813,65536
1264,Class_III_C157F3x10000_4,III,val,0,512,256,11751,17.930603,0,0.0,50448,76.977539,2994,4.568481,343,0.523376,True,343,0.523376,65536
1265,Class_III_C157F3x10000_4,III,val,0,640,256,27535,42.015076,0,0.0,32374,49.398804,5240,7.995605,387,0.590515,True,387,0.590515,65536
1266,Class_III_C157F3x10000_4,III,val,0,768,256,26697,40.736389,0,0.0,32905,50.209045,5657,8.631897,277,0.422668,True,277,0.422668,65536
1267,Class_III_C157F3x10000_4,III,val,0,896,256,6894,10.519409,0,0.0,54526,83.200073,4069,6.208801,47,0.071716,True,47,0.071716,65536
1268,Class_III_C157F3x10000_4,III,val,0,1024,256,857,1.307678,0,0.0,61499,93.840027,3061,4.670715,119,0.18158,True,119,0.18158,65536
1269,Class_III_C157F3x10000_4,III,val,128,0,256,7754,11.831665,0,0.0,55617,84.864807,1944,2.966309,221,0.337219,True,221,0.337219,65536
1270,Class_III_C157F3x10000_4,III,val,128,128,256,8357,12.75177,0,0.0,55252,84.307861,1774,2.706909,153,0.233459,True,153,0.233459,65536
1271,Class_III_C157F3x10000_4,III,val,128,256,256,7884,12.030029,0,0.0,54900,83.770752,2752,4.199219,0,0.0,False,0,0.0,65536
1272,Class_III_C157F3x10000_4,III,val,128,384,256,10091,15.397644,0,0.0,50428,76.947021,4718,7.199097,299,0.456238,True,299,0.456238,65536
1273,Class_III_C157F3x10000_4,III,val,128,512,256,15985,24.391174,0,0.0,44224,67.480469,4802,7.327271,525,0.801086,True,525,0.801086,65536
1274,Class_III_C157F3x10000_4,III,val,128,640,256,27451,41.886902,0,0.0,32058,48.916626,5491,8.378601,536,0.817871,True,536,0.817871,65536
1275,Class_III_C157F3x10000_4,III,val,128,768,256,22999,35.093689,0,0.0,32283,49.259949,9748,14.874268,506,0.772095,True,506,0.772095,65536
1276,Class_III_C157F3x10000_4,III,val,128,896,256,3879,5.918884,0,0.0,48941,74.67804,12488,19.055176,228,0.3479,True,228,0.3479,65536
1277,Class_III_C157F3x10000_4,III,val,128,1024,256,131,0.19989,0,0.0,56769,86.62262,8485,12.947083,151,0.230408,True,151,0.230408,65536
1278,Class_III_C157F3x10000_4,III,val,256,0,256,25041,38.209534,0,0.0,35418,54.043579,4681,7.142639,396,0.604248,True,396,0.604248,65536
1279,Class_III_C157F3x10000_4,III,val,256,128,256,19134,29.196167,0,0.0,43972,67.095947,2277,3.474426,153,0.233459,True,153,0.233459,65536
1280,Class_III_C157F3x10000_4,III,val,256,256,256,7589,11.579895,0,0.0,56322,85.940552,1625,2.479553,0,0.0,False,0,0.0,65536
1281,Class_III_C157F3x10000_4,III,val,256,384,256,9210,14.053345,0,0.0,52230,79.696655,3940,6.011963,156,0.238037,True,156,0.238037,65536
1282,Class_III_C157F3x10000_4,III,val,256,512,256,12609,19.239807,0,0.0,48453,73.933411,4249,6.483459,225,0.343323,True,225,0.343323,65536
1283,Class_III_C157F3x10000_4,III,val,256,640,256,11082,16.90979,0,0.0,49435,75.431824,4666,7.119751,353,0.538635,True,353,0.538635,65536
1284,Class_III_C157F3x10000_4,III,val,256,768,256,8756,13.360596,0,0.0,47438,72.384644,8909,13.594055,433,0.660706,True,433,0.660706,65536
1285,Class_III_C157F3x10000_4,III,val,256,896,256,11710,17.868042,0,0.0,42472,64.807129,11173,17.048645,181,0.276184,True,181,0.276184,65536
1286,Class_III_C157F3x10000_4,III,val,256,1024,256,14348,21.893311,0,0.0,44348,67.669678,6808,10.388184,32,0.048828,True,32,0.048828,65536
1287,Class_III_C157F3x10000_4,III,val,384,0,256,29294,44.699097,0,0.0,29538,45.071411,6529,9.962463,175,0.267029,True,175,0.267029,65536
1288,Class_III_C157F3x10000_4,III,val,384,128,256,32378,49.404907,0,0.0,29378,44.827271,3675,5.607605,105,0.160217,True,105,0.160217,65536
1289,Class_III_C157F3x10000_4,III,val,384,256,256,19947,30.436707,0,0.0,44056,67.224121,1428,2.178955,105,0.160217,True,105,0.160217,65536
1290,Class_III_C157F3x10000_4,III,val,384,384,256,5252,8.013916,0,0.0,57943,88.414001,2279,3.477478,62,0.094604,True,62,0.094604,65536
1291,Class_III_C157F3x10000_4,III,val,384,512,256,3,0.004578,0,0.0,62360,95.153809,3111,4.747009,62,0.094604,True,62,0.094604,65536
1292,Class_III_C157F3x10000_4,III,val,384,640,256,0,0.0,0,0.0,59680,91.064453,5495,8.384705,361,0.550842,True,361,0.550842,65536
1293,Class_III_C157F3x10000_4,III,val,384,768,256,3705,5.653381,0,0.0,55089,84.059143,6318,9.640503,424,0.646973,True,424,0.646973,65536
1294,Class_III_C157F3x10000_4,III,val,384,896,256,17313,26.417542,0,0.0,42442,64.761353,5601,8.546448,180,0.274658,True,180,0.274658,65536
1295,Class_III_C157F3x10000_4,III,val,384,1024,256,24467,37.333679,0,0.0,35703,54.478455,5174,7.894897,192,0.292969,True,192,0.292969,65536
1296,Class_III_C157F3x10000_4,III,val,512,0,256,24560,37.475586,0,0.0,34806,53.109741,5990,9.140015,180,0.274658,True,180,0.274658,65536
1297,Class_III_C157F3x10000_4,III,val,512,128,256,40024,61.071777,0,0.0,18572,28.338623,6555,10.002136,385,0.587463,True,385,0.587463,65536
1298,Class_III_C157F3x10000_4,III,val,512,256,256,36435,55.595398,0,0.0,24183,36.90033,4713,7.191467,205,0.312805,True,205,0.312805,65536
1299,Class_III_C157F3x10000_4,III,val,512,384,256,12345,18.836975,0,0.0,46969,71.669006,6160,9.399414,62,0.094604,True,62,0.094604,65536
1300,Class_III_C157F3x10000_4,III,val,512,512,256,3,0.004578,0,0.0,60735,92.674255,4736,7.226562,62,0.094604,True,62,0.094604,65536
1301,Class_III_C157F3x10000_4,III,val,512,640,256,3,0.004578,0,0.0,61684,94.122314,3636,5.548096,213,0.325012,True,213,0.325012,65536
1302,Class_III_C157F3x10000_4,III,val,512,768,256,3203,4.88739,0,0.0,57686,88.021851,4277,6.526184,370,0.564575,True,370,0.564575,65536
1303,Class_III_C157F3x10000_4,III,val,512,896,256,10301,15.718079,0,0.0,50313,76.771545,4648,7.092285,274,0.418091,True,274,0.418091,65536
1304,Class_III_C157F3x10000_4,III,val,512,1024,256,14552,22.20459,0,0.0,45151,68.894958,5634,8.596802,199,0.30365,True,199,0.30365,65536
1305,Class_III_C157F3x10000_4,III,val,640,0,256,30019,45.805359,0,0.0,31167,47.557068,4170,6.362915,180,0.274658,True,180,0.274658,65536
1306,Class_III_C157F3x10000_4,III,val,640,128,256,34802,53.103638,0,0.0,22924,34.979248,7454,11.373901,356,0.543213,True,356,0.543213,65536
1307,Class_III_C157F3x10000_4,III,val,640,256,256,27339,41.716003,0,0.0,32329,49.330139,5692,8.685303,176,0.268555,True,176,0.268555,65536
1308,Class_III_C157F3x10000_4,III,val,640,384,256,10316,15.740967,0,0.0,49879,76.109314,5341,8.149719,0,0.0,False,0,0.0,65536
1309,Class_III_C157F3x10000_4,III,val,640,512,256,2536,3.869629,0,0.0,57330,87.478638,5536,8.447266,134,0.204468,True,134,0.204468,65536
1310,Class_III_C157F3x10000_4,III,val,640,640,256,7103,10.838318,0,0.0,55072,84.033203,3227,4.924011,134,0.204468,True,134,0.204468,65536
1311,Class_III_C157F3x10000_4,III,val,640,768,256,6660,10.162354,0,0.0,57274,87.393188,1508,2.301025,94,0.143433,True,94,0.143433,65536
1312,Class_III_C157F3x10000_4,III,val,640,896,256,4638,7.077026,0,0.0,59745,91.163635,1059,1.615906,94,0.143433,True,94,0.143433,65536
1313,Class_III_C157F3x10000_4,III,val,640,1024,256,6721,10.255432,0,0.0,56989,86.958313,1819,2.775574,7,0.010681,True,7,0.010681,65536
1314,Class_III_C157F3x10000_4,III,val,703,0,256,27963,42.668152,0,0.0,33274,50.772095,4231,6.455994,68,0.10376,True,68,0.10376,65536
1315,Class_III_C157F3x10000_4,III,val,703,128,256,31004,47.30835,0,0.0,27408,41.821289,6929,10.572815,195,0.297546,True,195,0.297546,65536
1316,Class_III_C157F3x10000_4,III,val,703,256,256,22770,34.744263,0,0.0,38211,58.305359,4428,6.756592,127,0.193787,True,127,0.193787,65536
1317,Class_III_C157F3x10000_4,III,val,703,384,256,6762,10.317993,0,0.0,54885,83.747864,3889,5.934143,0,0.0,False,0,0.0,65536
1318,Class_III_C157F3x10000_4,III,val,703,512,256,3560,5.432129,0,0.0,57389,87.568665,4453,6.794739,134,0.204468,True,134,0.204468,65536
1319,Class_III_C157F3x10000_4,III,val,703,640,256,12072,18.42041,0,0.0,50403,76.908875,2927,4.466248,134,0.204468,True,134,0.204468,65536
1320,Class_III_C157F3x10000_4,III,val,703,768,256,10623,16.209412,0,0.0,52786,80.545044,1952,2.978516,175,0.267029,True,175,0.267029,65536
1321,Class_III_C157F3x10000_4,III,val,703,896,256,4259,6.498718,0,0.0,59608,90.95459,1494,2.279663,175,0.267029,True,175,0.267029,65536
1322,Class_III_C157F3x10000_4,III,val,703,1024,256,6271,9.568787,0,0.0,58504,89.27002,761,1.161194,0,0.0,False,0,0.0,65536
1323,Class_III_C157F3x10001,III,train,0,0,256,15121,23.072815,0,0.0,49489,75.514221,926,1.412964,0,0.0,False,0,0.0,65536
1324,Class_III_C157F3x10001,III,train,0,128,256,11872,18.115234,0,0.0,52550,80.184937,888,1.35498,226,0.344849,True,226,0.344849,65536
1325,Class_III_C157F3x10001,III,train,0,256,256,9498,14.492798,0,0.0,53055,80.955505,2371,3.617859,612,0.933838,True,612,0.933838,65536
1326,Class_III_C157F3x10001,III,train,0,384,256,5897,8.998108,0,0.0,57063,87.071228,2190,3.341675,386,0.588989,True,386,0.588989,65536
1327,Class_III_C157F3x10001,III,train,0,512,256,8533,13.020325,0,0.0,56287,85.887146,439,0.669861,277,0.422668,True,277,0.422668,65536
1328,Class_III_C157F3x10001,III,train,0,640,256,7935,12.107849,0,0.0,56409,86.073303,764,1.165771,428,0.653076,True,428,0.653076,65536
1329,Class_III_C157F3x10001,III,train,0,768,256,14634,22.329712,0,0.0,48944,74.682617,1646,2.511597,312,0.476074,True,312,0.476074,65536
1330,Class_III_C157F3x10001,III,train,0,896,256,16264,24.816895,0,0.0,47535,72.532654,1576,2.404785,161,0.245667,True,161,0.245667,65536
1331,Class_III_C157F3x10001,III,train,0,1024,256,6507,9.928894,0,0.0,57029,87.019348,1835,2.799988,165,0.25177,True,165,0.25177,65536
1332,Class_III_C157F3x10001,III,train,128,0,256,9129,13.929749,0,0.0,55574,84.799194,833,1.271057,0,0.0,False,0,0.0,65536
1333,Class_III_C157F3x10001,III,train,128,128,256,4610,7.034302,0,0.0,60312,92.028809,614,0.93689,0,0.0,False,0,0.0,65536
1334,Class_III_C157F3x10001,III,train,128,256,256,7137,10.890198,0,0.0,57201,87.281799,950,1.449585,248,0.378418,True,248,0.378418,65536
1335,Class_III_C157F3x10001,III,train,128,384,256,10091,15.397644,0,0.0,53608,81.799316,1484,2.264404,353,0.538635,True,353,0.538635,65536
1336,Class_III_C157F3x10001,III,train,128,512,256,19355,29.533386,0,0.0,45224,69.006348,852,1.300049,105,0.160217,True,105,0.160217,65536
1337,Class_III_C157F3x10001,III,train,128,640,256,18446,28.146362,0,0.0,45898,70.03479,1041,1.58844,151,0.230408,True,151,0.230408,65536
1338,Class_III_C157F3x10001,III,train,128,768,256,19183,29.270935,0,0.0,45479,69.395447,723,1.10321,151,0.230408,True,151,0.230408,65536
1339,Class_III_C157F3x10001,III,train,128,896,256,17925,27.351379,0,0.0,47611,72.648621,0,0.0,0,0.0,False,0,0.0,65536
1340,Class_III_C157F3x10001,III,train,128,1024,256,6237,9.516907,0,0.0,59299,90.483093,0,0.0,0,0.0,False,0,0.0,65536
1341,Class_III_C157F3x10001,III,train,256,0,256,15338,23.403931,0,0.0,49716,75.860596,417,0.636292,65,0.099182,True,65,0.099182,65536
1342,Class_III_C157F3x10001,III,train,256,128,256,6697,10.218811,0,0.0,58461,89.204407,313,0.4776,65,0.099182,True,65,0.099182,65536
1343,Class_III_C157F3x10001,III,train,256,256,256,9663,14.744568,0,0.0,55873,85.255432,0,0.0,0,0.0,False,0,0.0,65536
1344,Class_III_C157F3x10001,III,train,256,384,256,20343,31.040955,0,0.0,43316,66.094971,1732,2.642822,145,0.221252,True,145,0.221252,65536
1345,Class_III_C157F3x10001,III,train,256,512,256,31925,48.713684,0,0.0,30388,46.368408,2966,4.525757,257,0.392151,True,257,0.392151,65536
1346,Class_III_C157F3x10001,III,train,256,640,256,31676,48.33374,0,0.0,32116,49.005127,1632,2.490234,112,0.170898,True,112,0.170898,65536
1347,Class_III_C157F3x10001,III,train,256,768,256,26739,40.800476,0,0.0,38399,58.592224,398,0.6073,0,0.0,False,0,0.0,65536
1348,Class_III_C157F3x10001,III,train,256,896,256,18804,28.692627,0,0.0,46732,71.307373,0,0.0,0,0.0,False,0,0.0,65536
1349,Class_III_C157F3x10001,III,train,256,1024,256,9116,13.909912,0,0.0,55946,85.366821,408,0.622559,66,0.100708,True,66,0.100708,65536
1350,Class_III_C157F3x10001,III,train,384,0,256,20111,30.686951,0,0.0,44772,68.31665,588,0.897217,65,0.099182,True,65,0.099182,65536
1351,Class_III_C157F3x10001,III,train,384,128,256,21917,33.442688,0,0.0,42356,64.630127,906,1.382446,357,0.544739,True,357,0.544739,65536
1352,Class_III_C157F3x10001,III,train,384,256,256,24226,36.965942,0,0.0,40425,61.683655,593,0.904846,292,0.445557,True,292,0.445557,65536
1353,Class_III_C157F3x10001,III,train,384,384,256,25077,38.264465,0,0.0,39221,59.846497,1198,1.828003,40,0.061035,True,40,0.061035,65536
1354,Class_III_C157F3x10001,III,train,384,512,256,20691,31.57196,0,0.0,42579,64.970398,2114,3.225708,152,0.231934,True,152,0.231934,65536
1355,Class_III_C157F3x10001,III,train,384,640,256,23386,35.684204,0,0.0,41122,62.747192,916,1.397705,112,0.170898,True,112,0.170898,65536
1356,Class_III_C157F3x10001,III,train,384,768,256,26998,41.195679,0,0.0,38538,58.804321,0,0.0,0,0.0,False,0,0.0,65536
1357,Class_III_C157F3x10001,III,train,384,896,256,25768,39.318848,0,0.0,39768,60.681152,0,0.0,0,0.0,False,0,0.0,65536
1358,Class_III_C157F3x10001,III,train,384,1024,256,18279,27.891541,0,0.0,46783,71.385193,408,0.622559,66,0.100708,True,66,0.100708,65536
1359,Class_III_C157F3x10001,III,train,512,0,256,16087,24.546814,0,0.0,47875,73.051453,1465,2.235413,109,0.166321,True,109,0.166321,65536
1360,Class_III_C157F3x10001,III,train,512,128,256,22428,34.222412,0,0.0,41472,63.28125,1344,2.050781,292,0.445557,True,292,0.445557,65536
1361,Class_III_C157F3x10001,III,train,512,256,256,22773,34.74884,0,0.0,41656,63.562012,815,1.243591,292,0.445557,True,292,0.445557,65536
1362,Class_III_C157F3x10001,III,train,512,384,256,14826,22.622681,0,0.0,50710,77.377319,0,0.0,0,0.0,False,0,0.0,65536
1363,Class_III_C157F3x10001,III,train,512,512,256,12508,19.085693,0,0.0,53028,80.914307,0,0.0,0,0.0,False,0,0.0,65536
1364,Class_III_C157F3x10001,III,train,512,640,256,18748,28.607178,0,0.0,46175,70.457458,503,0.767517,110,0.167847,True,110,0.167847,65536
1365,Class_III_C157F3x10001,III,train,512,768,256,22897,34.938049,0,0.0,42026,64.126587,503,0.767517,110,0.167847,True,110,0.167847,65536
1366,Class_III_C157F3x10001,III,train,512,896,256,23446,35.775757,0,0.0,42090,64.224243,0,0.0,0,0.0,False,0,0.0,65536
1367,Class_III_C157F3x10001,III,train,512,1024,256,16288,24.853516,0,0.0,49248,75.146484,0,0.0,0,0.0,False,0,0.0,65536
1368,Class_III_C157F3x10001,III,train,640,0,256,10763,16.423035,0,0.0,51546,78.652954,2897,4.420471,330,0.50354,True,330,0.50354,65536
1369,Class_III_C157F3x10001,III,train,640,128,256,8615,13.145447,0,0.0,55361,84.474182,1476,2.252197,84,0.128174,True,84,0.128174,65536
1370,Class_III_C157F3x10001,III,train,640,256,256,9929,15.150452,0,0.0,55286,84.359741,284,0.43335,37,0.056458,True,37,0.056458,65536
1371,Class_III_C157F3x10001,III,train,640,384,256,8000,12.207031,0,0.0,57437,87.641907,62,0.094604,37,0.056458,True,37,0.056458,65536
1372,Class_III_C157F3x10001,III,train,640,512,256,15142,23.104858,0,0.0,50394,76.895142,0,0.0,0,0.0,False,0,0.0,65536
1373,Class_III_C157F3x10001,III,train,640,640,256,20157,30.757141,0,0.0,44766,68.307495,503,0.767517,110,0.167847,True,110,0.167847,65536
1374,Class_III_C157F3x10001,III,train,640,768,256,13553,20.680237,0,0.0,51370,78.384399,503,0.767517,110,0.167847,True,110,0.167847,65536
1375,Class_III_C157F3x10001,III,train,640,896,256,12697,19.374084,0,0.0,52839,80.625916,0,0.0,0,0.0,False,0,0.0,65536
1376,Class_III_C157F3x10001,III,train,640,1024,256,17483,26.676941,0,0.0,48053,73.323059,0,0.0,0,0.0,False,0,0.0,65536
1377,Class_III_C157F3x10001,III,train,703,0,256,10706,16.33606,0,0.0,50649,77.284241,3851,5.87616,330,0.50354,True,330,0.50354,65536
1378,Class_III_C157F3x10001,III,train,703,128,256,7930,12.10022,0,0.0,56046,85.519409,1476,2.252197,84,0.128174,True,84,0.128174,65536
1379,Class_III_C157F3x10001,III,train,703,256,256,13837,21.113586,0,0.0,50971,77.775574,591,0.901794,137,0.209045,True,137,0.209045,65536
1380,Class_III_C157F3x10001,III,train,703,384,256,10803,16.48407,0,0.0,54227,82.743835,369,0.563049,137,0.209045,True,137,0.209045,65536
1381,Class_III_C157F3x10001,III,train,703,512,256,14381,21.943665,0,0.0,51155,78.056335,0,0.0,0,0.0,False,0,0.0,65536
1382,Class_III_C157F3x10001,III,train,703,640,256,19080,29.11377,0,0.0,45980,70.159912,288,0.439453,188,0.286865,True,188,0.286865,65536
1383,Class_III_C157F3x10001,III,train,703,768,256,12686,19.3573,0,0.0,52374,79.916382,288,0.439453,188,0.286865,True,188,0.286865,65536
1384,Class_III_C157F3x10001,III,train,703,896,256,15578,23.770142,0,0.0,49958,76.229858,0,0.0,0,0.0,False,0,0.0,65536
1385,Class_III_C157F3x10001,III,train,703,1024,256,23028,35.137939,0,0.0,42108,64.251709,248,0.378418,152,0.231934,True,152,0.231934,65536
1386,Class_III_C158F2x10000,III,train,0,0,256,9128,13.928223,0,0.0,53439,81.541443,2797,4.267883,172,0.262451,True,172,0.262451,65536
1387,Class_III_C158F2x10000,III,train,0,128,256,5462,8.334351,0,0.0,55829,85.188293,4010,6.118774,235,0.358582,True,235,0.358582,65536
1388,Class_III_C158F2x10000,III,train,0,256,256,14295,21.812439,0,0.0,49291,75.212097,1867,2.848816,83,0.126648,True,83,0.126648,65536
1389,Class_III_C158F2x10000,III,train,0,384,256,16927,25.828552,0,0.0,48212,73.565674,343,0.523376,54,0.082397,True,54,0.082397,65536
1390,Class_III_C158F2x10000,III,train,0,512,256,13277,20.259094,0,0.0,51104,77.978516,1054,1.608276,101,0.154114,True,101,0.154114,65536
1391,Class_III_C158F2x10000,III,train,0,640,256,18417,28.102112,0,0.0,46327,70.689392,745,1.13678,47,0.071716,True,47,0.071716,65536
1392,Class_III_C158F2x10000,III,train,0,768,256,22371,34.135437,0,0.0,43165,65.864563,0,0.0,0,0.0,False,0,0.0,65536
1393,Class_III_C158F2x10000,III,train,0,896,256,16456,25.109863,0,0.0,49080,74.890137,0,0.0,0,0.0,False,0,0.0,65536
1394,Class_III_C158F2x10000,III,train,0,1024,256,19372,29.559326,0,0.0,45868,69.989014,296,0.45166,0,0.0,False,0,0.0,65536
1395,Class_III_C158F2x10000,III,train,128,0,256,4212,6.427002,0,0.0,58552,89.343262,2582,3.939819,190,0.289917,True,190,0.289917,65536
1396,Class_III_C158F2x10000,III,train,128,128,256,5910,9.017944,0,0.0,54929,83.815002,4402,6.716919,295,0.450134,True,295,0.450134,65536
1397,Class_III_C158F2x10000,III,train,128,256,256,15403,23.503113,0,0.0,47641,72.694397,2367,3.611755,125,0.190735,True,125,0.190735,65536
1398,Class_III_C158F2x10000,III,train,128,384,256,23889,36.451721,0,0.0,41050,62.637329,597,0.91095,0,0.0,False,0,0.0,65536
1399,Class_III_C158F2x10000,III,train,128,512,256,24472,37.341309,0,0.0,39957,60.969543,1060,1.617432,47,0.071716,True,47,0.071716,65536
1400,Class_III_C158F2x10000,III,train,128,640,256,33224,50.695801,0,0.0,31802,48.526001,463,0.706482,47,0.071716,True,47,0.071716,65536
1401,Class_III_C158F2x10000,III,train,128,768,256,37889,57.814026,0,0.0,27647,42.185974,0,0.0,0,0.0,False,0,0.0,65536
1402,Class_III_C158F2x10000,III,train,128,896,256,24281,37.049866,0,0.0,40523,61.833191,512,0.78125,220,0.335693,True,220,0.335693,65536
1403,Class_III_C158F2x10000,III,train,128,1024,256,16034,24.465942,0,0.0,48333,73.750305,812,1.239014,357,0.544739,True,357,0.544739,65536
1404,Class_III_C158F2x10000,III,train,256,0,256,4195,6.401062,0,0.0,59276,90.447998,1852,2.825928,213,0.325012,True,213,0.325012,65536
1405,Class_III_C158F2x10000,III,train,256,128,256,9303,14.195251,0,0.0,53008,80.883789,2977,4.542542,248,0.378418,True,248,0.378418,65536
1406,Class_III_C158F2x10000,III,train,256,256,256,11112,16.955566,0,0.0,53036,80.926514,1327,2.024841,61,0.093079,True,61,0.093079,65536
1407,Class_III_C158F2x10000,III,train,256,384,256,17601,26.856995,0,0.0,47537,72.535706,398,0.6073,0,0.0,False,0,0.0,65536
1408,Class_III_C158F2x10000,III,train,256,512,256,25861,39.460754,0,0.0,39005,59.516907,670,1.022339,0,0.0,False,0,0.0,65536
1409,Class_III_C158F2x10000,III,train,256,640,256,36698,55.996704,0,0.0,28566,43.588257,272,0.415039,0,0.0,False,0,0.0,65536
1410,Class_III_C158F2x10000,III,train,256,768,256,41007,62.571716,0,0.0,24529,37.428284,0,0.0,0,0.0,False,0,0.0,65536
1411,Class_III_C158F2x10000,III,train,256,896,256,30532,46.588135,0,0.0,34272,52.294922,512,0.78125,220,0.335693,True,220,0.335693,65536
1412,Class_III_C158F2x10000,III,train,256,1024,256,17683,26.982117,0,0.0,45667,69.682312,1730,2.639771,456,0.695801,True,456,0.695801,65536
1413,Class_III_C158F2x10000,III,train,384,0,256,13963,21.305847,0,0.0,47740,72.845459,3680,5.615234,153,0.233459,True,153,0.233459,65536
1414,Class_III_C158F2x10000,III,train,384,128,256,18220,27.801514,0,0.0,44127,67.332458,3036,4.632568,153,0.233459,True,153,0.233459,65536
1415,Class_III_C158F2x10000,III,train,384,256,256,12126,18.502808,0,0.0,52746,80.484009,638,0.973511,26,0.039673,True,26,0.039673,65536
1416,Class_III_C158F2x10000,III,train,384,384,256,10304,15.722656,0,0.0,54948,83.843994,284,0.43335,0,0.0,False,0,0.0,65536
1417,Class_III_C158F2x10000,III,train,384,512,256,16365,24.971008,0,0.0,48151,73.472595,871,1.329041,149,0.227356,True,149,0.227356,65536
1418,Class_III_C158F2x10000,III,train,384,640,256,26421,40.315247,0,0.0,38297,58.436584,669,1.020813,149,0.227356,True,149,0.227356,65536
1419,Class_III_C158F2x10000,III,train,384,768,256,29630,45.211792,0,0.0,35246,53.781128,615,0.938416,45,0.068665,True,45,0.068665,65536
1420,Class_III_C158F2x10000,III,train,384,896,256,22423,34.214783,0,0.0,42535,64.903259,533,0.813293,45,0.068665,True,45,0.068665,65536
1421,Class_III_C158F2x10000,III,train,384,1024,256,22692,34.625244,0,0.0,41827,63.822937,918,1.400757,99,0.151062,True,99,0.151062,65536
1422,Class_III_C158F2x10000,III,train,512,0,256,18664,28.479004,0,0.0,43409,66.236877,3400,5.187988,63,0.09613,True,63,0.09613,65536
1423,Class_III_C158F2x10000,III,train,512,128,256,23031,35.142517,0,0.0,40356,61.578369,2060,3.143311,89,0.135803,True,89,0.135803,65536
1424,Class_III_C158F2x10000,III,train,512,256,256,21918,33.444214,0,0.0,43065,65.711975,527,0.804138,26,0.039673,True,26,0.039673,65536
1425,Class_III_C158F2x10000,III,train,512,384,256,16772,25.592041,0,0.0,48480,73.974609,284,0.43335,0,0.0,False,0,0.0,65536
1426,Class_III_C158F2x10000,III,train,512,512,256,12871,19.639587,0,0.0,51917,79.219055,599,0.914001,149,0.227356,True,149,0.227356,65536
1427,Class_III_C158F2x10000,III,train,512,640,256,12284,18.743896,0,0.0,52207,79.66156,657,1.002502,388,0.592041,True,388,0.592041,65536
1428,Class_III_C158F2x10000,III,train,512,768,256,14024,21.398926,0,0.0,49172,75.030518,1902,2.902222,438,0.668335,True,438,0.668335,65536
1429,Class_III_C158F2x10000,III,train,512,896,256,10556,16.107178,0,0.0,52796,80.560303,1985,3.02887,199,0.30365,True,199,0.30365,65536
1430,Class_III_C158F2x10000,III,train,512,1024,256,20886,31.869507,0,0.0,44132,67.340088,518,0.790405,0,0.0,False,0,0.0,65536
1431,Class_III_C158F2x10000,III,train,640,0,256,17151,26.170349,0,0.0,46346,70.718384,1760,2.685547,279,0.42572,True,279,0.42572,65536
1432,Class_III_C158F2x10000,III,train,640,128,256,14864,22.680664,0,0.0,50245,76.667786,400,0.610352,27,0.041199,True,27,0.041199,65536
1433,Class_III_C158F2x10000,III,train,640,256,256,19852,30.291748,0,0.0,45654,69.662476,30,0.045776,0,0.0,False,0,0.0,65536
1434,Class_III_C158F2x10000,III,train,640,384,256,17924,27.349854,0,0.0,47364,72.271729,248,0.378418,0,0.0,False,0,0.0,65536
1435,Class_III_C158F2x10000,III,train,640,512,256,15701,23.957825,0,0.0,49617,75.709534,218,0.332642,0,0.0,False,0,0.0,65536
1436,Class_III_C158F2x10000,III,train,640,640,256,14485,22.102356,0,0.0,50103,76.451111,709,1.081848,239,0.364685,True,239,0.364685,65536
1437,Class_III_C158F2x10000,III,train,640,768,256,10687,16.307068,0,0.0,52720,80.444336,1736,2.648926,393,0.59967,True,393,0.59967,65536
1438,Class_III_C158F2x10000,III,train,640,896,256,13745,20.973206,0,0.0,50185,76.576233,1452,2.215576,154,0.234985,True,154,0.234985,65536
1439,Class_III_C158F2x10000,III,train,640,1024,256,22613,34.5047,0,0.0,41701,63.630676,1179,1.799011,43,0.065613,True,43,0.065613,65536
1440,Class_III_C158F2x10000,III,train,703,0,256,17793,27.149963,0,0.0,46100,70.343018,1391,2.122498,252,0.384521,True,252,0.384521,65536
1441,Class_III_C158F2x10000,III,train,703,128,256,11845,18.074036,0,0.0,53176,81.140137,515,0.785828,0,0.0,False,0,0.0,65536
1442,Class_III_C158F2x10000,III,train,703,256,256,14198,21.664429,0,0.0,51228,78.167725,110,0.167847,0,0.0,False,0,0.0,65536
1443,Class_III_C158F2x10000,III,train,703,384,256,16990,25.924683,0,0.0,47758,72.872925,650,0.991821,138,0.210571,True,138,0.210571,65536
1444,Class_III_C158F2x10000,III,train,703,512,256,22983,35.069275,0,0.0,41796,63.775635,619,0.944519,138,0.210571,True,138,0.210571,65536
1445,Class_III_C158F2x10000,III,train,703,640,256,22466,34.280396,0,0.0,42022,64.120483,871,1.329041,177,0.270081,True,177,0.270081,65536
1446,Class_III_C158F2x10000,III,train,703,768,256,15586,23.782349,0,0.0,48902,74.61853,871,1.329041,177,0.270081,True,177,0.270081,65536
1447,Class_III_C158F2x10000,III,train,703,896,256,17492,26.690674,0,0.0,47916,73.114014,128,0.195312,0,0.0,False,0,0.0,65536
1448,Class_III_C158F2x10000,III,train,703,1024,256,19445,29.670715,0,0.0,45252,69.049072,796,1.2146,43,0.065613,True,43,0.065613,65536
1449,Class_III_C158F2x10000_2,III,train,0,0,256,27748,42.340088,0,0.0,35501,54.170227,1919,2.928162,368,0.561523,True,368,0.561523,65536
1450,Class_III_C158F2x10000_2,III,train,0,128,256,25239,38.511658,0,0.0,36128,55.126953,3529,5.384827,640,0.976562,True,640,0.976562,65536
1451,Class_III_C158F2x10000_2,III,train,0,256,256,18520,28.259277,0,0.0,44067,67.240906,2447,3.733826,502,0.765991,True,502,0.765991,65536
1452,Class_III_C158F2x10000_2,III,train,0,384,256,20237,30.879211,0,0.0,44255,67.527771,814,1.242065,230,0.350952,True,230,0.350952,65536
1453,Class_III_C158F2x10000_2,III,train,0,512,256,20359,31.065369,0,0.0,44282,67.56897,874,1.333618,21,0.032043,True,21,0.032043,65536
1454,Class_III_C158F2x10000_2,III,train,0,640,256,15541,23.713684,0,0.0,47642,72.695923,2084,3.179932,269,0.410461,True,269,0.410461,65536
1455,Class_III_C158F2x10000_2,III,train,0,768,256,12914,19.7052,0,0.0,51093,77.961731,1281,1.954651,248,0.378418,True,248,0.378418,65536
1456,Class_III_C158F2x10000_2,III,train,0,896,256,14212,21.685791,0,0.0,50824,77.55127,500,0.762939,0,0.0,False,0,0.0,65536
1457,Class_III_C158F2x10000_2,III,train,0,1024,256,15829,24.153137,0,0.0,48265,73.646545,1306,1.992798,136,0.20752,True,136,0.20752,65536
1458,Class_III_C158F2x10000_2,III,train,128,0,256,28625,43.678284,0,0.0,35102,53.561401,1775,2.708435,34,0.05188,True,34,0.05188,65536
1459,Class_III_C158F2x10000_2,III,train,128,128,256,26520,40.466309,0,0.0,38157,58.222961,859,1.31073,0,0.0,False,0,0.0,65536
1460,Class_III_C158F2x10000_2,III,train,128,256,256,21721,33.143616,0,0.0,43708,66.693115,107,0.163269,0,0.0,False,0,0.0,65536
1461,Class_III_C158F2x10000_2,III,train,128,384,256,20299,30.973816,0,0.0,45237,69.026184,0,0.0,0,0.0,False,0,0.0,65536
1462,Class_III_C158F2x10000_2,III,train,128,512,256,19680,30.029297,0,0.0,43734,66.732788,1796,2.740479,326,0.497437,True,326,0.497437,65536
1463,Class_III_C158F2x10000_2,III,train,128,640,256,17857,27.24762,0,0.0,44517,67.927551,2613,3.987122,549,0.837708,True,549,0.837708,65536
1464,Class_III_C158F2x10000_2,III,train,128,768,256,14509,22.138977,0,0.0,47833,72.987366,2565,3.913879,629,0.959778,True,629,0.959778,65536
1465,Class_III_C158F2x10000_2,III,train,128,896,256,15885,24.238586,0,0.0,47068,71.820068,2177,3.321838,406,0.619507,True,406,0.619507,65536
1466,Class_III_C158F2x10000_2,III,train,128,1024,256,15426,23.538208,0,0.0,48578,74.124146,1410,2.151489,122,0.186157,True,122,0.186157,65536
1467,Class_III_C158F2x10000_2,III,train,256,0,256,23236,35.455322,0,0.0,39600,60.424805,2580,3.936768,120,0.183105,True,120,0.183105,65536
1468,Class_III_C158F2x10000_2,III,train,256,128,256,29392,44.848633,0,0.0,31694,48.361206,4148,6.329346,302,0.460815,True,302,0.460815,65536
1469,Class_III_C158F2x10000_2,III,train,256,256,256,26258,40.066528,0,0.0,34765,53.04718,4192,6.396484,321,0.489807,True,321,0.489807,65536
1470,Class_III_C158F2x10000_2,III,train,256,384,256,20709,31.599426,0,0.0,43608,66.540527,1200,1.831055,19,0.028992,True,19,0.028992,65536
1471,Class_III_C158F2x10000_2,III,train,256,512,256,17004,25.946045,0,0.0,46828,71.453857,1395,2.128601,309,0.471497,True,309,0.471497,65536
1472,Class_III_C158F2x10000_2,III,train,256,640,256,16393,25.013733,0,0.0,45224,69.006348,3164,4.827881,755,1.152039,True,755,1.152039,65536
1473,Class_III_C158F2x10000_2,III,train,256,768,256,19810,30.227661,0,0.0,41248,62.939453,3626,5.532837,852,1.300049,True,852,1.300049,65536
1474,Class_III_C158F2x10000_2,III,train,256,896,256,26285,40.107727,0,0.0,36952,56.384277,1893,2.888489,406,0.619507,True,406,0.619507,65536
1475,Class_III_C158F2x10000_2,III,train,256,1024,256,27125,41.389465,0,0.0,38058,58.071899,353,0.538635,0,0.0,False,0,0.0,65536
1476,Class_III_C158F2x10000_2,III,train,384,0,256,29441,44.923401,0,0.0,34091,52.018738,1869,2.851868,135,0.205994,True,135,0.205994,65536
1477,Class_III_C158F2x10000_2,III,train,384,128,256,36504,55.700684,0,0.0,24955,38.078308,3775,5.760193,302,0.460815,True,302,0.460815,65536
1478,Class_III_C158F2x10000_2,III,train,384,256,256,29334,44.760132,0,0.0,31574,48.178101,4307,6.57196,321,0.489807,True,321,0.489807,65536
1479,Class_III_C158F2x10000_2,III,train,384,384,256,23624,36.047363,0,0.0,40333,61.543274,1560,2.380371,19,0.028992,True,19,0.028992,65536
1480,Class_III_C158F2x10000_2,III,train,384,512,256,27310,41.671753,0,0.0,37899,57.829285,327,0.498962,0,0.0,False,0,0.0,65536
1481,Class_III_C158F2x10000_2,III,train,384,640,256,24454,37.313843,0,0.0,39547,60.343933,1199,1.829529,336,0.512695,True,336,0.512695,65536
1482,Class_III_C158F2x10000_2,III,train,384,768,256,19208,29.309082,0,0.0,44766,68.307495,1226,1.870728,336,0.512695,True,336,0.512695,65536
1483,Class_III_C158F2x10000_2,III,train,384,896,256,21325,32.539368,0,0.0,43867,66.93573,344,0.524902,0,0.0,False,0,0.0,65536
1484,Class_III_C158F2x10000_2,III,train,384,1024,256,28229,43.074036,0,0.0,36636,55.9021,585,0.892639,86,0.131226,True,86,0.131226,65536
1485,Class_III_C158F2x10000_2,III,train,512,0,256,34367,52.43988,0,0.0,29365,44.807434,1501,2.290344,303,0.462341,True,303,0.462341,65536
1486,Class_III_C158F2x10000_2,III,train,512,128,256,32524,49.627686,0,0.0,31919,48.704529,839,1.280212,254,0.387573,True,254,0.387573,65536
1487,Class_III_C158F2x10000_2,III,train,512,256,256,26984,41.174316,0,0.0,37317,56.941223,1026,1.565552,209,0.318909,True,209,0.318909,65536
1488,Class_III_C158F2x10000_2,III,train,512,384,256,27716,42.29126,0,0.0,34278,52.304077,3191,4.86908,351,0.535583,True,351,0.535583,65536
1489,Class_III_C158F2x10000_2,III,train,512,512,256,30969,47.254944,0,0.0,32248,49.206543,2177,3.321838,142,0.216675,True,142,0.216675,65536
1490,Class_III_C158F2x10000_2,III,train,512,640,256,23823,36.351013,0,0.0,41701,63.630676,12,0.018311,0,0.0,False,0,0.0,65536
1491,Class_III_C158F2x10000_2,III,train,512,768,256,15690,23.94104,0,0.0,49846,76.05896,0,0.0,0,0.0,False,0,0.0,65536
1492,Class_III_C158F2x10000_2,III,train,512,896,256,16686,25.460815,0,0.0,48651,74.235535,199,0.30365,0,0.0,False,0,0.0,65536
1493,Class_III_C158F2x10000_2,III,train,512,1024,256,20748,31.658936,0,0.0,44235,67.497253,467,0.712585,86,0.131226,True,86,0.131226,65536
1494,Class_III_C158F2x10000_2,III,train,640,0,256,22338,34.085083,0,0.0,42238,64.450073,706,1.077271,254,0.387573,True,254,0.387573,65536
1495,Class_III_C158F2x10000_2,III,train,640,128,256,23956,36.553955,0,0.0,40620,61.981201,706,1.077271,254,0.387573,True,254,0.387573,65536
1496,Class_III_C158F2x10000_2,III,train,640,256,256,22995,35.087585,0,0.0,41421,63.20343,911,1.390076,209,0.318909,True,209,0.318909,65536
1497,Class_III_C158F2x10000_2,III,train,640,384,256,21419,32.6828,0,0.0,40077,61.152649,3689,5.628967,351,0.535583,True,351,0.535583,65536
1498,Class_III_C158F2x10000_2,III,train,640,512,256,19089,29.127502,0,0.0,43236,65.9729,3069,4.682922,142,0.216675,True,142,0.216675,65536
1499,Class_III_C158F2x10000_2,III,train,640,640,256,9319,14.219666,0,0.0,55095,84.068298,1102,1.681519,20,0.030518,True,20,0.030518,65536
1500,Class_III_C158F2x10000_2,III,train,640,768,256,10793,16.468811,0,0.0,53747,82.011414,976,1.489258,20,0.030518,True,20,0.030518,65536
1501,Class_III_C158F2x10000_2,III,train,640,896,256,26454,40.365601,0,0.0,38917,59.382629,165,0.25177,0,0.0,False,0,0.0,65536
1502,Class_III_C158F2x10000_2,III,train,640,1024,256,27402,41.812134,0,0.0,38134,58.187866,0,0.0,0,0.0,False,0,0.0,65536
1503,Class_III_C158F2x10000_2,III,train,703,0,256,18346,27.993774,0,0.0,47190,72.006226,0,0.0,0,0.0,False,0,0.0,65536
1504,Class_III_C158F2x10000_2,III,train,703,128,256,26134,39.877319,0,0.0,39402,60.122681,0,0.0,0,0.0,False,0,0.0,65536
1505,Class_III_C158F2x10000_2,III,train,703,256,256,29451,44.93866,0,0.0,36040,54.992676,45,0.068665,0,0.0,False,0,0.0,65536
1506,Class_III_C158F2x10000_2,III,train,703,384,256,22674,34.597778,0,0.0,41617,63.502502,1245,1.899719,0,0.0,False,0,0.0,65536
1507,Class_III_C158F2x10000_2,III,train,703,512,256,21044,32.110596,0,0.0,43013,65.632629,1479,2.256775,0,0.0,False,0,0.0,65536
1508,Class_III_C158F2x10000_2,III,train,703,640,256,12300,18.768311,0,0.0,51902,79.196167,1222,1.864624,112,0.170898,True,112,0.170898,65536
1509,Class_III_C158F2x10000_2,III,train,703,768,256,7589,11.579895,0,0.0,55871,85.25238,1765,2.693176,311,0.474548,True,311,0.474548,65536
1510,Class_III_C158F2x10000_2,III,train,703,896,256,23310,35.568237,0,0.0,41205,62.87384,822,1.254272,199,0.30365,True,199,0.30365,65536
1511,Class_III_C158F2x10000_2,III,train,703,1024,256,27413,41.828918,0,0.0,38123,58.171082,0,0.0,0,0.0,False,0,0.0,65536
1512,Class_III_C158F2x10000_3,III,train,0,0,256,15303,23.350525,0,0.0,48604,74.163818,1237,1.887512,392,0.598145,True,392,0.598145,65536
1513,Class_III_C158F2x10000_3,III,train,0,128,256,31416,47.937012,0,0.0,31842,48.587036,1787,2.726746,491,0.749207,True,491,0.749207,65536
1514,Class_III_C158F2x10000_3,III,train,0,256,256,28136,42.932129,0,0.0,35826,54.666138,1333,2.033997,241,0.367737,True,241,0.367737,65536
1515,Class_III_C158F2x10000_3,III,train,0,384,256,16945,25.856018,0,0.0,47154,71.951294,1295,1.976013,142,0.216675,True,142,0.216675,65536
1516,Class_III_C158F2x10000_3,III,train,0,512,256,15898,24.258423,0,0.0,48201,73.548889,1386,2.114868,51,0.07782,True,51,0.07782,65536
1517,Class_III_C158F2x10000_3,III,train,0,640,256,21440,32.714844,0,0.0,41345,63.087463,2628,4.01001,123,0.187683,True,123,0.187683,65536
1518,Class_III_C158F2x10000_3,III,train,0,768,256,17600,26.855469,0,0.0,46110,70.358276,1754,2.676392,72,0.109863,True,72,0.109863,65536
1519,Class_III_C158F2x10000_3,III,train,0,896,256,13751,20.982361,0,0.0,51197,78.120422,453,0.691223,135,0.205994,True,135,0.205994,65536
1520,Class_III_C158F2x10000_3,III,train,0,1024,256,21025,32.081604,0,0.0,43536,66.430664,828,1.263428,147,0.224304,True,147,0.224304,65536
1521,Class_III_C158F2x10000_3,III,train,128,0,256,17018,25.967407,0,0.0,46277,70.613098,1733,2.644348,508,0.775146,True,508,0.775146,65536
1522,Class_III_C158F2x10000_3,III,train,128,128,256,26575,40.550232,0,0.0,35889,54.762268,2486,3.793335,586,0.894165,True,586,0.894165,65536
1523,Class_III_C158F2x10000_3,III,train,128,256,256,31111,47.471619,0,0.0,31859,48.612976,2173,3.315735,393,0.59967,True,393,0.59967,65536
1524,Class_III_C158F2x10000_3,III,train,128,384,256,20866,31.838989,0,0.0,43386,66.201782,1151,1.756287,133,0.202942,True,133,0.202942,65536
1525,Class_III_C158F2x10000_3,III,train,128,512,256,15454,23.580933,0,0.0,49230,75.119019,801,1.222229,51,0.07782,True,51,0.07782,65536
1526,Class_III_C158F2x10000_3,III,train,128,640,256,27969,42.677307,0,0.0,36442,55.606079,1029,1.570129,96,0.146484,True,96,0.146484,65536
1527,Class_III_C158F2x10000_3,III,train,128,768,256,29409,44.874573,0,0.0,35090,53.543091,909,1.387024,128,0.195312,True,128,0.195312,65536
1528,Class_III_C158F2x10000_3,III,train,128,896,256,28042,42.788696,0,0.0,36663,55.943298,613,0.935364,218,0.332642,True,218,0.332642,65536
1529,Class_III_C158F2x10000_3,III,train,128,1024,256,30489,46.522522,0,0.0,34023,51.914978,851,1.298523,173,0.263977,True,173,0.263977,65536
1530,Class_III_C158F2x10000_3,III,train,256,0,256,11166,17.037964,0,0.0,52789,80.549622,1252,1.9104,329,0.502014,True,329,0.502014,65536
1531,Class_III_C158F2x10000_3,III,train,256,128,256,16461,25.117493,0,0.0,47312,72.192383,1455,2.220154,308,0.469971,True,308,0.469971,65536
1532,Class_III_C158F2x10000_3,III,train,256,256,256,25876,39.483643,0,0.0,37799,57.676697,1577,2.406311,284,0.43335,True,284,0.43335,65536
1533,Class_III_C158F2x10000_3,III,train,256,384,256,21898,33.413696,0,0.0,42081,64.21051,1434,2.18811,123,0.187683,True,123,0.187683,65536
1534,Class_III_C158F2x10000_3,III,train,256,512,256,9746,14.871216,0,0.0,55034,83.97522,756,1.153564,0,0.0,False,0,0.0,65536
1535,Class_III_C158F2x10000_3,III,train,256,640,256,12082,18.435669,0,0.0,53309,81.343079,145,0.221252,0,0.0,False,0,0.0,65536
1536,Class_III_C158F2x10000_3,III,train,256,768,256,23723,36.198425,0,0.0,41331,63.066101,399,0.608826,83,0.126648,True,83,0.126648,65536
1537,Class_III_C158F2x10000_3,III,train,256,896,256,24924,38.031006,0,0.0,40130,61.233521,399,0.608826,83,0.126648,True,83,0.126648,65536
1538,Class_III_C158F2x10000_3,III,train,256,1024,256,22794,34.780884,0,0.0,41941,63.996887,730,1.113892,71,0.108337,True,71,0.108337,65536
1539,Class_III_C158F2x10000_3,III,train,384,0,256,17234,26.296997,0,0.0,48103,73.399353,199,0.30365,0,0.0,False,0,0.0,65536
1540,Class_III_C158F2x10000_3,III,train,384,128,256,19297,29.444885,0,0.0,45845,69.953918,341,0.520325,53,0.080872,True,53,0.080872,65536
1541,Class_III_C158F2x10000_3,III,train,384,256,256,18101,27.619934,0,0.0,46293,70.637512,1062,1.620483,80,0.12207,True,80,0.12207,65536
1542,Class_III_C158F2x10000_3,III,train,384,384,256,13030,19.882202,0,0.0,50866,77.615356,1613,2.461243,27,0.041199,True,27,0.041199,65536
1543,Class_III_C158F2x10000_3,III,train,384,512,256,10017,15.284729,0,0.0,54224,82.739258,1295,1.976013,0,0.0,False,0,0.0,65536
1544,Class_III_C158F2x10000_3,III,train,384,640,256,6640,10.131836,0,0.0,58032,88.549805,752,1.147461,112,0.170898,True,112,0.170898,65536
1545,Class_III_C158F2x10000_3,III,train,384,768,256,12589,19.20929,0,0.0,52072,79.455566,741,1.130676,134,0.204468,True,134,0.204468,65536
1546,Class_III_C158F2x10000_3,III,train,384,896,256,14840,22.644043,0,0.0,50282,76.724243,392,0.598145,22,0.033569,True,22,0.033569,65536
1547,Class_III_C158F2x10000_3,III,train,384,1024,256,10998,16.781616,0,0.0,53394,81.472778,1099,1.676941,45,0.068665,True,45,0.068665,65536
1548,Class_III_C158F2x10000_3,III,train,512,0,256,23208,35.412598,0,0.0,42129,64.283752,199,0.30365,0,0.0,False,0,0.0,65536
1549,Class_III_C158F2x10000_3,III,train,512,128,256,31322,47.793579,0,0.0,33735,51.475525,426,0.650024,53,0.080872,True,53,0.080872,65536
1550,Class_III_C158F2x10000_3,III,train,512,256,256,24707,37.69989,0,0.0,39847,60.801697,929,1.417542,53,0.080872,True,53,0.080872,65536
1551,Class_III_C158F2x10000_3,III,train,512,384,256,19352,29.528809,0,0.0,44825,68.397522,1237,1.887512,122,0.186157,True,122,0.186157,65536
1552,Class_III_C158F2x10000_3,III,train,512,512,256,21213,32.368469,0,0.0,43209,65.931702,992,1.513672,122,0.186157,True,122,0.186157,65536
1553,Class_III_C158F2x10000_3,III,train,512,640,256,12573,19.184875,0,0.0,50786,77.493286,1872,2.856445,305,0.465393,True,305,0.465393,65536
1554,Class_III_C158F2x10000_3,III,train,512,768,256,12579,19.194031,0,0.0,50624,77.246094,2006,3.060913,327,0.498962,True,327,0.498962,65536
1555,Class_III_C158F2x10000_3,III,train,512,896,256,19352,29.528809,0,0.0,45098,68.814087,980,1.495361,106,0.161743,True,106,0.161743,65536
1556,Class_III_C158F2x10000_3,III,train,512,1024,256,18876,28.80249,0,0.0,45196,68.963623,1380,2.105713,84,0.128174,True,84,0.128174,65536
1557,Class_III_C158F2x10000_3,III,train,640,0,256,17673,26.966858,0,0.0,47863,73.033142,0,0.0,0,0.0,False,0,0.0,65536
1558,Class_III_C158F2x10000_3,III,train,640,128,256,27958,42.660522,0,0.0,37493,57.209778,85,0.1297,0,0.0,False,0,0.0,65536
1559,Class_III_C158F2x10000_3,III,train,640,256,256,23234,35.452271,0,0.0,42217,64.41803,85,0.1297,0,0.0,False,0,0.0,65536
1560,Class_III_C158F2x10000_3,III,train,640,384,256,25439,38.816833,0,0.0,39522,60.305786,453,0.691223,122,0.186157,True,122,0.186157,65536
1561,Class_III_C158F2x10000_3,III,train,640,512,256,24189,36.909485,0,0.0,40772,62.213135,453,0.691223,122,0.186157,True,122,0.186157,65536
1562,Class_III_C158F2x10000_3,III,train,640,640,256,20801,31.739807,0,0.0,42272,64.501953,2162,3.29895,301,0.45929,True,301,0.45929,65536
1563,Class_III_C158F2x10000_3,III,train,640,768,256,27261,41.596985,0,0.0,35542,54.232788,2432,3.710938,301,0.45929,True,301,0.45929,65536
1564,Class_III_C158F2x10000_3,III,train,640,896,256,27717,42.292786,0,0.0,36877,56.269836,858,1.309204,84,0.128174,True,84,0.128174,65536
1565,Class_III_C158F2x10000_3,III,train,640,1024,256,20372,31.085205,0,0.0,44492,67.889404,588,0.897217,84,0.128174,True,84,0.128174,65536
1566,Class_III_C158F2x10000_3,III,train,703,0,256,18171,27.726746,0,0.0,47365,72.273254,0,0.0,0,0.0,False,0,0.0,65536
1567,Class_III_C158F2x10000_3,III,train,703,128,256,31052,47.381592,0,0.0,34484,52.618408,0,0.0,0,0.0,False,0,0.0,65536
1568,Class_III_C158F2x10000_3,III,train,703,256,256,24558,37.472534,0,0.0,40978,62.527466,0,0.0,0,0.0,False,0,0.0,65536
1569,Class_III_C158F2x10000_3,III,train,703,384,256,23194,35.391235,0,0.0,42342,64.608765,0,0.0,0,0.0,False,0,0.0,65536
1570,Class_III_C158F2x10000_3,III,train,703,512,256,18343,27.989197,0,0.0,47193,72.010803,0,0.0,0,0.0,False,0,0.0,65536
1571,Class_III_C158F2x10000_3,III,train,703,640,256,18742,28.598022,0,0.0,44980,68.634033,1550,2.365112,264,0.402832,True,264,0.402832,65536
1572,Class_III_C158F2x10000_3,III,train,703,768,256,30030,45.822144,0,0.0,33422,50.997925,1820,2.7771,264,0.402832,True,264,0.402832,65536
1573,Class_III_C158F2x10000_3,III,train,703,896,256,27657,42.201233,0,0.0,37607,57.383728,272,0.415039,0,0.0,False,0,0.0,65536
1574,Class_III_C158F2x10000_3,III,train,703,1024,256,16980,25.909424,0,0.0,48554,74.087524,2,0.003052,0,0.0,False,0,0.0,65536
1575,Class_III_C26F2x10000,III,train,0,0,256,15029,22.932434,0,0.0,46634,71.157837,3861,5.891418,12,0.018311,True,12,0.018311,65536
1576,Class_III_C26F2x10000,III,train,0,128,256,17841,27.223206,0,0.0,44285,67.573547,3293,5.024719,117,0.178528,True,117,0.178528,65536
1577,Class_III_C26F2x10000,III,train,0,256,256,14166,21.615601,0,0.0,45657,69.667053,5547,8.46405,166,0.253296,True,166,0.253296,65536
1578,Class_III_C26F2x10000,III,train,0,384,256,6894,10.519409,0,0.0,53349,81.404114,5159,7.872009,134,0.204468,True,134,0.204468,65536
1579,Class_III_C26F2x10000,III,train,0,512,256,9984,15.234375,0,0.0,53241,81.239319,2238,3.414917,73,0.111389,True,73,0.111389,65536
1580,Class_III_C26F2x10000,III,train,0,640,256,8775,13.389587,0,0.0,54592,83.300781,2099,3.20282,70,0.106812,True,70,0.106812,65536
1581,Class_III_C26F2x10000,III,train,0,768,256,10729,16.371155,0,0.0,51087,77.952576,3462,5.282593,258,0.393677,True,258,0.393677,65536
1582,Class_III_C26F2x10000,III,train,0,896,256,21596,32.952881,0,0.0,39992,61.022949,3651,5.570984,297,0.453186,True,297,0.453186,65536
1583,Class_III_C26F2x10000,III,train,0,1024,256,17152,26.171875,0,0.0,44414,67.770386,3849,5.873108,121,0.184631,True,121,0.184631,65536
1584,Class_III_C26F2x10000,III,train,128,0,256,17226,26.28479,0,0.0,44155,67.375183,4027,6.144714,128,0.195312,True,128,0.195312,65536
1585,Class_III_C26F2x10000,III,train,128,128,256,20701,31.587219,0,0.0,41988,64.068604,2743,4.185486,104,0.158691,True,104,0.158691,65536
1586,Class_III_C26F2x10000,III,train,128,256,256,18673,28.492737,0,0.0,41854,63.864136,4884,7.452393,125,0.190735,True,125,0.190735,65536
1587,Class_III_C26F2x10000,III,train,128,384,256,12956,19.769287,0,0.0,46326,70.687866,6069,9.260559,185,0.282288,True,185,0.282288,65536
1588,Class_III_C26F2x10000,III,train,128,512,256,11876,18.121338,0,0.0,50172,76.556396,3377,5.152893,111,0.169373,True,111,0.169373,65536
1589,Class_III_C26F2x10000,III,train,128,640,256,11332,17.29126,0,0.0,50843,77.580261,3305,5.04303,56,0.085449,True,56,0.085449,65536
1590,Class_III_C26F2x10000,III,train,128,768,256,10527,16.062927,0,0.0,50220,76.629639,4613,7.038879,176,0.268555,True,176,0.268555,65536
1591,Class_III_C26F2x10000,III,train,128,896,256,10030,15.304565,0,0.0,51033,77.870178,4240,6.469727,233,0.35553,True,233,0.35553,65536
1592,Class_III_C26F2x10000,III,train,128,1024,256,11763,17.948914,0,0.0,49271,75.18158,4342,6.625366,160,0.244141,True,160,0.244141,65536
1593,Class_III_C26F2x10000,III,train,256,0,256,24598,37.533569,0,0.0,36175,55.198669,4523,6.90155,240,0.366211,True,240,0.366211,65536
1594,Class_III_C26F2x10000,III,train,256,128,256,19030,29.037476,0,0.0,44202,67.446899,2247,3.42865,57,0.086975,True,57,0.086975,65536
1595,Class_III_C26F2x10000,III,train,256,256,256,19411,29.618835,0,0.0,43106,65.774536,2965,4.524231,54,0.082397,True,54,0.082397,65536
1596,Class_III_C26F2x10000,III,train,256,384,256,20056,30.603027,0,0.0,40715,62.12616,4607,7.029724,158,0.241089,True,158,0.241089,65536
1597,Class_III_C26F2x10000,III,train,256,512,256,14271,21.775818,0,0.0,47566,72.579956,3591,5.479431,108,0.164795,True,108,0.164795,65536
1598,Class_III_C26F2x10000,III,train,256,640,256,13312,20.3125,0,0.0,49517,75.556946,2707,4.130554,0,0.0,False,0,0.0,65536
1599,Class_III_C26F2x10000,III,train,256,768,256,11032,16.833496,0,0.0,50776,77.478027,3653,5.574036,75,0.114441,True,75,0.114441,65536
1600,Class_III_C26F2x10000,III,train,256,896,256,10179,15.531921,0,0.0,51335,78.330994,3865,5.897522,157,0.239563,True,157,0.239563,65536
1601,Class_III_C26F2x10000,III,train,256,1024,256,20894,31.881714,0,0.0,41084,62.689209,3377,5.152893,181,0.276184,True,181,0.276184,65536
1602,Class_III_C26F2x10000,III,train,384,0,256,31654,48.300171,0,0.0,30080,45.898438,3659,5.583191,143,0.218201,True,143,0.218201,65536
1603,Class_III_C26F2x10000,III,train,384,128,256,15781,24.079895,0,0.0,46891,71.549988,2814,4.293823,50,0.076294,True,50,0.076294,65536
1604,Class_III_C26F2x10000,III,train,384,256,256,11914,18.179321,0,0.0,50880,77.636719,2659,4.057312,83,0.126648,True,83,0.126648,65536
1605,Class_III_C26F2x10000,III,train,384,384,256,13042,19.900513,0,0.0,49446,75.448608,2982,4.550171,66,0.100708,True,66,0.100708,65536
1606,Class_III_C26F2x10000,III,train,384,512,256,13295,20.28656,0,0.0,48938,74.673462,3244,4.949951,59,0.090027,True,59,0.090027,65536
1607,Class_III_C26F2x10000,III,train,384,640,256,12785,19.508362,0,0.0,49136,74.975586,3544,5.407715,71,0.108337,True,71,0.108337,65536
1608,Class_III_C26F2x10000,III,train,384,768,256,14958,22.824097,0,0.0,47126,71.908569,3359,5.125427,93,0.141907,True,93,0.141907,65536
1609,Class_III_C26F2x10000,III,train,384,896,256,20590,31.417847,0,0.0,42042,64.151001,2828,4.315186,76,0.115967,True,76,0.115967,65536
1610,Class_III_C26F2x10000,III,train,384,1024,256,36143,55.149841,0,0.0,26409,40.296936,2852,4.351807,132,0.201416,True,132,0.201416,65536
1611,Class_III_C26F2x10000,III,train,512,0,256,23375,35.667419,0,0.0,38869,59.309387,3173,4.841614,119,0.18158,True,119,0.18158,65536
1612,Class_III_C26F2x10000,III,train,512,128,256,9135,13.938904,0,0.0,52815,80.589294,3473,5.299377,113,0.172424,True,113,0.172424,65536
1613,Class_III_C26F2x10000,III,train,512,256,256,5309,8.100891,0,0.0,57416,87.609863,2692,4.107666,119,0.18158,True,119,0.18158,65536
1614,Class_III_C26F2x10000,III,train,512,384,256,8785,13.404846,0,0.0,53971,82.35321,2712,4.138184,68,0.10376,True,68,0.10376,65536
1615,Class_III_C26F2x10000,III,train,512,512,256,19139,29.203796,0,0.0,41684,63.604736,4655,7.102966,58,0.088501,True,58,0.088501,65536
1616,Class_III_C26F2x10000,III,train,512,640,256,18606,28.390503,0,0.0,41630,63.522339,5198,7.931519,102,0.15564,True,102,0.15564,65536
1617,Class_III_C26F2x10000,III,train,512,768,256,22587,34.465027,0,0.0,39494,60.263062,3394,5.178833,61,0.093079,True,61,0.093079,65536
1618,Class_III_C26F2x10000,III,train,512,896,256,34822,53.134155,0,0.0,27222,41.537476,3429,5.232239,63,0.09613,True,63,0.09613,65536
1619,Class_III_C26F2x10000,III,train,512,1024,256,48448,73.925781,0,0.0,13524,20.635986,3436,5.24292,128,0.195312,True,128,0.195312,65536
1620,Class_III_C26F2x10000,III,train,640,0,256,3493,5.329895,0,0.0,56766,86.618042,5060,7.720947,217,0.331116,True,217,0.331116,65536
1621,Class_III_C26F2x10000,III,train,640,128,256,1762,2.688599,0,0.0,57820,88.226318,5820,8.880615,134,0.204468,True,134,0.204468,65536
1622,Class_III_C26F2x10000,III,train,640,256,256,3729,5.690002,0,0.0,56641,86.427307,5006,7.63855,160,0.244141,True,160,0.244141,65536
1623,Class_III_C26F2x10000,III,train,640,384,256,13516,20.623779,0,0.0,46631,71.153259,5199,7.933044,190,0.289917,True,190,0.289917,65536
1624,Class_III_C26F2x10000,III,train,640,512,256,23477,35.823059,0,0.0,35278,53.829956,6648,10.144043,133,0.202942,True,133,0.202942,65536
1625,Class_III_C26F2x10000,III,train,640,640,256,30028,45.819092,0,0.0,30519,46.568298,4901,7.478333,88,0.134277,True,88,0.134277,65536
1626,Class_III_C26F2x10000,III,train,640,768,256,32099,48.979187,0,0.0,27982,42.697144,5237,7.991028,218,0.332642,True,218,0.332642,65536
1627,Class_III_C26F2x10000,III,train,640,896,256,32973,50.312805,0,0.0,26531,40.483093,5794,8.840942,238,0.363159,True,238,0.363159,65536
1628,Class_III_C26F2x10000,III,train,640,1024,256,35321,53.895569,0,0.0,26557,40.522766,3540,5.401611,118,0.180054,True,118,0.180054,65536
1629,Class_III_C26F2x10000,III,train,703,0,256,571,0.871277,0,0.0,59739,91.15448,5012,7.647705,214,0.326538,True,214,0.326538,65536
1630,Class_III_C26F2x10000,III,train,703,128,256,3667,5.595398,0,0.0,55363,84.477234,6388,9.747314,118,0.180054,True,118,0.180054,65536
1631,Class_III_C26F2x10000,III,train,703,256,256,4841,7.38678,0,0.0,54005,82.40509,6484,9.893799,206,0.314331,True,206,0.314331,65536
1632,Class_III_C26F2x10000,III,train,703,384,256,11061,16.877747,0,0.0,48289,73.683167,5881,8.973694,305,0.465393,True,305,0.465393,65536
1633,Class_III_C26F2x10000,III,train,703,512,256,18067,27.568054,0,0.0,41478,63.290405,5777,8.815002,214,0.326538,True,214,0.326538,65536
1634,Class_III_C26F2x10000,III,train,703,640,256,32209,49.147034,0,0.0,28245,43.09845,4956,7.562256,126,0.192261,True,126,0.192261,65536
1635,Class_III_C26F2x10000,III,train,703,768,256,39062,59.603882,0,0.0,20546,31.350708,5691,8.683777,237,0.361633,True,237,0.361633,65536
1636,Class_III_C26F2x10000,III,train,703,896,256,34615,52.818298,0,0.0,25370,38.711548,5343,8.152771,208,0.317383,True,208,0.317383,65536
1637,Class_III_C26F2x10000,III,train,703,1024,256,29553,45.094299,0,0.0,31931,48.722839,3886,5.929565,166,0.253296,True,166,0.253296,65536
1638,Class_III_C27F2x10000,III,train,0,0,256,26585,40.565491,0,0.0,35619,54.350281,3244,4.949951,88,0.134277,True,88,0.134277,65536
1639,Class_III_C27F2x10000,III,train,0,128,256,9392,14.331055,0,0.0,55108,84.088135,1036,1.580811,0,0.0,False,0,0.0,65536
1640,Class_III_C27F2x10000,III,train,0,256,256,8693,13.264465,0,0.0,56066,85.549927,777,1.185608,0,0.0,False,0,0.0,65536
1641,Class_III_C27F2x10000,III,train,0,384,256,7765,11.84845,0,0.0,53629,81.83136,4113,6.27594,29,0.04425,True,29,0.04425,65536
1642,Class_III_C27F2x10000,III,train,0,512,256,15090,23.025513,0,0.0,43768,66.784668,6580,10.040283,98,0.149536,True,98,0.149536,65536
1643,Class_III_C27F2x10000,III,train,0,640,256,27214,41.525269,0,0.0,33175,50.621033,5054,7.711792,93,0.141907,True,93,0.141907,65536
1644,Class_III_C27F2x10000,III,train,0,768,256,24190,36.911011,0,0.0,36465,55.641174,4801,7.325745,80,0.12207,True,80,0.12207,65536
1645,Class_III_C27F2x10000,III,train,0,896,256,11363,17.338562,0,0.0,47668,72.735596,6393,9.754944,112,0.170898,True,112,0.170898,65536
1646,Class_III_C27F2x10000,III,train,0,1024,256,12568,19.177246,0,0.0,45739,69.792175,7050,10.757446,179,0.273132,True,179,0.273132,65536
1647,Class_III_C27F2x10000,III,train,128,0,256,21539,32.865906,0,0.0,39949,60.957336,4005,6.111145,43,0.065613,True,43,0.065613,65536
1648,Class_III_C27F2x10000,III,train,128,128,256,5266,8.035278,0,0.0,57762,88.137817,2465,3.761292,43,0.065613,True,43,0.065613,65536
1649,Class_III_C27F2x10000,III,train,128,256,256,10833,16.529846,0,0.0,52257,79.737854,2421,3.694153,25,0.038147,True,25,0.038147,65536
1650,Class_III_C27F2x10000,III,train,128,384,256,10665,16.273499,0,0.0,51426,78.469849,3391,5.174255,54,0.082397,True,54,0.082397,65536
1651,Class_III_C27F2x10000,III,train,128,512,256,14824,22.619629,0,0.0,44194,67.434692,6346,9.683228,172,0.262451,True,172,0.262451,65536
1652,Class_III_C27F2x10000,III,train,128,640,256,22290,34.011841,0,0.0,38050,58.059692,5025,7.667542,171,0.260925,True,171,0.260925,65536
1653,Class_III_C27F2x10000,III,train,128,768,256,22478,34.298706,0,0.0,40201,61.341858,2773,4.231262,84,0.128174,True,84,0.128174,65536
1654,Class_III_C27F2x10000,III,train,128,896,256,18614,28.40271,0,0.0,40246,61.410522,6452,9.844971,224,0.341797,True,224,0.341797,65536
1655,Class_III_C27F2x10000,III,train,128,1024,256,21939,33.476257,0,0.0,34789,53.083801,8470,12.924194,338,0.515747,True,338,0.515747,65536
1656,Class_III_C27F2x10000,III,train,256,0,256,18819,28.715515,0,0.0,40247,61.412048,6427,9.806824,43,0.065613,True,43,0.065613,65536
1657,Class_III_C27F2x10000,III,train,256,128,256,12783,19.50531,0,0.0,48335,73.753357,4375,6.67572,43,0.065613,True,43,0.065613,65536
1658,Class_III_C27F2x10000,III,train,256,256,256,11511,17.564392,0,0.0,50092,76.434326,3832,5.847168,101,0.154114,True,101,0.154114,65536
1659,Class_III_C27F2x10000,III,train,256,384,256,8463,12.913513,0,0.0,52356,79.888916,4486,6.845093,231,0.352478,True,231,0.352478,65536
1660,Class_III_C27F2x10000,III,train,256,512,256,8760,13.366699,0,0.0,49969,76.246643,6603,10.075378,204,0.311279,True,204,0.311279,65536
1661,Class_III_C27F2x10000,III,train,256,640,256,7934,12.106323,0,0.0,52625,80.299377,4875,7.43866,102,0.15564,True,102,0.15564,65536
1662,Class_III_C27F2x10000,III,train,256,768,256,13078,19.955444,0,0.0,48866,74.563599,3481,5.311584,111,0.169373,True,111,0.169373,65536
1663,Class_III_C27F2x10000,III,train,256,896,256,28563,43.583679,0,0.0,29698,45.315552,6946,10.598755,329,0.502014,True,329,0.502014,65536
1664,Class_III_C27F2x10000,III,train,256,1024,256,35740,54.534912,0,0.0,20810,31.75354,8553,13.050842,433,0.660706,True,433,0.660706,65536
1665,Class_III_C27F2x10000,III,train,384,0,256,13530,20.645142,0,0.0,46375,70.762634,5631,8.592224,0,0.0,False,0,0.0,65536
1666,Class_III_C27F2x10000,III,train,384,128,256,12385,18.89801,0,0.0,49673,75.794983,3478,5.307007,0,0.0,False,0,0.0,65536
1667,Class_III_C27F2x10000,III,train,384,256,256,6806,10.385132,0,0.0,56656,86.450195,1998,3.048706,76,0.115967,True,76,0.115967,65536
1668,Class_III_C27F2x10000,III,train,384,384,256,9582,14.620972,0,0.0,49028,74.810791,6604,10.076904,322,0.491333,True,322,0.491333,65536
1669,Class_III_C27F2x10000,III,train,384,512,256,9384,14.318848,0,0.0,48274,73.660278,7632,11.645508,246,0.375366,True,246,0.375366,65536
1670,Class_III_C27F2x10000,III,train,384,640,256,5137,7.83844,0,0.0,56105,85.609436,4294,6.552124,0,0.0,False,0,0.0,65536
1671,Class_III_C27F2x10000,III,train,384,768,256,21390,32.63855,0,0.0,37835,57.731628,6144,9.375,167,0.254822,True,167,0.254822,65536
1672,Class_III_C27F2x10000,III,train,384,896,256,40123,61.222839,0,0.0,16214,24.740601,8846,13.497925,353,0.538635,True,353,0.538635,65536
1673,Class_III_C27F2x10000,III,train,384,1024,256,44090,67.276001,0,0.0,13256,20.227051,7862,11.99646,328,0.500488,True,328,0.500488,65536
1674,Class_III_C27F2x10000,III,train,512,0,256,7576,11.560059,0,0.0,55205,84.236145,2656,4.052734,99,0.151062,True,99,0.151062,65536
1675,Class_III_C27F2x10000,III,train,512,128,256,10657,16.261292,0,0.0,51329,78.321838,3505,5.348206,45,0.068665,True,45,0.068665,65536
1676,Class_III_C27F2x10000,III,train,512,256,256,8051,12.284851,0,0.0,51408,78.442383,5885,8.979797,192,0.292969,True,192,0.292969,65536
1677,Class_III_C27F2x10000,III,train,512,384,256,16085,24.543762,0,0.0,39985,61.012268,9045,13.801575,421,0.642395,True,421,0.642395,65536
1678,Class_III_C27F2x10000,III,train,512,512,256,17684,26.983643,0,0.0,41507,63.334656,6022,9.188843,323,0.492859,True,323,0.492859,65536
1679,Class_III_C27F2x10000,III,train,512,640,256,7336,11.193848,0,0.0,52927,80.760193,5100,7.781982,173,0.263977,True,173,0.263977,65536
1680,Class_III_C27F2x10000,III,train,512,768,256,21110,32.211304,0,0.0,36779,56.1203,7385,11.268616,262,0.39978,True,262,0.39978,65536
1681,Class_III_C27F2x10000,III,train,512,896,256,27451,41.886902,0,0.0,31988,48.809814,5899,9.00116,198,0.302124,True,198,0.302124,65536
1682,Class_III_C27F2x10000,III,train,512,1024,256,25547,38.981628,0,0.0,34043,51.945496,5811,8.866882,135,0.205994,True,135,0.205994,65536
1683,Class_III_C27F2x10000,III,train,640,0,256,10244,15.631104,0,0.0,53241,81.239319,1933,2.949524,118,0.180054,True,118,0.180054,65536
1684,Class_III_C27F2x10000,III,train,640,128,256,25327,38.645935,0,0.0,36689,55.982971,3379,5.155945,141,0.215149,True,141,0.215149,65536
1685,Class_III_C27F2x10000,III,train,640,256,256,21759,33.201599,0,0.0,35677,54.438782,7723,11.784363,377,0.575256,True,377,0.575256,65536
1686,Class_III_C27F2x10000,III,train,640,384,256,17154,26.174927,0,0.0,39998,61.032104,7983,12.181091,401,0.611877,True,401,0.611877,65536
1687,Class_III_C27F2x10000,III,train,640,512,256,17900,27.313232,0,0.0,41474,63.284302,5851,8.927917,311,0.474548,True,311,0.474548,65536
1688,Class_III_C27F2x10000,III,train,640,640,256,6390,9.750366,0,0.0,53321,81.361389,5538,8.450317,287,0.437927,True,287,0.437927,65536
1689,Class_III_C27F2x10000,III,train,640,768,256,8505,12.9776,0,0.0,50780,77.484131,5935,9.056091,316,0.482178,True,316,0.482178,65536
1690,Class_III_C27F2x10000,III,train,640,896,256,8528,13.012695,0,0.0,53302,81.332397,3523,5.375671,183,0.279236,True,183,0.279236,65536
1691,Class_III_C27F2x10000,III,train,640,1024,256,4844,7.391357,0,0.0,58380,89.080811,2312,3.527832,0,0.0,False,0,0.0,65536
1692,Class_III_C27F2x10000,III,train,703,0,256,9176,14.001465,0,0.0,54017,82.423401,2316,3.533936,27,0.041199,True,27,0.041199,65536
1693,Class_III_C27F2x10000,III,train,703,128,256,26707,40.751648,0,0.0,34234,52.236938,4454,6.796265,141,0.215149,True,141,0.215149,65536
1694,Class_III_C27F2x10000,III,train,703,256,256,24297,37.07428,0,0.0,34268,52.288818,6715,10.246277,256,0.390625,True,256,0.390625,65536
1695,Class_III_C27F2x10000,III,train,703,384,256,13228,20.184326,0,0.0,46618,71.133423,5443,8.305359,247,0.376892,True,247,0.376892,65536
1696,Class_III_C27F2x10000,III,train,703,512,256,10961,16.725159,0,0.0,50258,76.687622,4096,6.25,221,0.337219,True,221,0.337219,65536
1697,Class_III_C27F2x10000,III,train,703,640,256,4299,6.559753,0,0.0,56530,86.257935,4507,6.877136,200,0.305176,True,200,0.305176,65536
1698,Class_III_C27F2x10000,III,train,703,768,256,5592,8.532715,0,0.0,54254,82.785034,5409,8.253479,281,0.428772,True,281,0.428772,65536
1699,Class_III_C27F2x10000,III,train,703,896,256,6126,9.347534,0,0.0,54725,83.503723,4398,6.710815,287,0.437927,True,287,0.437927,65536
1700,Class_III_C27F2x10000,III,train,703,1024,256,2904,4.431152,0,0.0,59262,90.426636,3261,4.975891,109,0.166321,True,109,0.166321,65536
1701,Class_III_C27F2x15000,III,train,0,0,256,10433,15.919495,0,0.0,55103,84.080505,0,0.0,0,0.0,False,0,0.0,65536
1702,Class_III_C27F2x15000,III,train,0,128,256,13220,20.172119,0,0.0,52316,79.827881,0,0.0,0,0.0,False,0,0.0,65536
1703,Class_III_C27F2x15000,III,train,0,256,256,12688,19.360352,0,0.0,52848,80.639648,0,0.0,0,0.0,False,0,0.0,65536
1704,Class_III_C27F2x15000,III,train,0,384,256,13068,19.940186,0,0.0,52468,80.059814,0,0.0,0,0.0,False,0,0.0,65536
1705,Class_III_C27F2x15000,III,train,0,512,256,16279,24.839783,0,0.0,49257,75.160217,0,0.0,0,0.0,False,0,0.0,65536
1706,Class_III_C27F2x15000,III,train,0,640,256,14803,22.587585,0,0.0,50733,77.412415,0,0.0,0,0.0,False,0,0.0,65536
1707,Class_III_C27F2x15000,III,train,0,768,256,20840,31.799316,0,0.0,44696,68.200684,0,0.0,0,0.0,False,0,0.0,65536
1708,Class_III_C27F2x15000,III,train,0,896,256,41549,63.398743,0,0.0,23987,36.601257,0,0.0,0,0.0,False,0,0.0,65536
1709,Class_III_C27F2x15000,III,train,0,1024,256,49256,75.158691,0,0.0,16280,24.841309,0,0.0,0,0.0,False,0,0.0,65536
1710,Class_III_C27F2x15000,III,train,128,0,256,24651,37.614441,0,0.0,40885,62.385559,0,0.0,0,0.0,False,0,0.0,65536
1711,Class_III_C27F2x15000,III,train,128,128,256,17721,27.0401,0,0.0,47815,72.9599,0,0.0,0,0.0,False,0,0.0,65536
1712,Class_III_C27F2x15000,III,train,128,256,256,5553,8.473206,0,0.0,59983,91.526794,0,0.0,0,0.0,False,0,0.0,65536
1713,Class_III_C27F2x15000,III,train,128,384,256,20754,31.668091,0,0.0,44276,67.559814,438,0.668335,68,0.10376,True,68,0.10376,65536
1714,Class_III_C27F2x15000,III,train,128,512,256,23296,35.546875,0,0.0,41734,63.68103,438,0.668335,68,0.10376,True,68,0.10376,65536
1715,Class_III_C27F2x15000,III,train,128,640,256,14351,21.897888,0,0.0,51185,78.102112,0,0.0,0,0.0,False,0,0.0,65536
1716,Class_III_C27F2x15000,III,train,128,768,256,21723,33.146667,0,0.0,43654,66.610718,159,0.242615,0,0.0,False,0,0.0,65536
1717,Class_III_C27F2x15000,III,train,128,896,256,41059,62.651062,0,0.0,24318,37.106323,159,0.242615,0,0.0,False,0,0.0,65536
1718,Class_III_C27F2x15000,III,train,128,1024,256,54747,83.537292,0,0.0,10672,16.28418,117,0.178528,0,0.0,False,0,0.0,65536
1719,Class_III_C27F2x15000,III,train,256,0,256,30327,46.27533,0,0.0,35209,53.72467,0,0.0,0,0.0,False,0,0.0,65536
1720,Class_III_C27F2x15000,III,train,256,128,256,25091,38.285828,0,0.0,40445,61.714172,0,0.0,0,0.0,False,0,0.0,65536
1721,Class_III_C27F2x15000,III,train,256,256,256,12370,18.875122,0,0.0,53166,81.124878,0,0.0,0,0.0,False,0,0.0,65536
1722,Class_III_C27F2x15000,III,train,256,384,256,22713,34.657288,0,0.0,42057,64.173889,684,1.043701,82,0.125122,True,82,0.125122,65536
1723,Class_III_C27F2x15000,III,train,256,512,256,34033,51.930237,0,0.0,30737,46.90094,684,1.043701,82,0.125122,True,82,0.125122,65536
1724,Class_III_C27F2x15000,III,train,256,640,256,28866,44.046021,0,0.0,36670,55.953979,0,0.0,0,0.0,False,0,0.0,65536
1725,Class_III_C27F2x15000,III,train,256,768,256,18309,27.937317,0,0.0,47068,71.820068,159,0.242615,0,0.0,False,0,0.0,65536
1726,Class_III_C27F2x15000,III,train,256,896,256,33222,50.692749,0,0.0,32155,49.064636,159,0.242615,0,0.0,False,0,0.0,65536
1727,Class_III_C27F2x15000,III,train,256,1024,256,46058,70.278931,0,0.0,19361,29.542542,117,0.178528,0,0.0,False,0,0.0,65536
1728,Class_III_C27F2x15000,III,train,384,0,256,26813,40.913391,0,0.0,37582,57.345581,952,1.452637,189,0.288391,True,189,0.288391,65536
1729,Class_III_C27F2x15000,III,train,384,128,256,31925,48.713684,0,0.0,32470,49.545288,952,1.452637,189,0.288391,True,189,0.288391,65536
1730,Class_III_C27F2x15000,III,train,384,256,256,17496,26.696777,0,0.0,48040,73.303223,0,0.0,0,0.0,False,0,0.0,65536
1731,Class_III_C27F2x15000,III,train,384,384,256,19391,29.588318,0,0.0,45885,70.014954,246,0.375366,14,0.021362,True,14,0.021362,65536
1732,Class_III_C27F2x15000,III,train,384,512,256,36366,55.490112,0,0.0,28910,44.113159,246,0.375366,14,0.021362,True,14,0.021362,65536
1733,Class_III_C27F2x15000,III,train,384,640,256,34420,52.520752,0,0.0,31116,47.479248,0,0.0,0,0.0,False,0,0.0,65536
1734,Class_III_C27F2x15000,III,train,384,768,256,17852,27.23999,0,0.0,47684,72.76001,0,0.0,0,0.0,False,0,0.0,65536
1735,Class_III_C27F2x15000,III,train,384,896,256,20042,30.581665,0,0.0,45494,69.418335,0,0.0,0,0.0,False,0,0.0,65536
1736,Class_III_C27F2x15000,III,train,384,1024,256,23261,35.493469,0,0.0,42275,64.506531,0,0.0,0,0.0,False,0,0.0,65536
1737,Class_III_C27F2x15000,III,train,512,0,256,36716,56.02417,0,0.0,27673,42.225647,958,1.461792,189,0.288391,True,189,0.288391,65536
1738,Class_III_C27F2x15000,III,train,512,128,256,42358,64.633179,0,0.0,22031,33.616638,958,1.461792,189,0.288391,True,189,0.288391,65536
1739,Class_III_C27F2x15000,III,train,512,256,256,27380,41.778564,0,0.0,38156,58.221436,0,0.0,0,0.0,False,0,0.0,65536
1740,Class_III_C27F2x15000,III,train,512,384,256,20956,31.976318,0,0.0,44578,68.02063,2,0.003052,0,0.0,False,0,0.0,65536
1741,Class_III_C27F2x15000,III,train,512,512,256,33082,50.479126,0,0.0,32206,49.142456,248,0.378418,0,0.0,False,0,0.0,65536
1742,Class_III_C27F2x15000,III,train,512,640,256,25002,38.150024,0,0.0,40288,61.474609,246,0.375366,0,0.0,False,0,0.0,65536
1743,Class_III_C27F2x15000,III,train,512,768,256,19394,29.592896,0,0.0,46142,70.407104,0,0.0,0,0.0,False,0,0.0,65536
1744,Class_III_C27F2x15000,III,train,512,896,256,27756,42.352295,0,0.0,37780,57.647705,0,0.0,0,0.0,False,0,0.0,65536
1745,Class_III_C27F2x15000,III,train,512,1024,256,19932,30.413818,0,0.0,45604,69.586182,0,0.0,0,0.0,False,0,0.0,65536
1746,Class_III_C27F2x15000,III,train,640,0,256,24348,37.1521,0,0.0,40890,62.393188,298,0.454712,0,0.0,False,0,0.0,65536
1747,Class_III_C27F2x15000,III,train,640,128,256,26172,39.935303,0,0.0,39358,60.055542,6,0.009155,0,0.0,False,0,0.0,65536
1748,Class_III_C27F2x15000,III,train,640,256,256,27424,41.845703,0,0.0,38112,58.154297,0,0.0,0,0.0,False,0,0.0,65536
1749,Class_III_C27F2x15000,III,train,640,384,256,23839,36.375427,0,0.0,41549,63.398743,134,0.204468,14,0.021362,True,14,0.021362,65536
1750,Class_III_C27F2x15000,III,train,640,512,256,26814,40.914917,0,0.0,38328,58.483887,380,0.579834,14,0.021362,True,14,0.021362,65536
1751,Class_III_C27F2x15000,III,train,640,640,256,19076,29.107666,0,0.0,46214,70.516968,246,0.375366,0,0.0,False,0,0.0,65536
1752,Class_III_C27F2x15000,III,train,640,768,256,17066,26.040649,0,0.0,48470,73.959351,0,0.0,0,0.0,False,0,0.0,65536
1753,Class_III_C27F2x15000,III,train,640,896,256,32725,49.934387,0,0.0,32811,50.065613,0,0.0,0,0.0,False,0,0.0,65536
1754,Class_III_C27F2x15000,III,train,640,1024,256,28314,43.203735,0,0.0,37222,56.796265,0,0.0,0,0.0,False,0,0.0,65536
1755,Class_III_C27F2x15000,III,train,703,0,256,19436,29.656982,0,0.0,45808,69.897461,292,0.445557,0,0.0,False,0,0.0,65536
1756,Class_III_C27F2x15000,III,train,703,128,256,18889,28.822327,0,0.0,46647,71.177673,0,0.0,0,0.0,False,0,0.0,65536
1757,Class_III_C27F2x15000,III,train,703,256,256,19933,30.415344,0,0.0,45603,69.584656,0,0.0,0,0.0,False,0,0.0,65536
1758,Class_III_C27F2x15000,III,train,703,384,256,22853,34.870911,0,0.0,42535,64.903259,134,0.204468,14,0.021362,True,14,0.021362,65536
1759,Class_III_C27F2x15000,III,train,703,512,256,25089,38.282776,0,0.0,40299,61.491394,134,0.204468,14,0.021362,True,14,0.021362,65536
1760,Class_III_C27F2x15000,III,train,703,640,256,19264,29.394531,0,0.0,46272,70.605469,0,0.0,0,0.0,False,0,0.0,65536
1761,Class_III_C27F2x15000,III,train,703,768,256,16618,25.357056,0,0.0,48918,74.642944,0,0.0,0,0.0,False,0,0.0,65536
1762,Class_III_C27F2x15000,III,train,703,896,256,26276,40.093994,0,0.0,39260,59.906006,0,0.0,0,0.0,False,0,0.0,65536
1763,Class_III_C27F2x15000,III,train,703,1024,256,24281,37.049866,0,0.0,41255,62.950134,0,0.0,0,0.0,False,0,0.0,65536
1764,Class_III_C28F2x10000,III,test,0,0,256,14227,21.708679,0,0.0,51309,78.291321,0,0.0,0,0.0,False,0,0.0,65536
1765,Class_III_C28F2x10000,III,test,0,128,256,21236,32.403564,0,0.0,44300,67.596436,0,0.0,0,0.0,False,0,0.0,65536
1766,Class_III_C28F2x10000,III,test,0,256,256,21438,32.711792,0,0.0,43822,66.867065,276,0.421143,0,0.0,False,0,0.0,65536
1767,Class_III_C28F2x10000,III,test,0,384,256,18811,28.703308,0,0.0,46373,70.759583,352,0.537109,0,0.0,False,0,0.0,65536
1768,Class_III_C28F2x10000,III,test,0,512,256,15126,23.080444,0,0.0,50115,76.469421,295,0.450134,0,0.0,False,0,0.0,65536
1769,Class_III_C28F2x10000,III,test,0,640,256,13665,20.851135,0,0.0,51409,78.443909,462,0.704956,0,0.0,False,0,0.0,65536
1770,Class_III_C28F2x10000,III,test,0,768,256,17668,26.959229,0,0.0,47154,71.951294,714,1.089478,0,0.0,False,0,0.0,65536
1771,Class_III_C28F2x10000,III,test,0,896,256,22300,34.0271,0,0.0,42102,64.242554,1134,1.730347,0,0.0,False,0,0.0,65536
1772,Class_III_C28F2x10000,III,test,0,1024,256,20172,30.780029,0,0.0,43924,67.022705,1440,2.197266,0,0.0,False,0,0.0,65536
1773,Class_III_C28F2x10000,III,test,128,0,256,16988,25.921631,0,0.0,48052,73.321533,496,0.756836,0,0.0,False,0,0.0,65536
1774,Class_III_C28F2x10000,III,test,128,128,256,17559,26.792908,0,0.0,47977,73.207092,0,0.0,0,0.0,False,0,0.0,65536
1775,Class_III_C28F2x10000,III,test,128,256,256,17643,26.921082,0,0.0,47893,73.078918,0,0.0,0,0.0,False,0,0.0,65536
1776,Class_III_C28F2x10000,III,test,128,384,256,22915,34.965515,0,0.0,42555,64.933777,66,0.100708,0,0.0,False,0,0.0,65536
1777,Class_III_C28F2x10000,III,test,128,512,256,24074,36.734009,0,0.0,40868,62.359619,594,0.906372,0,0.0,False,0,0.0,65536
1778,Class_III_C28F2x10000,III,test,128,640,256,18062,27.560425,0,0.0,46680,71.228027,751,1.145935,43,0.065613,True,43,0.065613,65536
1779,Class_III_C28F2x10000,III,test,128,768,256,16309,24.885559,0,0.0,48728,74.353027,448,0.683594,51,0.07782,True,51,0.07782,65536
1780,Class_III_C28F2x10000,III,test,128,896,256,21730,33.157349,0,0.0,43224,65.95459,574,0.875854,8,0.012207,True,8,0.012207,65536
1781,Class_III_C28F2x10000,III,test,128,1024,256,23525,35.896301,0,0.0,40925,62.446594,1086,1.657104,0,0.0,False,0,0.0,65536
1782,Class_III_C28F2x10000,III,test,256,0,256,14637,22.33429,0,0.0,50204,76.605225,695,1.060486,0,0.0,False,0,0.0,65536
1783,Class_III_C28F2x10000,III,test,256,128,256,14613,22.297668,0,0.0,50724,77.398682,199,0.30365,0,0.0,False,0,0.0,65536
1784,Class_III_C28F2x10000,III,test,256,256,256,15876,24.224854,0,0.0,49593,75.672913,67,0.102234,0,0.0,False,0,0.0,65536
1785,Class_III_C28F2x10000,III,test,256,384,256,15575,23.765564,0,0.0,49561,75.624084,400,0.610352,0,0.0,False,0,0.0,65536
1786,Class_III_C28F2x10000,III,test,256,512,256,16492,25.164795,0,0.0,48402,73.855591,642,0.979614,0,0.0,False,0,0.0,65536
1787,Class_III_C28F2x10000,III,test,256,640,256,11566,17.648315,0,0.0,53102,81.027222,808,1.23291,60,0.091553,True,60,0.091553,65536
1788,Class_III_C28F2x10000,III,test,256,768,256,13141,20.051575,0,0.0,51700,78.887939,627,0.956726,68,0.10376,True,68,0.10376,65536
1789,Class_III_C28F2x10000,III,test,256,896,256,20388,31.109619,0,0.0,44740,68.267822,400,0.610352,8,0.012207,True,8,0.012207,65536
1790,Class_III_C28F2x10000,III,test,256,1024,256,15357,23.432922,0,0.0,49829,76.03302,350,0.534058,0,0.0,False,0,0.0,65536
1791,Class_III_C28F2x10000,III,test,384,0,256,15095,23.033142,0,0.0,50242,76.663208,199,0.30365,0,0.0,False,0,0.0,65536
1792,Class_III_C28F2x10000,III,test,384,128,256,13845,21.125793,0,0.0,51492,78.570557,199,0.30365,0,0.0,False,0,0.0,65536
1793,Class_III_C28F2x10000,III,test,384,256,256,13692,20.892334,0,0.0,51777,79.005432,67,0.102234,0,0.0,False,0,0.0,65536
1794,Class_III_C28F2x10000,III,test,384,384,256,14524,22.161865,0,0.0,50678,77.328491,334,0.509644,0,0.0,False,0,0.0,65536
1795,Class_III_C28F2x10000,III,test,384,512,256,8966,13.68103,0,0.0,56116,85.626221,454,0.692749,0,0.0,False,0,0.0,65536
1796,Class_III_C28F2x10000,III,test,384,640,256,4804,7.330322,0,0.0,59921,91.43219,794,1.211548,17,0.02594,True,17,0.02594,65536
1797,Class_III_C28F2x10000,III,test,384,768,256,14457,22.059631,0,0.0,50432,76.953125,630,0.961304,17,0.02594,True,17,0.02594,65536
1798,Class_III_C28F2x10000,III,test,384,896,256,16181,24.690247,0,0.0,49332,75.274658,23,0.035095,0,0.0,False,0,0.0,65536
1799,Class_III_C28F2x10000,III,test,384,1024,256,9604,14.654541,0,0.0,55932,85.345459,0,0.0,0,0.0,False,0,0.0,65536
1800,Class_III_C28F2x10000,III,test,512,0,256,20188,30.804443,0,0.0,45348,69.195557,0,0.0,0,0.0,False,0,0.0,65536
1801,Class_III_C28F2x10000,III,test,512,128,256,16451,25.102234,0,0.0,49085,74.897766,0,0.0,0,0.0,False,0,0.0,65536
1802,Class_III_C28F2x10000,III,test,512,256,256,22177,33.839417,0,0.0,43359,66.160583,0,0.0,0,0.0,False,0,0.0,65536
1803,Class_III_C28F2x10000,III,test,512,384,256,28624,43.676758,0,0.0,36912,56.323242,0,0.0,0,0.0,False,0,0.0,65536
1804,Class_III_C28F2x10000,III,test,512,512,256,18008,27.478027,0,0.0,47094,71.859741,434,0.662231,0,0.0,False,0,0.0,65536
1805,Class_III_C28F2x10000,III,test,512,640,256,7865,12.001038,0,0.0,56914,86.843872,757,1.15509,0,0.0,False,0,0.0,65536
1806,Class_III_C28F2x10000,III,test,512,768,256,11041,16.847229,0,0.0,53729,81.983948,766,1.168823,0,0.0,False,0,0.0,65536
1807,Class_III_C28F2x10000,III,test,512,896,256,10813,16.499329,0,0.0,54280,82.824707,443,0.675964,0,0.0,False,0,0.0,65536
1808,Class_III_C28F2x10000,III,test,512,1024,256,8747,13.346863,0,0.0,56789,86.653137,0,0.0,0,0.0,False,0,0.0,65536
1809,Class_III_C28F2x10000,III,test,640,0,256,22746,34.707642,0,0.0,42790,65.292358,0,0.0,0,0.0,False,0,0.0,65536
1810,Class_III_C28F2x10000,III,test,640,128,256,13118,20.016479,0,0.0,52418,79.983521,0,0.0,0,0.0,False,0,0.0,65536
1811,Class_III_C28F2x10000,III,test,640,256,256,24392,37.219238,0,0.0,41144,62.780762,0,0.0,0,0.0,False,0,0.0,65536
1812,Class_III_C28F2x10000,III,test,640,384,256,28426,43.374634,0,0.0,37110,56.625366,0,0.0,0,0.0,False,0,0.0,65536
1813,Class_III_C28F2x10000,III,test,640,512,256,17028,25.982666,0,0.0,48261,73.640442,247,0.376892,0,0.0,False,0,0.0,65536
1814,Class_III_C28F2x10000,III,test,640,640,256,12958,19.772339,0,0.0,52252,79.730225,326,0.497437,0,0.0,False,0,0.0,65536
1815,Class_III_C28F2x10000,III,test,640,768,256,14434,22.024536,0,0.0,50580,77.178955,522,0.796509,0,0.0,False,0,0.0,65536
1816,Class_III_C28F2x10000,III,test,640,896,256,12799,19.529724,0,0.0,51610,78.75061,1127,1.719666,0,0.0,False,0,0.0,65536
1817,Class_III_C28F2x10000,III,test,640,1024,256,10194,15.55481,0,0.0,54658,83.401489,684,1.043701,0,0.0,False,0,0.0,65536
1818,Class_III_C28F2x10000,III,test,703,0,256,20639,31.492615,0,0.0,44897,68.507385,0,0.0,0,0.0,False,0,0.0,65536
1819,Class_III_C28F2x10000,III,test,703,128,256,13578,20.718384,0,0.0,51958,79.281616,0,0.0,0,0.0,False,0,0.0,65536
1820,Class_III_C28F2x10000,III,test,703,256,256,22374,34.140015,0,0.0,43162,65.859985,0,0.0,0,0.0,False,0,0.0,65536
1821,Class_III_C28F2x10000,III,test,703,384,256,28929,44.142151,0,0.0,36607,55.857849,0,0.0,0,0.0,False,0,0.0,65536
1822,Class_III_C28F2x10000,III,test,703,512,256,20090,30.654907,0,0.0,45446,69.345093,0,0.0,0,0.0,False,0,0.0,65536
1823,Class_III_C28F2x10000,III,test,703,640,256,11695,17.845154,0,0.0,53762,82.034302,79,0.120544,0,0.0,False,0,0.0,65536
1824,Class_III_C28F2x10000,III,test,703,768,256,12968,19.787598,0,0.0,52046,79.415894,522,0.796509,0,0.0,False,0,0.0,65536
1825,Class_III_C28F2x10000,III,test,703,896,256,12824,19.567871,0,0.0,51585,78.712463,1127,1.719666,0,0.0,False,0,0.0,65536
1826,Class_III_C28F2x10000,III,test,703,1024,256,9954,15.188599,0,0.0,54898,83.7677,684,1.043701,0,0.0,False,0,0.0,65536
1827,Class_III_C28F2x10000_2,III,train,0,0,256,10346,15.786743,0,0.0,52583,80.235291,2522,3.848267,85,0.1297,True,85,0.1297,65536
1828,Class_III_C28F2x10000_2,III,train,0,128,256,8745,13.343811,0,0.0,53937,82.301331,2797,4.267883,57,0.086975,True,57,0.086975,65536
1829,Class_III_C28F2x10000_2,III,train,0,256,256,9221,14.070129,0,0.0,52470,80.062866,3676,5.609131,169,0.257874,True,169,0.257874,65536
1830,Class_III_C28F2x10000_2,III,train,0,384,256,8453,12.898254,0,0.0,54848,83.691406,2117,3.230286,118,0.180054,True,118,0.180054,65536
1831,Class_III_C28F2x10000_2,III,train,0,512,256,10495,16.014099,0,0.0,53563,81.730652,1478,2.255249,0,0.0,False,0,0.0,65536
1832,Class_III_C28F2x10000_2,III,train,0,640,256,8833,13.478088,0,0.0,54880,83.740234,1813,2.766418,10,0.015259,True,10,0.015259,65536
1833,Class_III_C28F2x10000_2,III,train,0,768,256,8818,13.4552,0,0.0,54470,83.114624,2190,3.341675,58,0.088501,True,58,0.088501,65536
1834,Class_III_C28F2x10000_2,III,train,0,896,256,14402,21.975708,0,0.0,47474,72.439575,3559,5.430603,101,0.154114,True,101,0.154114,65536
1835,Class_III_C28F2x10000_2,III,train,0,1024,256,15711,23.973083,0,0.0,46454,70.883179,3318,5.062866,53,0.080872,True,53,0.080872,65536
1836,Class_III_C28F2x10000_2,III,train,128,0,256,9404,14.349365,0,0.0,54679,83.433533,1410,2.151489,43,0.065613,True,43,0.065613,65536
1837,Class_III_C28F2x10000_2,III,train,128,128,256,11336,17.297363,0,0.0,52138,79.556274,2062,3.146362,0,0.0,False,0,0.0,65536
1838,Class_III_C28F2x10000_2,III,train,128,256,256,10982,16.757202,0,0.0,52699,80.412292,1855,2.830505,0,0.0,False,0,0.0,65536
1839,Class_III_C28F2x10000_2,III,train,128,384,256,11223,17.124939,0,0.0,53147,81.095886,1166,1.779175,0,0.0,False,0,0.0,65536
1840,Class_III_C28F2x10000_2,III,train,128,512,256,15505,23.658752,0,0.0,48407,73.86322,1624,2.478027,0,0.0,False,0,0.0,65536
1841,Class_III_C28F2x10000_2,III,train,128,640,256,13783,21.031189,0,0.0,49762,75.930786,1959,2.989197,32,0.048828,True,32,0.048828,65536
1842,Class_III_C28F2x10000_2,III,train,128,768,256,9107,13.896179,0,0.0,54712,83.483887,1673,2.552795,44,0.067139,True,44,0.067139,65536
1843,Class_III_C28F2x10000_2,III,train,128,896,256,11070,16.891479,0,0.0,52086,79.476929,2341,3.572083,39,0.059509,True,39,0.059509,65536
1844,Class_III_C28F2x10000_2,III,train,128,1024,256,14599,22.276306,0,0.0,46616,71.130371,4294,6.552124,27,0.041199,True,27,0.041199,65536
1845,Class_III_C28F2x10000_2,III,train,256,0,256,7826,11.941528,0,0.0,56369,86.012268,1341,2.046204,0,0.0,False,0,0.0,65536
1846,Class_III_C28F2x10000_2,III,train,256,128,256,9235,14.091492,0,0.0,54501,83.161926,1800,2.746582,0,0.0,False,0,0.0,65536
1847,Class_III_C28F2x10000_2,III,train,256,256,256,12735,19.432068,0,0.0,51688,78.869629,1113,1.698303,0,0.0,False,0,0.0,65536
1848,Class_III_C28F2x10000_2,III,train,256,384,256,15889,24.24469,0,0.0,48735,74.363708,906,1.382446,6,0.009155,True,6,0.009155,65536
1849,Class_III_C28F2x10000_2,III,train,256,512,256,16380,24.993896,0,0.0,47545,72.547913,1487,2.268982,124,0.189209,True,124,0.189209,65536
1850,Class_III_C28F2x10000_2,III,train,256,640,256,15355,23.429871,0,0.0,48016,73.266602,1994,3.042603,171,0.260925,True,171,0.260925,65536
1851,Class_III_C28F2x10000_2,III,train,256,768,256,13221,20.173645,0,0.0,50081,76.417542,2154,3.286743,80,0.12207,True,80,0.12207,65536
1852,Class_III_C28F2x10000_2,III,train,256,896,256,13926,21.24939,0,0.0,49989,76.277161,1585,2.418518,36,0.054932,True,36,0.054932,65536
1853,Class_III_C28F2x10000_2,III,train,256,1024,256,16934,25.839233,0,0.0,46621,71.138,1972,3.009033,9,0.013733,True,9,0.013733,65536
1854,Class_III_C28F2x10000_2,III,train,384,0,256,13851,21.134949,0,0.0,49221,75.105286,2446,3.7323,18,0.027466,True,18,0.027466,65536
1855,Class_III_C28F2x10000_2,III,train,384,128,256,11602,17.703247,0,0.0,51717,78.913879,2199,3.355408,18,0.027466,True,18,0.027466,65536
1856,Class_III_C28F2x10000_2,III,train,384,256,256,15577,23.768616,0,0.0,49087,74.900818,872,1.330566,0,0.0,False,0,0.0,65536
1857,Class_III_C28F2x10000_2,III,train,384,384,256,17341,26.460266,0,0.0,46620,71.136475,1553,2.36969,22,0.033569,True,22,0.033569,65536
1858,Class_III_C28F2x10000_2,III,train,384,512,256,16123,24.601746,0,0.0,47138,71.92688,2135,3.257751,140,0.213623,True,140,0.213623,65536
1859,Class_III_C28F2x10000_2,III,train,384,640,256,14756,22.515869,0,0.0,48172,73.504639,2459,3.752136,149,0.227356,True,149,0.227356,65536
1860,Class_III_C28F2x10000_2,III,train,384,768,256,13298,20.291138,0,0.0,49645,75.752258,2535,3.868103,58,0.088501,True,58,0.088501,65536
1861,Class_III_C28F2x10000_2,III,train,384,896,256,15513,23.670959,0,0.0,47750,72.860718,2237,3.413391,36,0.054932,True,36,0.054932,65536
1862,Class_III_C28F2x10000_2,III,train,384,1024,256,16600,25.32959,0,0.0,47907,73.100281,1020,1.556396,9,0.013733,True,9,0.013733,65536
1863,Class_III_C28F2x10000_2,III,train,512,0,256,16134,24.61853,0,0.0,46304,70.654297,3035,4.631042,63,0.09613,True,63,0.09613,65536
1864,Class_III_C28F2x10000_2,III,train,512,128,256,13222,20.175171,0,0.0,49774,75.949097,2497,3.81012,43,0.065613,True,43,0.065613,65536
1865,Class_III_C28F2x10000_2,III,train,512,256,256,13859,21.147156,0,0.0,50431,76.951599,1246,1.901245,0,0.0,False,0,0.0,65536
1866,Class_III_C28F2x10000_2,III,train,512,384,256,14402,21.975708,0,0.0,49058,74.856567,2060,3.143311,16,0.024414,True,16,0.024414,65536
1867,Class_III_C28F2x10000_2,III,train,512,512,256,15270,23.300171,0,0.0,47442,72.390747,2808,4.284668,16,0.024414,True,16,0.024414,65536
1868,Class_III_C28F2x10000_2,III,train,512,640,256,10069,15.364075,0,0.0,52583,80.235291,2884,4.400635,0,0.0,False,0,0.0,65536
1869,Class_III_C28F2x10000_2,III,train,512,768,256,6912,10.546875,0,0.0,55925,85.334778,2693,4.109192,6,0.009155,True,6,0.009155,65536
1870,Class_III_C28F2x10000_2,III,train,512,896,256,10681,16.297913,0,0.0,52272,79.760742,2577,3.93219,6,0.009155,True,6,0.009155,65536
1871,Class_III_C28F2x10000_2,III,train,512,1024,256,10942,16.696167,0,0.0,52849,80.641174,1745,2.662659,0,0.0,False,0,0.0,65536
1872,Class_III_C28F2x10000_2,III,train,640,0,256,18036,27.520752,0,0.0,45758,69.821167,1697,2.589417,45,0.068665,True,45,0.068665,65536
1873,Class_III_C28F2x10000_2,III,train,640,128,256,9963,15.202332,0,0.0,54061,82.49054,1476,2.252197,36,0.054932,True,36,0.054932,65536
1874,Class_III_C28F2x10000_2,III,train,640,256,256,10894,16.622925,0,0.0,52716,80.438232,1915,2.922058,11,0.016785,True,11,0.016785,65536
1875,Class_III_C28F2x10000_2,III,train,640,384,256,13119,20.018005,0,0.0,50399,76.902771,1988,3.033447,30,0.045776,True,30,0.045776,65536
1876,Class_III_C28F2x10000_2,III,train,640,512,256,16727,25.523376,0,0.0,46840,71.472168,1939,2.958679,30,0.045776,True,30,0.045776,65536
1877,Class_III_C28F2x10000_2,III,train,640,640,256,13559,20.689392,0,0.0,49739,75.895691,2238,3.414917,0,0.0,False,0,0.0,65536
1878,Class_III_C28F2x10000_2,III,train,640,768,256,13557,20.68634,0,0.0,49526,75.570679,2388,3.643799,65,0.099182,True,65,0.099182,65536
1879,Class_III_C28F2x10000_2,III,train,640,896,256,20847,31.809998,0,0.0,42565,64.949036,2055,3.135681,69,0.105286,True,69,0.105286,65536
1880,Class_III_C28F2x10000_2,III,train,640,1024,256,25048,38.220215,0,0.0,39225,59.8526,1256,1.916504,7,0.010681,True,7,0.010681,65536
1881,Class_III_C28F2x10000_2,III,train,703,0,256,20612,31.451416,0,0.0,42833,65.357971,1987,3.031921,104,0.158691,True,104,0.158691,65536
1882,Class_III_C28F2x10000_2,III,train,703,128,256,15854,24.191284,0,0.0,47765,72.883606,1809,2.760315,108,0.164795,True,108,0.164795,65536
1883,Class_III_C28F2x10000_2,III,train,703,256,256,18324,27.960205,0,0.0,45305,69.129944,1883,2.87323,24,0.036621,True,24,0.036621,65536
1884,Class_III_C28F2x10000_2,III,train,703,384,256,16312,24.890137,0,0.0,47508,72.491455,1686,2.572632,30,0.045776,True,30,0.045776,65536
1885,Class_III_C28F2x10000_2,III,train,703,512,256,17621,26.887512,0,0.0,46169,70.448303,1716,2.618408,30,0.045776,True,30,0.045776,65536
1886,Class_III_C28F2x10000_2,III,train,703,640,256,14908,22.747803,0,0.0,48331,73.747253,2277,3.474426,20,0.030518,True,20,0.030518,65536
1887,Class_III_C28F2x10000_2,III,train,703,768,256,16704,25.488281,0,0.0,45643,69.645691,3079,4.698181,110,0.167847,True,110,0.167847,65536
1888,Class_III_C28F2x10000_2,III,train,703,896,256,24241,36.988831,0,0.0,38618,58.926392,2583,3.941345,94,0.143433,True,94,0.143433,65536
1889,Class_III_C28F2x10000_2,III,train,703,1024,256,26045,39.741516,0,0.0,38302,58.444214,1182,1.803589,7,0.010681,True,7,0.010681,65536
1890,Class_III_C28F2x15000,III,train,0,0,256,2969,4.530334,0,0.0,58675,89.530945,3839,5.857849,53,0.080872,True,53,0.080872,65536
1891,Class_III_C28F2x15000,III,train,0,128,256,2272,3.466797,0,0.0,59940,91.461182,3324,5.072021,0,0.0,False,0,0.0,65536
1892,Class_III_C28F2x15000,III,train,0,256,256,7242,11.050415,0,0.0,49479,75.498962,8731,13.322449,84,0.128174,True,84,0.128174,65536
1893,Class_III_C28F2x15000,III,train,0,384,256,7124,10.870361,0,0.0,49056,74.853516,9272,14.147949,84,0.128174,True,84,0.128174,65536
1894,Class_III_C28F2x15000,III,train,0,512,256,8326,12.704468,0,0.0,54106,82.559204,3024,4.614258,80,0.12207,True,80,0.12207,65536
1895,Class_III_C28F2x15000,III,train,0,640,256,14220,21.697998,0,0.0,49320,75.256348,1916,2.923584,80,0.12207,True,80,0.12207,65536
1896,Class_III_C28F2x15000,III,train,0,768,256,15470,23.605347,0,0.0,45189,68.952942,4628,7.061768,249,0.379944,True,249,0.379944,65536
1897,Class_III_C28F2x15000,III,train,0,896,256,20190,30.807495,0,0.0,37109,56.62384,7902,12.057495,335,0.511169,True,335,0.511169,65536
1898,Class_III_C28F2x15000,III,train,0,1024,256,15109,23.054504,0,0.0,45116,68.841553,5225,7.972717,86,0.131226,True,86,0.131226,65536
1899,Class_III_C28F2x15000,III,train,128,0,256,0,0.0,0,0.0,62376,95.178223,3072,4.6875,88,0.134277,True,88,0.134277,65536
1900,Class_III_C28F2x15000,III,train,128,128,256,0,0.0,0,0.0,61564,93.939209,3972,6.060791,0,0.0,False,0,0.0,65536
1901,Class_III_C28F2x15000,III,train,128,256,256,1570,2.39563,0,0.0,55668,84.942627,8298,12.661743,0,0.0,False,0,0.0,65536
1902,Class_III_C28F2x15000,III,train,128,384,256,6021,9.187317,0,0.0,52787,80.54657,6682,10.195923,46,0.07019,True,46,0.07019,65536
1903,Class_III_C28F2x15000,III,train,128,512,256,10180,15.533447,0,0.0,50606,77.218628,4532,6.915283,218,0.332642,True,218,0.332642,65536
1904,Class_III_C28F2x15000,III,train,128,640,256,5749,8.772278,0,0.0,53975,82.359314,5640,8.605957,172,0.262451,True,172,0.262451,65536
1905,Class_III_C28F2x15000,III,train,128,768,256,4469,6.819153,0,0.0,56355,85.990906,4666,7.119751,46,0.07019,True,46,0.07019,65536
1906,Class_III_C28F2x15000,III,train,128,896,256,6309,9.62677,0,0.0,53373,81.440735,5704,8.703613,150,0.228882,True,150,0.228882,65536
1907,Class_III_C28F2x15000,III,train,128,1024,256,2895,4.417419,0,0.0,58320,88.989258,4217,6.434631,104,0.158691,True,104,0.158691,65536
1908,Class_III_C28F2x15000,III,train,256,0,256,289,0.440979,0,0.0,60894,92.91687,4124,6.292725,229,0.349426,True,229,0.349426,65536
1909,Class_III_C28F2x15000,III,train,256,128,256,727,1.109314,0,0.0,60777,92.738342,4032,6.152344,0,0.0,False,0,0.0,65536
1910,Class_III_C28F2x15000,III,train,256,256,256,1914,2.920532,0,0.0,58787,89.701843,4835,7.377625,0,0.0,False,0,0.0,65536
1911,Class_III_C28F2x15000,III,train,256,384,256,5366,8.187866,0,0.0,54507,83.171082,5551,8.470154,112,0.170898,True,112,0.170898,65536
1912,Class_III_C28F2x15000,III,train,256,512,256,12238,18.673706,0,0.0,44810,68.374634,8242,12.576294,246,0.375366,True,246,0.375366,65536
1913,Class_III_C28F2x15000,III,train,256,640,256,9494,14.486694,0,0.0,50183,76.573181,5725,8.735657,134,0.204468,True,134,0.204468,65536
1914,Class_III_C28F2x15000,III,train,256,768,256,8581,13.093567,0,0.0,53478,81.600952,3477,5.305481,0,0.0,False,0,0.0,65536
1915,Class_III_C28F2x15000,III,train,256,896,256,7866,12.002563,0,0.0,54336,82.910156,3316,5.059814,18,0.027466,True,18,0.027466,65536
1916,Class_III_C28F2x15000,III,train,256,1024,256,1643,2.507019,0,0.0,61500,93.841553,2375,3.623962,18,0.027466,True,18,0.027466,65536
1917,Class_III_C28F2x15000,III,train,384,0,256,2606,3.97644,0,0.0,57914,88.369751,4816,7.348633,200,0.305176,True,200,0.305176,65536
1918,Class_III_C28F2x15000,III,train,384,128,256,4248,6.481934,0,0.0,59148,90.252686,2117,3.230286,23,0.035095,True,23,0.035095,65536
1919,Class_III_C28F2x15000,III,train,384,256,256,4806,7.333374,0,0.0,58309,88.972473,2376,3.625488,45,0.068665,True,45,0.068665,65536
1920,Class_III_C28F2x15000,III,train,384,384,256,7572,11.553955,0,0.0,53862,82.18689,3996,6.097412,106,0.161743,True,106,0.161743,65536
1921,Class_III_C28F2x15000,III,train,384,512,256,8420,12.8479,0,0.0,50675,77.323914,6305,9.620667,136,0.20752,True,136,0.20752,65536
1922,Class_III_C28F2x15000,III,train,384,640,256,5158,7.870483,0,0.0,57362,87.527466,2946,4.495239,70,0.106812,True,70,0.106812,65536
1923,Class_III_C28F2x15000,III,train,384,768,256,4547,6.938171,0,0.0,57582,87.863159,3407,5.198669,0,0.0,False,0,0.0,65536
1924,Class_III_C28F2x15000,III,train,384,896,256,5397,8.235168,0,0.0,56071,85.557556,4068,6.207275,0,0.0,False,0,0.0,65536
1925,Class_III_C28F2x15000,III,train,384,1024,256,6701,10.224915,0,0.0,56691,86.503601,2144,3.271484,0,0.0,False,0,0.0,65536
1926,Class_III_C28F2x15000,III,train,512,0,256,7744,11.816406,0,0.0,55053,84.004211,2668,4.071045,71,0.108337,True,71,0.108337,65536
1927,Class_III_C28F2x15000,III,train,512,128,256,10183,15.538025,0,0.0,53187,81.156921,2090,3.189087,76,0.115967,True,76,0.115967,65536
1928,Class_III_C28F2x15000,III,train,512,256,256,7494,11.434937,0,0.0,54086,82.528687,3911,5.967712,45,0.068665,True,45,0.068665,65536
1929,Class_III_C28F2x15000,III,train,512,384,256,10048,15.332031,0,0.0,52812,80.584717,2636,4.022217,40,0.061035,True,40,0.061035,65536
1930,Class_III_C28F2x15000,III,train,512,512,256,5112,7.800293,0,0.0,58089,88.63678,2235,3.410339,100,0.152588,True,100,0.152588,65536
1931,Class_III_C28F2x15000,III,train,512,640,256,1756,2.679443,0,0.0,60671,92.576599,2985,4.554749,124,0.189209,True,124,0.189209,65536
1932,Class_III_C28F2x15000,III,train,512,768,256,2367,3.611755,0,0.0,59418,90.664673,3727,5.686951,24,0.036621,True,24,0.036621,65536
1933,Class_III_C28F2x15000,III,train,512,896,256,5833,8.900452,0,0.0,55004,83.929443,4699,7.170105,0,0.0,False,0,0.0,65536
1934,Class_III_C28F2x15000,III,train,512,1024,256,9297,14.186096,0,0.0,53993,82.38678,2246,3.427124,0,0.0,False,0,0.0,65536
1935,Class_III_C28F2x15000,III,train,640,0,256,11387,17.375183,0,0.0,52288,79.785156,1808,2.758789,53,0.080872,True,53,0.080872,65536
1936,Class_III_C28F2x15000,III,train,640,128,256,11638,17.758179,0,0.0,49071,74.876404,4774,7.284546,53,0.080872,True,53,0.080872,65536
1937,Class_III_C28F2x15000,III,train,640,256,256,3836,5.853271,0,0.0,55374,84.494019,6326,9.65271,0,0.0,False,0,0.0,65536
1938,Class_III_C28F2x15000,III,train,640,384,256,6812,10.394287,0,0.0,53391,81.468201,5293,8.076477,40,0.061035,True,40,0.061035,65536
1939,Class_III_C28F2x15000,III,train,640,512,256,4322,6.594849,0,0.0,58027,88.542175,3075,4.692078,112,0.170898,True,112,0.170898,65536
1940,Class_III_C28F2x15000,III,train,640,640,256,3710,5.661011,0,0.0,58297,88.954163,3399,5.186462,130,0.198364,True,130,0.198364,65536
1941,Class_III_C28F2x15000,III,train,640,768,256,8174,12.472534,0,0.0,52329,79.847717,4975,7.591248,58,0.088501,True,58,0.088501,65536
1942,Class_III_C28F2x15000,III,train,640,896,256,10685,16.304016,0,0.0,50499,77.055359,4319,6.590271,33,0.050354,True,33,0.050354,65536
1943,Class_III_C28F2x15000,III,train,640,1024,256,6811,10.392761,0,0.0,57027,87.016296,1665,2.540588,33,0.050354,True,33,0.050354,65536
1944,Class_III_C28F2x15000,III,train,703,0,256,10691,16.313171,0,0.0,51851,79.118347,2994,4.568481,0,0.0,False,0,0.0,65536
1945,Class_III_C28F2x15000,III,train,703,128,256,10865,16.578674,0,0.0,49740,75.897217,4931,7.524109,0,0.0,False,0,0.0,65536
1946,Class_III_C28F2x15000,III,train,703,256,256,4485,6.843567,0,0.0,54214,82.723999,6815,10.398865,22,0.033569,True,22,0.033569,65536
1947,Class_III_C28F2x15000,III,train,703,384,256,7429,11.335754,0,0.0,51819,79.069519,6226,9.500122,62,0.094604,True,62,0.094604,65536
1948,Class_III_C28F2x15000,III,train,703,512,256,5119,7.810974,0,0.0,56197,85.749817,4108,6.268311,112,0.170898,True,112,0.170898,65536
1949,Class_III_C28F2x15000,III,train,703,640,256,3880,5.92041,0,0.0,57958,88.43689,3592,5.480957,106,0.161743,True,106,0.161743,65536
1950,Class_III_C28F2x15000,III,train,703,768,256,8288,12.646484,0,0.0,52612,80.279541,4602,7.022095,34,0.05188,True,34,0.05188,65536
1951,Class_III_C28F2x15000,III,train,703,896,256,9275,14.152527,0,0.0,52689,80.397034,3539,5.400085,33,0.050354,True,33,0.050354,65536
1952,Class_III_C28F2x15000,III,train,703,1024,256,4599,7.017517,0,0.0,59862,91.342163,1042,1.589966,33,0.050354,True,33,0.050354,65536
1953,Class_III_C39F2x100001,III,train,0,0,256,49356,75.311279,0,0.0,16180,24.688721,0,0.0,0,0.0,False,0,0.0,65536
1954,Class_III_C39F2x100001,III,train,0,128,256,41863,63.877869,0,0.0,23673,36.122131,0,0.0,0,0.0,False,0,0.0,65536
1955,Class_III_C39F2x100001,III,train,0,256,256,45658,69.668579,0,0.0,19878,30.331421,0,0.0,0,0.0,False,0,0.0,65536
1956,Class_III_C39F2x100001,III,train,0,384,256,47624,72.668457,0,0.0,17912,27.331543,0,0.0,0,0.0,False,0,0.0,65536
1957,Class_III_C39F2x100001,III,train,0,512,256,42373,64.656067,0,0.0,23163,35.343933,0,0.0,0,0.0,False,0,0.0,65536
1958,Class_III_C39F2x100001,III,train,0,640,256,39168,59.765625,0,0.0,26368,40.234375,0,0.0,0,0.0,False,0,0.0,65536
1959,Class_III_C39F2x100001,III,train,0,768,256,33888,51.708984,0,0.0,31648,48.291016,0,0.0,0,0.0,False,0,0.0,65536
1960,Class_III_C39F2x100001,III,train,0,896,256,29660,45.257568,0,0.0,35876,54.742432,0,0.0,0,0.0,False,0,0.0,65536
1961,Class_III_C39F2x100001,III,train,0,1024,256,24676,37.652588,0,0.0,40860,62.347412,0,0.0,0,0.0,False,0,0.0,65536
1962,Class_III_C39F2x100001,III,train,128,0,256,34845,53.16925,0,0.0,30691,46.83075,0,0.0,0,0.0,False,0,0.0,65536
1963,Class_III_C39F2x100001,III,train,128,128,256,37798,57.675171,0,0.0,27738,42.324829,0,0.0,0,0.0,False,0,0.0,65536
1964,Class_III_C39F2x100001,III,train,128,256,256,47246,72.091675,0,0.0,18290,27.908325,0,0.0,0,0.0,False,0,0.0,65536
1965,Class_III_C39F2x100001,III,train,128,384,256,44198,67.440796,0,0.0,21338,32.559204,0,0.0,0,0.0,False,0,0.0,65536
1966,Class_III_C39F2x100001,III,train,128,512,256,35549,54.243469,0,0.0,29987,45.756531,0,0.0,0,0.0,False,0,0.0,65536
1967,Class_III_C39F2x100001,III,train,128,640,256,33594,51.260376,0,0.0,31942,48.739624,0,0.0,0,0.0,False,0,0.0,65536
1968,Class_III_C39F2x100001,III,train,128,768,256,27483,41.93573,0,0.0,38053,58.06427,0,0.0,0,0.0,False,0,0.0,65536
1969,Class_III_C39F2x100001,III,train,128,896,256,21937,33.473206,0,0.0,43599,66.526794,0,0.0,0,0.0,False,0,0.0,65536
1970,Class_III_C39F2x100001,III,train,128,1024,256,25043,38.212585,0,0.0,40493,61.787415,0,0.0,0,0.0,False,0,0.0,65536
1971,Class_III_C39F2x100001,III,train,256,0,256,29135,44.456482,0,0.0,36401,55.543518,0,0.0,0,0.0,False,0,0.0,65536
1972,Class_III_C39F2x100001,III,train,256,128,256,35454,54.098511,0,0.0,30082,45.901489,0,0.0,0,0.0,False,0,0.0,65536
1973,Class_III_C39F2x100001,III,train,256,256,256,49335,75.279236,0,0.0,16201,24.720764,0,0.0,0,0.0,False,0,0.0,65536
1974,Class_III_C39F2x100001,III,train,256,384,256,43794,66.824341,0,0.0,21742,33.175659,0,0.0,0,0.0,False,0,0.0,65536
1975,Class_III_C39F2x100001,III,train,256,512,256,35137,53.614807,0,0.0,30399,46.385193,0,0.0,0,0.0,False,0,0.0,65536
1976,Class_III_C39F2x100001,III,train,256,640,256,38990,59.494019,0,0.0,26546,40.505981,0,0.0,0,0.0,False,0,0.0,65536
1977,Class_III_C39F2x100001,III,train,256,768,256,35907,54.789734,0,0.0,29629,45.210266,0,0.0,0,0.0,False,0,0.0,65536
1978,Class_III_C39F2x100001,III,train,256,896,256,32195,49.125671,0,0.0,33341,50.874329,0,0.0,0,0.0,False,0,0.0,65536
1979,Class_III_C39F2x100001,III,train,256,1024,256,33047,50.42572,0,0.0,32489,49.57428,0,0.0,0,0.0,False,0,0.0,65536
1980,Class_III_C39F2x100001,III,train,384,0,256,36442,55.606079,0,0.0,29094,44.393921,0,0.0,0,0.0,False,0,0.0,65536
1981,Class_III_C39F2x100001,III,train,384,128,256,32124,49.017334,0,0.0,33412,50.982666,0,0.0,0,0.0,False,0,0.0,65536
1982,Class_III_C39F2x100001,III,train,384,256,256,49482,75.50354,0,0.0,16054,24.49646,0,0.0,0,0.0,False,0,0.0,65536
1983,Class_III_C39F2x100001,III,train,384,384,256,49450,75.454712,0,0.0,16086,24.545288,0,0.0,0,0.0,False,0,0.0,65536
1984,Class_III_C39F2x100001,III,train,384,512,256,45399,69.273376,0,0.0,20137,30.726624,0,0.0,0,0.0,False,0,0.0,65536
1985,Class_III_C39F2x100001,III,train,384,640,256,52254,79.733276,0,0.0,13282,20.266724,0,0.0,0,0.0,False,0,0.0,65536
1986,Class_III_C39F2x100001,III,train,384,768,256,51150,78.048706,0,0.0,14386,21.951294,0,0.0,0,0.0,False,0,0.0,65536
1987,Class_III_C39F2x100001,III,train,384,896,256,39186,59.793091,0,0.0,26350,40.206909,0,0.0,0,0.0,False,0,0.0,65536
1988,Class_III_C39F2x100001,III,train,384,1024,256,35798,54.623413,0,0.0,29738,45.376587,0,0.0,0,0.0,False,0,0.0,65536
1989,Class_III_C39F2x100001,III,train,512,0,256,46393,70.7901,0,0.0,19143,29.2099,0,0.0,0,0.0,False,0,0.0,65536
1990,Class_III_C39F2x100001,III,train,512,128,256,41088,62.695312,0,0.0,24448,37.304688,0,0.0,0,0.0,False,0,0.0,65536
1991,Class_III_C39F2x100001,III,train,512,256,256,45117,68.843079,0,0.0,20419,31.156921,0,0.0,0,0.0,False,0,0.0,65536
1992,Class_III_C39F2x100001,III,train,512,384,256,52614,80.282593,0,0.0,12922,19.717407,0,0.0,0,0.0,False,0,0.0,65536
1993,Class_III_C39F2x100001,III,train,512,512,256,50821,77.546692,0,0.0,14715,22.453308,0,0.0,0,0.0,False,0,0.0,65536
1994,Class_III_C39F2x100001,III,train,512,640,256,56348,85.980225,0,0.0,9188,14.019775,0,0.0,0,0.0,False,0,0.0,65536
1995,Class_III_C39F2x100001,III,train,512,768,256,55583,84.812927,0,0.0,9953,15.187073,0,0.0,0,0.0,False,0,0.0,65536
1996,Class_III_C39F2x100001,III,train,512,896,256,35373,53.974915,0,0.0,30163,46.025085,0,0.0,0,0.0,False,0,0.0,65536
1997,Class_III_C39F2x100001,III,train,512,1024,256,38473,58.705139,0,0.0,27063,41.294861,0,0.0,0,0.0,False,0,0.0,65536
1998,Class_III_C39F2x100001,III,train,640,0,256,48263,73.643494,0,0.0,17273,26.356506,0,0.0,0,0.0,False,0,0.0,65536
1999,Class_III_C39F2x100001,III,train,640,128,256,44255,67.527771,0,0.0,21281,32.472229,0,0.0,0,0.0,False,0,0.0,65536
2000,Class_III_C39F2x100001,III,train,640,256,256,38504,58.752441,0,0.0,27032,41.247559,0,0.0,0,0.0,False,0,0.0,65536
2001,Class_III_C39F2x100001,III,train,640,384,256,50483,77.030945,0,0.0,15053,22.969055,0,0.0,0,0.0,False,0,0.0,65536
2002,Class_III_C39F2x100001,III,train,640,512,256,51618,78.762817,0,0.0,13918,21.237183,0,0.0,0,0.0,False,0,0.0,65536
2003,Class_III_C39F2x100001,III,train,640,640,256,52058,79.434204,0,0.0,13478,20.565796,0,0.0,0,0.0,False,0,0.0,65536
2004,Class_III_C39F2x100001,III,train,640,768,256,52140,79.559326,0,0.0,13396,20.440674,0,0.0,0,0.0,False,0,0.0,65536
2005,Class_III_C39F2x100001,III,train,640,896,256,42916,65.484619,0,0.0,22620,34.515381,0,0.0,0,0.0,False,0,0.0,65536
2006,Class_III_C39F2x100001,III,train,640,1024,256,41627,63.517761,0,0.0,23909,36.482239,0,0.0,0,0.0,False,0,0.0,65536
2007,Class_III_C39F2x100001,III,train,703,0,256,39129,59.706116,0,0.0,26407,40.293884,0,0.0,0,0.0,False,0,0.0,65536
2008,Class_III_C39F2x100001,III,train,703,128,256,38537,58.802795,0,0.0,26999,41.197205,0,0.0,0,0.0,False,0,0.0,65536
2009,Class_III_C39F2x100001,III,train,703,256,256,39180,59.783936,0,0.0,26356,40.216064,0,0.0,0,0.0,False,0,0.0,65536
2010,Class_III_C39F2x100001,III,train,703,384,256,49472,75.488281,0,0.0,16064,24.511719,0,0.0,0,0.0,False,0,0.0,65536
2011,Class_III_C39F2x100001,III,train,703,512,256,47047,71.788025,0,0.0,18489,28.211975,0,0.0,0,0.0,False,0,0.0,65536
2012,Class_III_C39F2x100001,III,train,703,640,256,42545,64.918518,0,0.0,22991,35.081482,0,0.0,0,0.0,False,0,0.0,65536
2013,Class_III_C39F2x100001,III,train,703,768,256,47372,72.283936,0,0.0,18164,27.716064,0,0.0,0,0.0,False,0,0.0,65536
2014,Class_III_C39F2x100001,III,train,703,896,256,47561,72.572327,0,0.0,17975,27.427673,0,0.0,0,0.0,False,0,0.0,65536
2015,Class_III_C39F2x100001,III,train,703,1024,256,47590,72.616577,0,0.0,17946,27.383423,0,0.0,0,0.0,False,0,0.0,65536
2016,Class_III_C39F2x10000_2,III,val,0,0,256,2262,3.451538,0,0.0,49627,75.724792,13377,20.411682,270,0.411987,True,270,0.411987,65536
2017,Class_III_C39F2x10000_2,III,val,0,128,256,2020,3.082275,0,0.0,49537,75.587463,13773,21.01593,206,0.314331,True,206,0.314331,65536
2018,Class_III_C39F2x10000_2,III,val,0,256,256,1720,2.624512,0,0.0,51678,78.85437,11843,18.070984,295,0.450134,True,295,0.450134,65536
2019,Class_III_C39F2x10000_2,III,val,0,384,256,5848,8.92334,0,0.0,51074,77.932739,8366,12.765503,248,0.378418,True,248,0.378418,65536
2020,Class_III_C39F2x10000_2,III,val,0,512,256,6529,9.962463,0,0.0,51704,78.894043,6985,10.658264,318,0.485229,True,318,0.485229,65536
2021,Class_III_C39F2x10000_2,III,val,0,640,256,3970,6.057739,0,0.0,50825,77.552795,10264,15.661621,477,0.727844,True,477,0.727844,65536
2022,Class_III_C39F2x10000_2,III,val,0,768,256,2240,3.417969,0,0.0,48903,74.620056,13998,21.359253,395,0.602722,True,395,0.602722,65536
2023,Class_III_C39F2x10000_2,III,val,0,896,256,1007,1.53656,0,0.0,48748,74.383545,15122,23.074341,659,1.005554,True,659,1.005554,65536
2024,Class_III_C39F2x10000_2,III,val,0,1024,256,1430,2.182007,0,0.0,48363,73.796082,14879,22.703552,864,1.318359,True,864,1.318359,65536
2025,Class_III_C39F2x10000_2,III,val,128,0,256,1917,2.92511,0,0.0,50914,77.688599,12508,19.085693,197,0.300598,True,197,0.300598,65536
2026,Class_III_C39F2x10000_2,III,val,128,128,256,2804,4.278564,0,0.0,51598,78.7323,11036,16.8396,98,0.149536,True,98,0.149536,65536
2027,Class_III_C39F2x10000_2,III,val,128,256,256,1028,1.568604,0,0.0,53952,82.324219,10381,15.840149,175,0.267029,True,175,0.267029,65536
2028,Class_III_C39F2x10000_2,III,val,128,384,256,2794,4.263306,0,0.0,54420,83.03833,8184,12.487793,138,0.210571,True,138,0.210571,65536
2029,Class_III_C39F2x10000_2,III,val,128,512,256,4007,6.114197,0,0.0,51467,78.53241,9927,15.1474,135,0.205994,True,135,0.205994,65536
2030,Class_III_C39F2x10000_2,III,val,128,640,256,1877,2.864075,0,0.0,49312,75.244141,14101,21.516418,246,0.375366,True,246,0.375366,65536
2031,Class_III_C39F2x10000_2,III,val,128,768,256,1196,1.824951,0,0.0,51497,78.578186,12546,19.143677,297,0.453186,True,297,0.453186,65536
2032,Class_III_C39F2x10000_2,III,val,128,896,256,2670,4.074097,0,0.0,49334,75.27771,12882,19.656372,650,0.991821,True,650,0.991821,65536
2033,Class_III_C39F2x10000_2,III,val,128,1024,256,4613,7.038879,0,0.0,47325,72.212219,12898,19.680786,700,1.068115,True,700,1.068115,65536
2034,Class_III_C39F2x10000_2,III,val,256,0,256,519,0.791931,0,0.0,52491,80.09491,12075,18.424988,451,0.688171,True,451,0.688171,65536
2035,Class_III_C39F2x10000_2,III,val,256,128,256,4169,6.361389,0,0.0,52815,80.589294,8255,12.59613,297,0.453186,True,297,0.453186,65536
2036,Class_III_C39F2x10000_2,III,val,256,256,256,4163,6.352234,0,0.0,52003,79.350281,9009,13.746643,361,0.550842,True,361,0.550842,65536
2037,Class_III_C39F2x10000_2,III,val,256,384,256,2652,4.046631,0,0.0,53825,82.130432,8706,13.284302,353,0.538635,True,353,0.538635,65536
2038,Class_III_C39F2x10000_2,III,val,256,512,256,2875,4.386902,0,0.0,52725,80.451965,9735,14.854431,201,0.306702,True,201,0.306702,65536
2039,Class_III_C39F2x10000_2,III,val,256,640,256,2997,4.573059,0,0.0,48587,74.137878,13757,20.991516,195,0.297546,True,195,0.297546,65536
2040,Class_III_C39F2x10000_2,III,val,256,768,256,3460,5.279541,0,0.0,49508,75.543213,12346,18.838501,222,0.338745,True,222,0.338745,65536
2041,Class_III_C39F2x10000_2,III,val,256,896,256,4325,6.599426,0,0.0,50350,76.828003,10255,15.647888,606,0.924683,True,606,0.924683,65536
2042,Class_III_C39F2x10000_2,III,val,256,1024,256,7456,11.376953,0,0.0,48810,74.478149,8826,13.467407,444,0.67749,True,444,0.67749,65536
2043,Class_III_C39F2x10000_2,III,val,384,0,256,827,1.261902,0,0.0,52060,79.437256,12085,18.440247,564,0.860596,True,564,0.860596,65536
2044,Class_III_C39F2x10000_2,III,val,384,128,256,5286,8.065796,0,0.0,51942,79.257202,7857,11.988831,451,0.688171,True,451,0.688171,65536
2045,Class_III_C39F2x10000_2,III,val,384,256,256,6300,9.613037,0,0.0,48872,74.572754,9856,15.039062,508,0.775146,True,508,0.775146,65536
2046,Class_III_C39F2x10000_2,III,val,384,384,256,2910,4.440308,0,0.0,51531,78.630066,10644,16.241455,451,0.688171,True,451,0.688171,65536
2047,Class_III_C39F2x10000_2,III,val,384,512,256,2796,4.266357,0,0.0,52797,80.561829,9670,14.755249,273,0.416565,True,273,0.416565,65536
2048,Class_III_C39F2x10000_2,III,val,384,640,256,7409,11.305237,0,0.0,47743,72.850037,10047,15.330505,337,0.514221,True,337,0.514221,65536
2049,Class_III_C39F2x10000_2,III,val,384,768,256,7098,10.830688,0,0.0,45590,69.564819,12308,18.780518,540,0.823975,True,540,0.823975,65536
2050,Class_III_C39F2x10000_2,III,val,384,896,256,3107,4.740906,0,0.0,49252,75.152588,12332,18.817139,845,1.289368,True,845,1.289368,65536
2051,Class_III_C39F2x10000_2,III,val,384,1024,256,5495,8.384705,0,0.0,49631,75.730896,9587,14.628601,823,1.255798,True,823,1.255798,65536
2052,Class_III_C39F2x10000_2,III,val,512,0,256,1801,2.748108,0,0.0,47244,72.088623,16139,24.62616,352,0.537109,True,352,0.537109,65536
2053,Class_III_C39F2x10000_2,III,val,512,128,256,4466,6.814575,0,0.0,49583,75.657654,11011,16.801453,476,0.726318,True,476,0.726318,65536
2054,Class_III_C39F2x10000_2,III,val,512,256,256,6006,9.164429,0,0.0,46211,70.51239,12650,19.302368,669,1.020813,True,669,1.020813,65536
2055,Class_III_C39F2x10000_2,III,val,512,384,256,4145,6.324768,0,0.0,48597,74.153137,12280,18.737793,514,0.784302,True,514,0.784302,65536
2056,Class_III_C39F2x10000_2,III,val,512,512,256,4268,6.512451,0,0.0,50602,77.212524,9928,15.148926,738,1.126099,True,738,1.126099,65536
2057,Class_III_C39F2x10000_2,III,val,512,640,256,8583,13.096619,0,0.0,46164,70.440674,9987,15.238953,802,1.223755,True,802,1.223755,65536
2058,Class_III_C39F2x10000_2,III,val,512,768,256,6846,10.446167,0,0.0,47182,71.994019,10772,16.436768,736,1.123047,True,736,1.123047,65536
2059,Class_III_C39F2x10000_2,III,val,512,896,256,1691,2.580261,0,0.0,50482,77.029419,12481,19.044495,882,1.345825,True,882,1.345825,65536
2060,Class_III_C39F2x10000_2,III,val,512,1024,256,2631,4.014587,0,0.0,51957,79.28009,10030,15.304565,918,1.400757,True,918,1.400757,65536
2061,Class_III_C39F2x10000_2,III,val,640,0,256,2992,4.56543,0,0.0,47928,73.132324,14250,21.743774,366,0.558472,True,366,0.558472,65536
2062,Class_III_C39F2x10000_2,III,val,640,128,256,2491,3.800964,0,0.0,49197,75.068665,13267,20.243835,581,0.886536,True,581,0.886536,65536
2063,Class_III_C39F2x10000_2,III,val,640,256,256,3233,4.933167,0,0.0,48732,74.359131,12813,19.551086,758,1.156616,True,758,1.156616,65536
2064,Class_III_C39F2x10000_2,III,val,640,384,256,2613,3.987122,0,0.0,49958,76.229858,12302,18.771362,663,1.011658,True,663,1.011658,65536
2065,Class_III_C39F2x10000_2,III,val,640,512,256,3169,4.83551,0,0.0,54052,82.476807,7646,11.66687,669,1.020813,True,669,1.020813,65536
2066,Class_III_C39F2x10000_2,III,val,640,640,256,4992,7.617188,0,0.0,53698,81.936646,6200,9.460449,646,0.985718,True,646,0.985718,65536
2067,Class_III_C39F2x10000_2,III,val,640,768,256,4006,6.112671,0,0.0,52756,80.499268,8284,12.640381,490,0.747681,True,490,0.747681,65536
2068,Class_III_C39F2x10000_2,III,val,640,896,256,956,1.45874,0,0.0,53850,82.168579,10071,15.367126,659,1.005554,True,659,1.005554,65536
2069,Class_III_C39F2x10000_2,III,val,640,1024,256,4977,7.594299,0,0.0,52503,80.11322,7536,11.499023,520,0.793457,True,520,0.793457,65536
2070,Class_III_C39F2x10000_2,III,val,703,0,256,3899,5.949402,0,0.0,50990,77.804565,10235,15.617371,412,0.628662,True,412,0.628662,65536
2071,Class_III_C39F2x10000_2,III,val,703,128,256,2651,4.045105,0,0.0,50001,76.295471,12313,18.788147,571,0.871277,True,571,0.871277,65536
2072,Class_III_C39F2x10000_2,III,val,703,256,256,2562,3.909302,0,0.0,49253,75.154114,13038,19.894409,683,1.042175,True,683,1.042175,65536
2073,Class_III_C39F2x10000_2,III,val,703,384,256,2560,3.90625,0,0.0,49668,75.787354,12766,19.47937,542,0.827026,True,542,0.827026,65536
2074,Class_III_C39F2x10000_2,III,val,703,512,256,3230,4.928589,0,0.0,53668,81.890869,8141,12.42218,497,0.758362,True,497,0.758362,65536
2075,Class_III_C39F2x10000_2,III,val,703,640,256,4894,7.467651,0,0.0,51536,78.637695,8640,13.183594,466,0.71106,True,466,0.71106,65536
2076,Class_III_C39F2x10000_2,III,val,703,768,256,4857,7.411194,0,0.0,48972,74.725342,11310,17.25769,397,0.605774,True,397,0.605774,65536
2077,Class_III_C39F2x10000_2,III,val,703,896,256,1925,2.937317,0,0.0,52938,80.776978,10091,15.397644,582,0.888062,True,582,0.888062,65536
2078,Class_III_C39F2x10000_2,III,val,703,1024,256,4929,7.521057,0,0.0,54686,83.444214,5599,8.543396,322,0.491333,True,322,0.491333,65536
2079,Class_III_C39F3x10000,III,test,0,0,256,16033,24.464417,0,0.0,47063,71.812439,2205,3.364563,235,0.358582,True,235,0.358582,65536
2080,Class_III_C39F3x10000,III,test,0,128,256,16288,24.853516,0,0.0,45575,69.541931,2574,3.927612,1099,1.676941,True,1099,1.676941,65536
2081,Class_III_C39F3x10000,III,test,0,256,256,24755,37.773132,0,0.0,35626,54.360962,3676,5.609131,1479,2.256775,True,1479,2.256775,65536
2082,Class_III_C39F3x10000,III,test,0,384,256,34135,52.085876,0,0.0,27659,42.204285,3008,4.589844,734,1.119995,True,734,1.119995,65536
2083,Class_III_C39F3x10000,III,test,0,512,256,45833,69.935608,0,0.0,17018,25.967407,2027,3.092957,658,1.004028,True,658,1.004028,65536
2084,Class_III_C39F3x10000,III,test,0,640,256,44774,68.319702,0,0.0,18364,28.02124,1415,2.159119,983,1.499939,True,983,1.499939,65536
2085,Class_III_C39F3x10000,III,test,0,768,256,45156,68.902588,0,0.0,18519,28.257751,1117,1.704407,744,1.135254,True,744,1.135254,65536
2086,Class_III_C39F3x10000,III,test,0,896,256,35897,54.774475,0,0.0,28214,43.051147,1273,1.942444,152,0.231934,True,152,0.231934,65536
2087,Class_III_C39F3x10000,III,test,0,1024,256,22383,34.153748,0,0.0,40930,62.454224,1882,2.871704,341,0.520325,True,341,0.520325,65536
2088,Class_III_C39F3x10000,III,test,128,0,256,22756,34.7229,0,0.0,42097,64.234924,676,1.031494,7,0.010681,True,7,0.010681,65536
2089,Class_III_C39F3x10000,III,test,128,128,256,41668,63.580322,0,0.0,22074,33.682251,1677,2.558899,117,0.178528,True,117,0.178528,65536
2090,Class_III_C39F3x10000,III,test,128,256,256,28707,43.803406,0,0.0,31471,48.020935,4364,6.658936,994,1.516724,True,994,1.516724,65536
2091,Class_III_C39F3x10000,III,test,128,384,256,16404,25.030518,0,0.0,41931,63.981628,5757,8.784485,1444,2.203369,True,1444,2.203369,65536
2092,Class_III_C39F3x10000,III,test,128,512,256,28152,42.956543,0,0.0,31964,48.773193,3828,5.841064,1592,2.429199,True,1592,2.429199,65536
2093,Class_III_C39F3x10000,III,test,128,640,256,27888,42.553711,0,0.0,35245,53.779602,1371,2.09198,1032,1.574707,True,1032,1.574707,65536
2094,Class_III_C39F3x10000,III,test,128,768,256,23884,36.444092,0,0.0,39498,60.269165,1724,2.630615,430,0.656128,True,430,0.656128,65536
2095,Class_III_C39F3x10000,III,test,128,896,256,17165,26.191711,0,0.0,45510,69.442749,2421,3.694153,440,0.671387,True,440,0.671387,65536
2096,Class_III_C39F3x10000,III,test,128,1024,256,21774,33.224487,0,0.0,41073,62.672424,2485,3.791809,204,0.311279,True,204,0.311279,65536
2097,Class_III_C39F3x10000,III,test,256,0,256,49819,76.017761,0,0.0,15237,23.249817,480,0.732422,0,0.0,False,0,0.0,65536
2098,Class_III_C39F3x10000,III,test,256,128,256,58413,89.131165,0,0.0,6188,9.442139,935,1.426697,0,0.0,False,0,0.0,65536
2099,Class_III_C39F3x10000,III,test,256,256,256,36060,55.023193,0,0.0,24925,38.032532,3881,5.921936,670,1.022339,True,670,1.022339,65536
2100,Class_III_C39F3x10000,III,test,256,384,256,11169,17.042542,0,0.0,48119,73.423767,5218,7.962036,1030,1.571655,True,1030,1.571655,65536
2101,Class_III_C39F3x10000,III,test,256,512,256,12879,19.651794,0,0.0,47339,72.233582,3693,5.635071,1625,2.479553,True,1625,2.479553,65536
2102,Class_III_C39F3x10000,III,test,256,640,256,17050,26.016235,0,0.0,45275,69.084167,1946,2.96936,1265,1.930237,True,1265,1.930237,65536
2103,Class_III_C39F3x10000,III,test,256,768,256,23728,36.206055,0,0.0,38123,58.171082,2783,4.246521,902,1.376343,True,902,1.376343,65536
2104,Class_III_C39F3x10000,III,test,256,896,256,22269,33.979797,0,0.0,38255,58.372498,4017,6.129456,995,1.51825,True,995,1.51825,65536
2105,Class_III_C39F3x10000,III,test,256,1024,256,20787,31.718445,0,0.0,42005,64.094543,2515,3.837585,229,0.349426,True,229,0.349426,65536
2106,Class_III_C39F3x10000,III,test,384,0,256,54286,82.833862,0,0.0,11250,17.166138,0,0.0,0,0.0,False,0,0.0,65536
2107,Class_III_C39F3x10000,III,test,384,128,256,61847,94.371033,0,0.0,3561,5.433655,128,0.195312,0,0.0,False,0,0.0,65536
2108,Class_III_C39F3x10000,III,test,384,256,256,49881,76.112366,0,0.0,13482,20.571899,1975,3.013611,198,0.302124,True,198,0.302124,65536
2109,Class_III_C39F3x10000,III,test,384,384,256,33955,51.811218,0,0.0,28550,43.563843,2645,4.03595,386,0.588989,True,386,0.588989,65536
2110,Class_III_C39F3x10000,III,test,384,512,256,27721,42.298889,0,0.0,34905,53.260803,1986,3.030396,924,1.409912,True,924,1.409912,65536
2111,Class_III_C39F3x10000,III,test,384,640,256,23555,35.942078,0,0.0,39796,60.723877,1350,2.059937,835,1.274109,True,835,1.274109,65536
2112,Class_III_C39F3x10000,III,test,384,768,256,30643,46.757507,0,0.0,32896,50.195312,1426,2.175903,571,0.871277,True,571,0.871277,65536
2113,Class_III_C39F3x10000,III,test,384,896,256,33983,51.853943,0,0.0,29007,44.261169,1991,3.038025,555,0.846863,True,555,0.846863,65536
2114,Class_III_C39F3x10000,III,test,384,1024,256,27786,42.398071,0,0.0,36828,56.195068,785,1.197815,137,0.209045,True,137,0.209045,65536
2115,Class_III_C39F3x10000,III,test,512,0,256,33892,51.715088,0,0.0,30396,46.380615,714,1.089478,534,0.814819,True,534,0.814819,65536
2116,Class_III_C39F3x10000,III,test,512,128,256,45441,69.337463,0,0.0,19729,30.104065,261,0.398254,105,0.160217,True,105,0.160217,65536
2117,Class_III_C39F3x10000,III,test,512,256,256,36604,55.853271,0,0.0,28932,44.146729,0,0.0,0,0.0,False,0,0.0,65536
2118,Class_III_C39F3x10000,III,test,512,384,256,42575,64.964294,0,0.0,22407,34.190369,422,0.643921,132,0.201416,True,132,0.201416,65536
2119,Class_III_C39F3x10000,III,test,512,512,256,41765,63.728333,0,0.0,21739,33.171082,1119,1.707458,913,1.393127,True,913,1.393127,65536
2120,Class_III_C39F3x10000,III,test,512,640,256,19406,29.611206,0,0.0,44190,67.428589,965,1.472473,975,1.487732,True,975,1.487732,65536
2121,Class_III_C39F3x10000,III,test,512,768,256,22807,34.80072,0,0.0,42267,64.494324,268,0.408936,194,0.296021,True,194,0.296021,65536
2122,Class_III_C39F3x10000,III,test,512,896,256,39312,59.985352,0,0.0,26224,40.014648,0,0.0,0,0.0,False,0,0.0,65536
2123,Class_III_C39F3x10000,III,test,512,1024,256,36375,55.503845,0,0.0,28682,43.765259,243,0.370789,236,0.360107,True,236,0.360107,65536
2124,Class_III_C39F3x10000,III,test,640,0,256,31939,48.735046,0,0.0,31142,47.518921,1782,2.719116,673,1.026917,True,673,1.026917,65536
2125,Class_III_C39F3x10000,III,test,640,128,256,24744,37.756348,0,0.0,38030,58.029175,1992,3.039551,770,1.174927,True,770,1.174927,65536
2126,Class_III_C39F3x10000,III,test,640,256,256,9045,13.801575,0,0.0,54370,82.962036,1487,2.268982,634,0.967407,True,634,0.967407,65536
2127,Class_III_C39F3x10000,III,test,640,384,256,32329,49.330139,0,0.0,32424,49.475098,675,1.029968,108,0.164795,True,108,0.164795,65536
2128,Class_III_C39F3x10000,III,test,640,512,256,49541,75.593567,0,0.0,14118,21.542358,1425,2.174377,452,0.689697,True,452,0.689697,65536
2129,Class_III_C39F3x10000,III,test,640,640,256,35867,54.728699,0,0.0,27617,42.140198,1495,2.281189,557,0.849915,True,557,0.849915,65536
2130,Class_III_C39F3x10000,III,test,640,768,256,40374,61.605835,0,0.0,24841,37.904358,216,0.32959,105,0.160217,True,105,0.160217,65536
2131,Class_III_C39F3x10000,III,test,640,896,256,38357,58.528137,0,0.0,27179,41.471863,0,0.0,0,0.0,False,0,0.0,65536
2132,Class_III_C39F3x10000,III,test,640,1024,256,34291,52.323914,0,0.0,30878,47.116089,185,0.282288,182,0.27771,True,182,0.27771,65536
2133,Class_III_C39F3x10000,III,test,703,0,256,28599,43.638611,0,0.0,34482,52.615356,1782,2.719116,673,1.026917,True,673,1.026917,65536
2134,Class_III_C39F3x10000,III,test,703,128,256,17605,26.863098,0,0.0,45061,68.757629,2092,3.192139,778,1.187134,True,778,1.187134,65536
2135,Class_III_C39F3x10000,III,test,703,256,256,11484,17.523193,0,0.0,51608,78.747559,1732,2.642822,712,1.086426,True,712,1.086426,65536
2136,Class_III_C39F3x10000,III,test,703,384,256,34549,52.71759,0,0.0,28987,44.230652,1637,2.497864,363,0.553894,True,363,0.553894,65536
2137,Class_III_C39F3x10000,III,test,703,512,256,48088,73.376465,0,0.0,14569,22.23053,2242,3.421021,637,0.971985,True,637,0.971985,65536
2138,Class_III_C39F3x10000,III,test,703,640,256,44708,68.218994,0,0.0,18776,28.649902,1495,2.281189,557,0.849915,True,557,0.849915,65536
2139,Class_III_C39F3x10000,III,test,703,768,256,46504,70.959473,0,0.0,18711,28.55072,216,0.32959,105,0.160217,True,105,0.160217,65536
2140,Class_III_C39F3x10000,III,test,703,896,256,32735,49.949646,0,0.0,32801,50.050354,0,0.0,0,0.0,False,0,0.0,65536
2141,Class_III_C39F3x10000,III,test,703,1024,256,31727,48.41156,0,0.0,33809,51.58844,0,0.0,0,0.0,False,0,0.0,65536
2142,Class_III_C39F3x10000_2,III,train,0,0,256,9669,14.753723,0,0.0,31602,48.220825,23208,35.412598,1057,1.612854,True,1057,1.612854,65536
2143,Class_III_C39F3x10000_2,III,train,0,128,256,6174,9.420776,0,0.0,40320,61.523438,18081,27.589417,961,1.46637,True,961,1.46637,65536
2144,Class_III_C39F3x10000_2,III,train,0,256,256,8965,13.679504,0,0.0,46848,71.484375,9116,13.909912,607,0.926208,True,607,0.926208,65536
2145,Class_III_C39F3x10000_2,III,train,0,384,256,10313,15.736389,0,0.0,47236,72.076416,7477,11.408997,510,0.778198,True,510,0.778198,65536
2146,Class_III_C39F3x10000_2,III,train,0,512,256,12482,19.046021,0,0.0,44031,67.185974,8609,13.136292,414,0.631714,True,414,0.631714,65536
2147,Class_III_C39F3x10000_2,III,train,0,640,256,13480,20.568848,0,0.0,40894,62.399292,10635,16.227722,527,0.804138,True,527,0.804138,65536
2148,Class_III_C39F3x10000_2,III,train,0,768,256,9669,14.753723,0,0.0,40922,62.442017,14178,21.633911,767,1.170349,True,767,1.170349,65536
2149,Class_III_C39F3x10000_2,III,train,0,896,256,8202,12.515259,0,0.0,44344,67.663574,12217,18.641663,773,1.179504,True,773,1.179504,65536
2150,Class_III_C39F3x10000_2,III,train,0,1024,256,7056,10.766602,0,0.0,48285,73.677063,9349,14.265442,846,1.290894,True,846,1.290894,65536
2151,Class_III_C39F3x10000_2,III,train,128,0,256,11596,17.694092,0,0.0,35765,54.573059,17203,26.249695,972,1.483154,True,972,1.483154,65536
2152,Class_III_C39F3x10000_2,III,train,128,128,256,12093,18.452454,0,0.0,38252,58.36792,14469,22.077942,722,1.101685,True,722,1.101685,65536
2153,Class_III_C39F3x10000_2,III,train,128,256,256,19772,30.169678,0,0.0,37331,56.962585,7965,12.153625,468,0.714111,True,468,0.714111,65536
2154,Class_III_C39F3x10000_2,III,train,128,384,256,13293,20.283508,0,0.0,43062,65.707397,8469,12.922668,712,1.086426,True,712,1.086426,65536
2155,Class_III_C39F3x10000_2,III,train,128,512,256,6397,9.761047,0,0.0,47642,72.695923,10374,15.829468,1123,1.713562,True,1123,1.713562,65536
2156,Class_III_C39F3x10000_2,III,train,128,640,256,9422,14.376831,0,0.0,42953,65.541077,12133,18.513489,1028,1.568604,True,1028,1.568604,65536
2157,Class_III_C39F3x10000_2,III,train,128,768,256,7699,11.747742,0,0.0,42774,65.267944,14165,21.614075,898,1.370239,True,898,1.370239,65536
2158,Class_III_C39F3x10000_2,III,train,128,896,256,6711,10.240173,0,0.0,45210,68.984985,12922,19.717407,693,1.057434,True,693,1.057434,65536
2159,Class_III_C39F3x10000_2,III,train,128,1024,256,7579,11.564636,0,0.0,45815,69.908142,11593,17.689514,549,0.837708,True,549,0.837708,65536
2160,Class_III_C39F3x10000_2,III,train,256,0,256,5046,7.699585,0,0.0,47512,72.497559,12080,18.432617,898,1.370239,True,898,1.370239,65536
2161,Class_III_C39F3x10000_2,III,train,256,128,256,9857,15.040588,0,0.0,44087,67.271423,11064,16.882324,528,0.805664,True,528,0.805664,65536
2162,Class_III_C39F3x10000_2,III,train,256,256,256,13524,20.635986,0,0.0,42548,64.923096,9115,13.908386,349,0.532532,True,349,0.532532,65536
2163,Class_III_C39F3x10000_2,III,train,256,384,256,7696,11.743164,0,0.0,44096,67.285156,13073,19.947815,671,1.023865,True,671,1.023865,65536
2164,Class_III_C39F3x10000_2,III,train,256,512,256,4107,6.266785,0,0.0,44248,67.51709,15923,24.29657,1258,1.919556,True,1258,1.919556,65536
2165,Class_III_C39F3x10000_2,III,train,256,640,256,5710,8.712769,0,0.0,45645,69.648743,13315,20.317078,866,1.321411,True,866,1.321411,65536
2166,Class_III_C39F3x10000_2,III,train,256,768,256,7044,10.748291,0,0.0,42540,64.910889,15277,23.310852,675,1.029968,True,675,1.029968,65536
2167,Class_III_C39F3x10000_2,III,train,256,896,256,14710,22.445679,0,0.0,32444,49.505615,17468,26.654053,914,1.394653,True,914,1.394653,65536
2168,Class_III_C39F3x10000_2,III,train,256,1024,256,13498,20.596313,0,0.0,37606,57.382202,13977,21.327209,455,0.694275,True,455,0.694275,65536
2169,Class_III_C39F3x10000_2,III,train,384,0,256,1776,2.709961,0,0.0,51707,78.898621,11499,17.546082,554,0.845337,True,554,0.845337,65536
2170,Class_III_C39F3x10000_2,III,train,384,128,256,2024,3.088379,0,0.0,54137,82.606506,9126,13.925171,249,0.379944,True,249,0.379944,65536
2171,Class_III_C39F3x10000_2,III,train,384,256,256,3386,5.166626,0,0.0,52821,80.59845,9203,14.042664,126,0.192261,True,126,0.192261,65536
2172,Class_III_C39F3x10000_2,III,train,384,384,256,3010,4.592896,0,0.0,48184,73.522949,14126,21.554565,216,0.32959,True,216,0.32959,65536
2173,Class_III_C39F3x10000_2,III,train,384,512,256,5286,8.065796,0,0.0,45486,69.406128,14207,21.678162,557,0.849915,True,557,0.849915,65536
2174,Class_III_C39F3x10000_2,III,train,384,640,256,5895,8.995056,0,0.0,49265,75.172424,9762,14.89563,614,0.93689,True,614,0.93689,65536
2175,Class_III_C39F3x10000_2,III,train,384,768,256,8378,12.783813,0,0.0,45568,69.53125,10730,16.372681,860,1.312256,True,860,1.312256,65536
2176,Class_III_C39F3x10000_2,III,train,384,896,256,14829,22.627258,0,0.0,35307,53.874207,14505,22.132874,895,1.365662,True,895,1.365662,65536
2177,Class_III_C39F3x10000_2,III,train,384,1024,256,15015,22.911072,0,0.0,36717,56.025696,13381,20.417786,423,0.645447,True,423,0.645447,65536
2178,Class_III_C39F3x10000_2,III,train,512,0,256,7821,11.933899,0,0.0,48211,73.564148,8801,13.42926,703,1.072693,True,703,1.072693,65536
2179,Class_III_C39F3x10000_2,III,train,512,128,256,3556,5.426025,0,0.0,54127,82.591248,7155,10.917664,698,1.065063,True,698,1.065063,65536
2180,Class_III_C39F3x10000_2,III,train,512,256,256,1425,2.174377,0,0.0,53978,82.363892,9518,14.523315,615,0.938416,True,615,0.938416,65536
2181,Class_III_C39F3x10000_2,III,train,512,384,256,1721,2.626038,0,0.0,49935,76.194763,13480,20.568848,400,0.610352,True,400,0.610352,65536
2182,Class_III_C39F3x10000_2,III,train,512,512,256,4770,7.278442,0,0.0,48937,74.671936,11262,17.184448,567,0.865173,True,567,0.865173,65536
2183,Class_III_C39F3x10000_2,III,train,512,640,256,8545,13.038635,0,0.0,45980,70.159912,10321,15.748596,690,1.052856,True,690,1.052856,65536
2184,Class_III_C39F3x10000_2,III,train,512,768,256,18456,28.161621,0,0.0,33737,51.478577,12517,19.099426,826,1.260376,True,826,1.260376,65536
2185,Class_III_C39F3x10000_2,III,train,512,896,256,17667,26.957703,0,0.0,33083,50.480652,13886,21.188354,900,1.373291,True,900,1.373291,65536
2186,Class_III_C39F3x10000_2,III,train,512,1024,256,12010,18.325806,0,0.0,41325,63.056946,11667,17.802429,534,0.814819,True,534,0.814819,65536
2187,Class_III_C39F3x10000_2,III,train,640,0,256,11535,17.601013,0,0.0,41946,64.004517,11251,17.167664,804,1.226807,True,804,1.226807,65536
2188,Class_III_C39F3x10000_2,III,train,640,128,256,4064,6.201172,0,0.0,50120,76.477051,10369,15.821838,983,1.499939,True,983,1.499939,65536
2189,Class_III_C39F3x10000_2,III,train,640,256,256,2120,3.234863,0,0.0,50909,77.680969,11514,17.56897,993,1.515198,True,993,1.515198,65536
2190,Class_III_C39F3x10000_2,III,train,640,384,256,7157,10.920715,0,0.0,43105,65.77301,14729,22.47467,545,0.831604,True,545,0.831604,65536
2191,Class_III_C39F3x10000_2,III,train,640,512,256,8841,13.490295,0,0.0,41534,63.375854,14450,22.04895,711,1.0849,True,711,1.0849,65536
2192,Class_III_C39F3x10000_2,III,train,640,640,256,10117,15.437317,0,0.0,41234,62.918091,13659,20.84198,526,0.802612,True,526,0.802612,65536
2193,Class_III_C39F3x10000_2,III,train,640,768,256,16315,24.894714,0,0.0,33514,51.138306,15084,23.016357,623,0.950623,True,623,0.950623,65536
2194,Class_III_C39F3x10000_2,III,train,640,896,256,13573,20.710754,0,0.0,38215,58.311462,12773,19.490051,975,1.487732,True,975,1.487732,65536
2195,Class_III_C39F3x10000_2,III,train,640,1024,256,7192,10.974121,0,0.0,48419,73.881531,9111,13.902283,814,1.242065,True,814,1.242065,65536
2196,Class_III_C39F3x10000_2,III,train,703,0,256,11212,17.108154,0,0.0,41795,63.774109,11521,17.579651,1008,1.538086,True,1008,1.538086,65536
2197,Class_III_C39F3x10000_2,III,train,703,128,256,5518,8.4198,0,0.0,45129,68.861389,13691,20.890808,1198,1.828003,True,1198,1.828003,65536
2198,Class_III_C39F3x10000_2,III,train,703,256,256,2959,4.515076,0,0.0,48194,73.538208,13139,20.048523,1244,1.898193,True,1244,1.898193,65536
2199,Class_III_C39F3x10000_2,III,train,703,384,256,7157,10.920715,0,0.0,42861,65.400696,14955,22.819519,563,0.85907,True,563,0.85907,65536
2200,Class_III_C39F3x10000_2,III,train,703,512,256,9272,14.147949,0,0.0,39297,59.962463,16436,25.079346,531,0.810242,True,531,0.810242,65536
2201,Class_III_C39F3x10000_2,III,train,703,640,256,8759,13.365173,0,0.0,43766,66.781616,12427,18.962097,584,0.891113,True,584,0.891113,65536
2202,Class_III_C39F3x10000_2,III,train,703,768,256,10065,15.357971,0,0.0,41459,63.261414,13129,20.033264,883,1.347351,True,883,1.347351,65536
2203,Class_III_C39F3x10000_2,III,train,703,896,256,9741,14.863586,0,0.0,43235,65.971375,11627,17.741394,933,1.423645,True,933,1.423645,65536
2204,Class_III_C39F3x10000_2,III,train,703,1024,256,6059,9.2453,0,0.0,50045,76.36261,8750,13.35144,682,1.040649,True,682,1.040649,65536
2205,Class_II_C104F3F4x10000,II,train,0,0,256,0,0.0,0,0.0,45754,69.815063,19589,29.890442,193,0.294495,True,193,0.294495,65536
2206,Class_II_C104F3F4x10000,II,train,0,128,256,0,0.0,0,0.0,42972,65.570068,22374,34.140015,190,0.289917,True,190,0.289917,65536
2207,Class_II_C104F3F4x10000,II,train,0,256,256,0,0.0,0,0.0,47104,71.875,18326,27.963257,106,0.161743,True,106,0.161743,65536
2208,Class_II_C104F3F4x10000,II,train,0,384,256,0,0.0,0,0.0,54064,82.495117,11362,17.337036,110,0.167847,True,110,0.167847,65536
2209,Class_II_C104F3F4x10000,II,train,0,512,256,0,0.0,0,0.0,48995,74.760437,16474,25.137329,67,0.102234,True,67,0.102234,65536
2210,Class_II_C104F3F4x10000,II,train,0,640,256,0,0.0,0,0.0,48279,73.667908,17172,26.202393,85,0.1297,True,85,0.1297,65536
2211,Class_II_C104F3F4x10000,II,train,0,768,256,0,0.0,0,0.0,52913,80.738831,12418,18.948364,205,0.312805,True,205,0.312805,65536
2212,Class_II_C104F3F4x10000,II,train,0,896,256,0,0.0,0,0.0,52932,80.767822,12397,18.916321,207,0.315857,True,207,0.315857,65536
2213,Class_II_C104F3F4x10000,II,train,0,1024,256,0,0.0,0,0.0,52501,80.110168,12948,19.75708,87,0.132751,True,87,0.132751,65536
2214,Class_II_C104F3F4x10000,II,train,128,0,256,0,0.0,0,0.0,43986,67.11731,21404,32.659912,146,0.222778,True,146,0.222778,65536
2215,Class_II_C104F3F4x10000,II,train,128,128,256,0,0.0,0,0.0,46412,70.819092,18925,28.877258,199,0.30365,True,199,0.30365,65536
2216,Class_II_C104F3F4x10000,II,train,128,256,256,0,0.0,0,0.0,51376,78.393555,14006,21.37146,154,0.234985,True,154,0.234985,65536
2217,Class_II_C104F3F4x10000,II,train,128,384,256,0,0.0,0,0.0,54180,82.672119,11356,17.327881,0,0.0,False,0,0.0,65536
2218,Class_II_C104F3F4x10000,II,train,128,512,256,0,0.0,0,0.0,48807,74.473572,16636,25.384521,93,0.141907,True,93,0.141907,65536
2219,Class_II_C104F3F4x10000,II,train,128,640,256,0,0.0,0,0.0,46655,71.18988,18687,28.514099,194,0.296021,True,194,0.296021,65536
2220,Class_II_C104F3F4x10000,II,train,128,768,256,0,0.0,0,0.0,50538,77.114868,14763,22.52655,235,0.358582,True,235,0.358582,65536
2221,Class_II_C104F3F4x10000,II,train,128,896,256,0,0.0,0,0.0,51267,78.227234,13974,21.322632,295,0.450134,True,295,0.450134,65536
2222,Class_II_C104F3F4x10000,II,train,128,1024,256,0,0.0,0,0.0,51604,78.741455,13771,21.012878,161,0.245667,True,161,0.245667,65536
2223,Class_II_C104F3F4x10000,II,train,256,0,256,0,0.0,0,0.0,45636,69.63501,19811,30.229187,89,0.135803,True,89,0.135803,65536
2224,Class_II_C104F3F4x10000,II,train,256,128,256,0,0.0,0,0.0,47816,72.961426,17503,26.707458,217,0.331116,True,217,0.331116,65536
2225,Class_II_C104F3F4x10000,II,train,256,256,256,0,0.0,0,0.0,47192,72.009277,18127,27.659607,217,0.331116,True,217,0.331116,65536
2226,Class_II_C104F3F4x10000,II,train,256,384,256,0,0.0,0,0.0,48425,73.890686,17098,26.089478,13,0.019836,True,13,0.019836,65536
2227,Class_II_C104F3F4x10000,II,train,256,512,256,0,0.0,0,0.0,46277,70.613098,19118,29.171753,141,0.215149,True,141,0.215149,65536
2228,Class_II_C104F3F4x10000,II,train,256,640,256,0,0.0,0,0.0,45407,69.285583,19860,30.303955,269,0.410461,True,269,0.410461,65536
2229,Class_II_C104F3F4x10000,II,train,256,768,256,0,0.0,0,0.0,49053,74.848938,16187,24.699402,296,0.45166,True,296,0.45166,65536
2230,Class_II_C104F3F4x10000,II,train,256,896,256,0,0.0,0,0.0,47243,72.087097,17950,27.389526,343,0.523376,True,343,0.523376,65536
2231,Class_II_C104F3F4x10000,II,train,256,1024,256,0,0.0,0,0.0,50694,77.352905,14474,22.085571,368,0.561523,True,368,0.561523,65536
2232,Class_II_C104F3F4x10000,II,train,384,0,256,0,0.0,0,0.0,47328,72.216797,17911,27.330017,297,0.453186,True,297,0.453186,65536
2233,Class_II_C104F3F4x10000,II,train,384,128,256,0,0.0,0,0.0,50053,76.374817,15249,23.268127,234,0.357056,True,234,0.357056,65536
2234,Class_II_C104F3F4x10000,II,train,384,256,256,0,0.0,0,0.0,47319,72.203064,18011,27.482605,206,0.314331,True,206,0.314331,65536
2235,Class_II_C104F3F4x10000,II,train,384,384,256,0,0.0,0,0.0,47413,72.346497,18094,27.609253,29,0.04425,True,29,0.04425,65536
2236,Class_II_C104F3F4x10000,II,train,384,512,256,0,0.0,0,0.0,50321,76.783752,15151,23.118591,64,0.097656,True,64,0.097656,65536
2237,Class_II_C104F3F4x10000,II,train,384,640,256,0,0.0,0,0.0,46262,70.59021,19030,29.037476,244,0.372314,True,244,0.372314,65536
2238,Class_II_C104F3F4x10000,II,train,384,768,256,0,0.0,0,0.0,46697,71.253967,18587,28.361511,252,0.384521,True,252,0.384521,65536
2239,Class_II_C104F3F4x10000,II,train,384,896,256,0,0.0,0,0.0,49120,74.951172,16156,24.6521,260,0.396729,True,260,0.396729,65536
2240,Class_II_C104F3F4x10000,II,train,384,1024,256,0,0.0,0,0.0,51631,78.782654,13478,20.565796,427,0.65155,True,427,0.65155,65536
2241,Class_II_C104F3F4x10000,II,train,512,0,256,0,0.0,0,0.0,43610,66.543579,21593,32.948303,333,0.508118,True,333,0.508118,65536
2242,Class_II_C104F3F4x10000,II,train,512,128,256,0,0.0,0,0.0,46488,70.935059,18791,28.672791,257,0.392151,True,257,0.392151,65536
2243,Class_II_C104F3F4x10000,II,train,512,256,256,0,0.0,0,0.0,51755,78.971863,13621,20.783997,160,0.244141,True,160,0.244141,65536
2244,Class_II_C104F3F4x10000,II,train,512,384,256,0,0.0,0,0.0,48435,73.905945,17022,25.973511,79,0.120544,True,79,0.120544,65536
2245,Class_II_C104F3F4x10000,II,train,512,512,256,0,0.0,0,0.0,49545,75.59967,15933,24.311829,58,0.088501,True,58,0.088501,65536
2246,Class_II_C104F3F4x10000,II,train,512,640,256,0,0.0,0,0.0,46628,71.148682,18722,28.567505,186,0.283813,True,186,0.283813,65536
2247,Class_II_C104F3F4x10000,II,train,512,768,256,0,0.0,0,0.0,43267,66.020203,22083,33.695984,186,0.283813,True,186,0.283813,65536
2248,Class_II_C104F3F4x10000,II,train,512,896,256,0,0.0,0,0.0,45338,69.180298,19915,30.387878,283,0.431824,True,283,0.431824,65536
2249,Class_II_C104F3F4x10000,II,train,512,1024,256,0,0.0,0,0.0,47944,73.156738,17272,26.35498,320,0.488281,True,320,0.488281,65536
2250,Class_II_C104F3F4x10000,II,train,640,0,256,0,0.0,0,0.0,43160,65.856934,22101,33.72345,275,0.419617,True,275,0.419617,65536
2251,Class_II_C104F3F4x10000,II,train,640,128,256,0,0.0,0,0.0,44225,67.481995,21027,32.084656,284,0.43335,True,284,0.43335,65536
2252,Class_II_C104F3F4x10000,II,train,640,256,256,0,0.0,0,0.0,51556,78.668213,13888,21.191406,92,0.140381,True,92,0.140381,65536
2253,Class_II_C104F3F4x10000,II,train,640,384,256,0,0.0,0,0.0,46171,70.451355,19290,29.434204,75,0.114441,True,75,0.114441,65536
2254,Class_II_C104F3F4x10000,II,train,640,512,256,0,0.0,0,0.0,42917,65.486145,22577,34.449768,42,0.064087,True,42,0.064087,65536
2255,Class_II_C104F3F4x10000,II,train,640,640,256,0,0.0,0,0.0,48390,73.83728,17081,26.063538,65,0.099182,True,65,0.099182,65536
2256,Class_II_C104F3F4x10000,II,train,640,768,256,0,0.0,0,0.0,47189,72.0047,18282,27.896118,65,0.099182,True,65,0.099182,65536
2257,Class_II_C104F3F4x10000,II,train,640,896,256,0,0.0,0,0.0,43564,66.473389,21800,33.26416,172,0.262451,True,172,0.262451,65536
2258,Class_II_C104F3F4x10000,II,train,640,1024,256,0,0.0,0,0.0,45415,69.297791,19862,30.307007,259,0.395203,True,259,0.395203,65536
2259,Class_II_C104F3F4x10000,II,train,703,0,256,0,0.0,0,0.0,48212,73.565674,17078,26.05896,246,0.375366,True,246,0.375366,65536
2260,Class_II_C104F3F4x10000,II,train,703,128,256,0,0.0,0,0.0,44866,68.460083,20535,31.333923,135,0.205994,True,135,0.205994,65536
2261,Class_II_C104F3F4x10000,II,train,703,256,256,0,0.0,0,0.0,46076,70.306396,19398,29.598999,62,0.094604,True,62,0.094604,65536
2262,Class_II_C104F3F4x10000,II,train,703,384,256,0,0.0,0,0.0,46228,70.53833,19222,29.330444,86,0.131226,True,86,0.131226,65536
2263,Class_II_C104F3F4x10000,II,train,703,512,256,0,0.0,0,0.0,44973,68.623352,20503,31.285095,60,0.091553,True,60,0.091553,65536
2264,Class_II_C104F3F4x10000,II,train,703,640,256,0,0.0,0,0.0,48439,73.912048,17061,26.03302,36,0.054932,True,36,0.054932,65536
2265,Class_II_C104F3F4x10000,II,train,703,768,256,0,0.0,0,0.0,47416,72.351074,18007,27.476501,113,0.172424,True,113,0.172424,65536
2266,Class_II_C104F3F4x10000,II,train,703,896,256,0,0.0,0,0.0,42147,64.311218,23167,35.350037,222,0.338745,True,222,0.338745,65536
2267,Class_II_C104F3F4x10000,II,train,703,1024,256,0,0.0,0,0.0,45260,69.061279,20061,30.610657,215,0.328064,True,215,0.328064,65536
2268,Class_II_C104F3F4x100003,II,train,0,0,256,0,0.0,0,0.0,55665,84.938049,9432,14.39209,439,0.669861,True,439,0.669861,65536
2269,Class_II_C104F3F4x100003,II,train,0,128,256,0,0.0,0,0.0,60580,92.437744,4846,7.394409,110,0.167847,True,110,0.167847,65536
2270,Class_II_C104F3F4x100003,II,train,0,256,256,0,0.0,0,0.0,56697,86.512756,8839,13.487244,0,0.0,False,0,0.0,65536
2271,Class_II_C104F3F4x100003,II,train,0,384,256,0,0.0,0,0.0,54485,83.137512,10900,16.63208,151,0.230408,True,151,0.230408,65536
2272,Class_II_C104F3F4x100003,II,train,0,512,256,0,0.0,0,0.0,58324,88.995361,6831,10.423279,381,0.58136,True,381,0.58136,65536
2273,Class_II_C104F3F4x100003,II,train,0,640,256,0,0.0,0,0.0,61256,93.469238,3984,6.079102,296,0.45166,True,296,0.45166,65536
2274,Class_II_C104F3F4x100003,II,train,0,768,256,0,0.0,0,0.0,57505,87.745667,7905,12.062073,126,0.192261,True,126,0.192261,65536
2275,Class_II_C104F3F4x100003,II,train,0,896,256,0,0.0,0,0.0,48956,74.700928,16505,25.184631,75,0.114441,True,75,0.114441,65536
2276,Class_II_C104F3F4x100003,II,train,0,1024,256,0,0.0,0,0.0,50573,77.168274,14647,22.349548,316,0.482178,True,316,0.482178,65536
2277,Class_II_C104F3F4x100003,II,train,128,0,256,0,0.0,0,0.0,53126,81.063843,12060,18.4021,350,0.534058,True,350,0.534058,65536
2278,Class_II_C104F3F4x100003,II,train,128,128,256,0,0.0,0,0.0,55221,84.260559,10243,15.629578,72,0.109863,True,72,0.109863,65536
2279,Class_II_C104F3F4x100003,II,train,128,256,256,0,0.0,0,0.0,48330,73.745728,17013,25.959778,193,0.294495,True,193,0.294495,65536
2280,Class_II_C104F3F4x100003,II,train,128,384,256,0,0.0,0,0.0,50162,76.541138,15059,22.97821,315,0.480652,True,315,0.480652,65536
2281,Class_II_C104F3F4x100003,II,train,128,512,256,0,0.0,0,0.0,61132,93.280029,4099,6.254578,305,0.465393,True,305,0.465393,65536
2282,Class_II_C104F3F4x100003,II,train,128,640,256,0,0.0,0,0.0,61021,93.110657,4167,6.358337,348,0.531006,True,348,0.531006,65536
2283,Class_II_C104F3F4x100003,II,train,128,768,256,0,0.0,0,0.0,56111,85.618591,9231,14.085388,194,0.296021,True,194,0.296021,65536
2284,Class_II_C104F3F4x100003,II,train,128,896,256,0,0.0,0,0.0,53432,81.530762,11982,18.283081,122,0.186157,True,122,0.186157,65536
2285,Class_II_C104F3F4x100003,II,train,128,1024,256,0,0.0,0,0.0,54043,82.463074,11143,17.002869,350,0.534058,True,350,0.534058,65536
2286,Class_II_C104F3F4x100003,II,train,256,0,256,0,0.0,0,0.0,57099,87.12616,8161,12.452698,276,0.421143,True,276,0.421143,65536
2287,Class_II_C104F3F4x100003,II,train,256,128,256,0,0.0,0,0.0,52023,79.380798,13396,20.440674,117,0.178528,True,117,0.178528,65536
2288,Class_II_C104F3F4x100003,II,train,256,256,256,0,0.0,0,0.0,47987,73.222351,17356,26.483154,193,0.294495,True,193,0.294495,65536
2289,Class_II_C104F3F4x100003,II,train,256,384,256,0,0.0,0,0.0,46254,70.578003,19118,29.171753,164,0.250244,True,164,0.250244,65536
2290,Class_II_C104F3F4x100003,II,train,256,512,256,0,0.0,0,0.0,49741,75.898743,15540,23.712158,255,0.389099,True,255,0.389099,65536
2291,Class_II_C104F3F4x100003,II,train,256,640,256,0,0.0,0,0.0,52913,80.738831,12093,18.452454,530,0.808716,True,530,0.808716,65536
2292,Class_II_C104F3F4x100003,II,train,256,768,256,0,0.0,0,0.0,53805,82.099915,11212,17.108154,519,0.791931,True,519,0.791931,65536
2293,Class_II_C104F3F4x100003,II,train,256,896,256,0,0.0,0,0.0,58581,89.387512,6604,10.076904,351,0.535583,True,351,0.535583,65536
2294,Class_II_C104F3F4x100003,II,train,256,1024,256,0,0.0,0,0.0,61561,93.934631,3868,5.9021,107,0.163269,True,107,0.163269,65536
2295,Class_II_C104F3F4x100003,II,train,384,0,256,0,0.0,0,0.0,59030,90.072632,6004,9.161377,502,0.765991,True,502,0.765991,65536
2296,Class_II_C104F3F4x100003,II,train,384,128,256,0,0.0,0,0.0,54596,83.306885,10423,15.904236,517,0.788879,True,517,0.788879,65536
2297,Class_II_C104F3F4x100003,II,train,384,256,256,0,0.0,0,0.0,58628,89.459229,6891,10.514832,17,0.02594,True,17,0.02594,65536
2298,Class_II_C104F3F4x100003,II,train,384,384,256,0,0.0,0,0.0,52309,79.8172,13227,20.1828,0,0.0,False,0,0.0,65536
2299,Class_II_C104F3F4x100003,II,train,384,512,256,0,0.0,0,0.0,47269,72.12677,18012,27.484131,255,0.389099,True,255,0.389099,65536
2300,Class_II_C104F3F4x100003,II,train,384,640,256,0,0.0,0,0.0,53835,82.145691,11354,17.324829,347,0.52948,True,347,0.52948,65536
2301,Class_II_C104F3F4x100003,II,train,384,768,256,0,0.0,0,0.0,55144,84.143066,10047,15.330505,345,0.526428,True,345,0.526428,65536
2302,Class_II_C104F3F4x100003,II,train,384,896,256,0,0.0,0,0.0,59602,90.945435,5681,8.668518,253,0.386047,True,253,0.386047,65536
2303,Class_II_C104F3F4x100003,II,train,384,1024,256,0,0.0,0,0.0,57791,88.182068,7745,11.817932,0,0.0,False,0,0.0,65536
2304,Class_II_C104F3F4x100003,II,train,512,0,256,0,0.0,0,0.0,59465,90.736389,5295,8.079529,776,1.184082,True,776,1.184082,65536
2305,Class_II_C104F3F4x100003,II,train,512,128,256,0,0.0,0,0.0,57269,87.385559,7683,11.723328,584,0.891113,True,584,0.891113,65536
2306,Class_II_C104F3F4x100003,II,train,512,256,256,0,0.0,0,0.0,58978,89.993286,6422,9.799194,136,0.20752,True,136,0.20752,65536
2307,Class_II_C104F3F4x100003,II,train,512,384,256,0,0.0,0,0.0,58041,88.563538,7495,11.436462,0,0.0,False,0,0.0,65536
2308,Class_II_C104F3F4x100003,II,train,512,512,256,0,0.0,0,0.0,57036,87.030029,8303,12.669373,197,0.300598,True,197,0.300598,65536
2309,Class_II_C104F3F4x100003,II,train,512,640,256,0,0.0,0,0.0,59292,90.472412,6036,9.210205,208,0.317383,True,208,0.317383,65536
2310,Class_II_C104F3F4x100003,II,train,512,768,256,0,0.0,0,0.0,59661,91.035461,5855,8.934021,20,0.030518,True,20,0.030518,65536
2311,Class_II_C104F3F4x100003,II,train,512,896,256,0,0.0,0,0.0,60397,92.158508,5108,7.794189,31,0.047302,True,31,0.047302,65536
2312,Class_II_C104F3F4x100003,II,train,512,1024,256,0,0.0,0,0.0,57503,87.742615,8011,12.223816,22,0.033569,True,22,0.033569,65536
2313,Class_II_C104F3F4x100003,II,train,640,0,256,0,0.0,0,0.0,61183,93.357849,3737,5.702209,616,0.939941,True,616,0.939941,65536
2314,Class_II_C104F3F4x100003,II,train,640,128,256,0,0.0,0,0.0,61740,94.207764,3677,5.610657,119,0.18158,True,119,0.18158,65536
2315,Class_II_C104F3F4x100003,II,train,640,256,256,0,0.0,0,0.0,58145,88.722229,7272,11.096191,119,0.18158,True,119,0.18158,65536
2316,Class_II_C104F3F4x100003,II,train,640,384,256,0,0.0,0,0.0,52544,80.175781,12992,19.824219,0,0.0,False,0,0.0,65536
2317,Class_II_C104F3F4x100003,II,train,640,512,256,0,0.0,0,0.0,49398,75.375366,15941,24.324036,197,0.300598,True,197,0.300598,65536
2318,Class_II_C104F3F4x100003,II,train,640,640,256,0,0.0,0,0.0,54612,83.331299,10727,16.368103,197,0.300598,True,197,0.300598,65536
2319,Class_II_C104F3F4x100003,II,train,640,768,256,0,0.0,0,0.0,58407,89.122009,7129,10.877991,0,0.0,False,0,0.0,65536
2320,Class_II_C104F3F4x100003,II,train,640,896,256,0,0.0,0,0.0,59843,91.313171,5616,8.569336,77,0.117493,True,77,0.117493,65536
2321,Class_II_C104F3F4x100003,II,train,640,1024,256,0,0.0,0,0.0,61980,94.573975,3372,5.145264,184,0.280762,True,184,0.280762,65536
2322,Class_II_C104F3F4x100003,II,train,703,0,256,0,0.0,0,0.0,58781,89.692688,6000,9.155273,755,1.152039,True,755,1.152039,65536
2323,Class_II_C104F3F4x100003,II,train,703,128,256,0,0.0,0,0.0,62185,94.88678,3308,5.047607,43,0.065613,True,43,0.065613,65536
2324,Class_II_C104F3F4x100003,II,train,703,256,256,0,0.0,0,0.0,59872,91.357422,5605,8.552551,59,0.090027,True,59,0.090027,65536
2325,Class_II_C104F3F4x100003,II,train,703,384,256,0,0.0,0,0.0,53066,80.97229,12411,18.937683,59,0.090027,True,59,0.090027,65536
2326,Class_II_C104F3F4x100003,II,train,703,512,256,0,0.0,0,0.0,50434,76.956177,15102,23.043823,0,0.0,False,0,0.0,65536
2327,Class_II_C104F3F4x100003,II,train,703,640,256,0,0.0,0,0.0,54454,83.09021,11044,16.851807,38,0.057983,True,38,0.057983,65536
2328,Class_II_C104F3F4x100003,II,train,703,768,256,0,0.0,0,0.0,58211,88.822937,7287,11.11908,38,0.057983,True,38,0.057983,65536
2329,Class_II_C104F3F4x100003,II,train,703,896,256,0,0.0,0,0.0,59736,91.149902,5702,8.700562,98,0.149536,True,98,0.149536,65536
2330,Class_II_C104F3F4x100003,II,train,703,1024,256,0,0.0,0,0.0,61499,93.840027,3784,5.773926,253,0.386047,True,253,0.386047,65536
2331,Class_II_C104F3F4x10000_2,II,test,0,0,256,0,0.0,0,0.0,49353,75.306702,15822,24.142456,361,0.550842,True,361,0.550842,65536
2332,Class_II_C104F3F4x10000_2,II,test,0,128,256,0,0.0,0,0.0,48498,74.002075,16608,25.341797,430,0.656128,True,430,0.656128,65536
2333,Class_II_C104F3F4x10000_2,II,test,0,256,256,0,0.0,0,0.0,52793,80.555725,12107,18.473816,636,0.970459,True,636,0.970459,65536
2334,Class_II_C104F3F4x10000_2,II,test,0,384,256,0,0.0,0,0.0,53363,81.425476,11460,17.486572,713,1.087952,True,713,1.087952,65536
2335,Class_II_C104F3F4x10000_2,II,test,0,512,256,0,0.0,0,0.0,51004,77.825928,13808,21.069336,724,1.104736,True,724,1.104736,65536
2336,Class_II_C104F3F4x10000_2,II,test,0,640,256,0,0.0,0,0.0,48751,74.388123,16152,24.645996,633,0.965881,True,633,0.965881,65536
2337,Class_II_C104F3F4x10000_2,II,test,0,768,256,0,0.0,0,0.0,43427,66.264343,21785,33.241272,324,0.494385,True,324,0.494385,65536
2338,Class_II_C104F3F4x10000_2,II,test,0,896,256,0,0.0,0,0.0,38532,58.795166,26467,40.385437,537,0.819397,True,537,0.819397,65536
2339,Class_II_C104F3F4x10000_2,II,test,0,1024,256,0,0.0,0,0.0,43799,66.83197,21309,32.514954,428,0.653076,True,428,0.653076,65536
2340,Class_II_C104F3F4x10000_2,II,test,128,0,256,0,0.0,0,0.0,45326,69.161987,19809,30.226135,401,0.611877,True,401,0.611877,65536
2341,Class_II_C104F3F4x10000_2,II,test,128,128,256,0,0.0,0,0.0,43608,66.540527,21488,32.788086,440,0.671387,True,440,0.671387,65536
2342,Class_II_C104F3F4x10000_2,II,test,128,256,256,0,0.0,0,0.0,45699,69.73114,18971,28.947449,866,1.321411,True,866,1.321411,65536
2343,Class_II_C104F3F4x10000_2,II,test,128,384,256,0,0.0,0,0.0,47488,72.460938,17253,26.325989,795,1.213074,True,795,1.213074,65536
2344,Class_II_C104F3F4x10000_2,II,test,128,512,256,0,0.0,0,0.0,45149,68.891907,19829,30.256653,558,0.85144,True,558,0.85144,65536
2345,Class_II_C104F3F4x10000_2,II,test,128,640,256,0,0.0,0,0.0,39561,60.365295,25505,38.917542,470,0.717163,True,470,0.717163,65536
2346,Class_II_C104F3F4x10000_2,II,test,128,768,256,0,0.0,0,0.0,35516,54.193115,29414,44.882202,606,0.924683,True,606,0.924683,65536
2347,Class_II_C104F3F4x10000_2,II,test,128,896,256,0,0.0,0,0.0,42437,64.753723,22598,34.481812,501,0.764465,True,501,0.764465,65536
2348,Class_II_C104F3F4x10000_2,II,test,128,1024,256,0,0.0,0,0.0,51298,78.274536,14174,21.627808,64,0.097656,True,64,0.097656,65536
2349,Class_II_C104F3F4x10000_2,II,test,256,0,256,0,0.0,0,0.0,45812,69.903564,19282,29.421997,442,0.674438,True,442,0.674438,65536
2350,Class_II_C104F3F4x10000_2,II,test,256,128,256,0,0.0,0,0.0,44138,67.349243,20765,31.684875,633,0.965881,True,633,0.965881,65536
2351,Class_II_C104F3F4x10000_2,II,test,256,256,256,0,0.0,0,0.0,40231,61.387634,24708,37.701416,597,0.91095,True,597,0.91095,65536
2352,Class_II_C104F3F4x10000_2,II,test,256,384,256,0,0.0,0,0.0,40049,61.109924,25258,38.540649,229,0.349426,True,229,0.349426,65536
2353,Class_II_C104F3F4x10000_2,II,test,256,512,256,0,0.0,0,0.0,40219,61.369324,24948,38.067627,369,0.563049,True,369,0.563049,65536
2354,Class_II_C104F3F4x10000_2,II,test,256,640,256,0,0.0,0,0.0,40051,61.112976,25158,38.388062,327,0.498962,True,327,0.498962,65536
2355,Class_II_C104F3F4x10000_2,II,test,256,768,256,0,0.0,0,0.0,37194,56.75354,27913,42.591858,429,0.654602,True,429,0.654602,65536
2356,Class_II_C104F3F4x10000_2,II,test,256,896,256,0,0.0,0,0.0,39219,59.843445,25824,39.404297,493,0.752258,True,493,0.752258,65536
2357,Class_II_C104F3F4x10000_2,II,test,256,1024,256,0,0.0,0,0.0,48780,74.432373,16420,25.054932,336,0.512695,True,336,0.512695,65536
2358,Class_II_C104F3F4x10000_2,II,test,384,0,256,0,0.0,0,0.0,47916,73.114014,17135,26.145935,485,0.740051,True,485,0.740051,65536
2359,Class_II_C104F3F4x10000_2,II,test,384,128,256,0,0.0,0,0.0,44205,67.451477,20503,31.285095,828,1.263428,True,828,1.263428,65536
2360,Class_II_C104F3F4x10000_2,II,test,384,256,256,0,0.0,0,0.0,43397,66.218567,21617,32.984924,522,0.796509,True,522,0.796509,65536
2361,Class_II_C104F3F4x10000_2,II,test,384,384,256,0,0.0,0,0.0,44188,67.425537,21016,32.067871,332,0.506592,True,332,0.506592,65536
2362,Class_II_C104F3F4x10000_2,II,test,384,512,256,0,0.0,0,0.0,46319,70.677185,18919,28.868103,298,0.454712,True,298,0.454712,65536
2363,Class_II_C104F3F4x10000_2,II,test,384,640,256,0,0.0,0,0.0,50902,77.670288,14483,22.099304,151,0.230408,True,151,0.230408,65536
2364,Class_II_C104F3F4x10000_2,II,test,384,768,256,0,0.0,0,0.0,48183,73.521423,17250,26.321411,103,0.157166,True,103,0.157166,65536
2365,Class_II_C104F3F4x10000_2,II,test,384,896,256,0,0.0,0,0.0,42690,65.139771,22705,34.645081,141,0.215149,True,141,0.215149,65536
2366,Class_II_C104F3F4x10000_2,II,test,384,1024,256,0,0.0,0,0.0,47915,73.112488,17305,26.405334,316,0.482178,True,316,0.482178,65536
2367,Class_II_C104F3F4x10000_2,II,test,512,0,256,0,0.0,0,0.0,49613,75.70343,15554,23.733521,369,0.563049,True,369,0.563049,65536
2368,Class_II_C104F3F4x10000_2,II,test,512,128,256,0,0.0,0,0.0,42746,65.22522,22128,33.764648,662,1.010132,True,662,1.010132,65536
2369,Class_II_C104F3F4x10000_2,II,test,512,256,256,0,0.0,0,0.0,45647,69.651794,19350,29.525757,539,0.822449,True,539,0.822449,65536
2370,Class_II_C104F3F4x10000_2,II,test,512,384,256,0,0.0,0,0.0,47122,71.902466,18015,27.488708,399,0.608826,True,399,0.608826,65536
2371,Class_II_C104F3F4x10000_2,II,test,512,512,256,0,0.0,0,0.0,48842,74.526978,16239,24.778748,455,0.694275,True,455,0.694275,65536
2372,Class_II_C104F3F4x10000_2,II,test,512,640,256,0,0.0,0,0.0,52357,79.890442,12552,19.152832,627,0.956726,True,627,0.956726,65536
2373,Class_II_C104F3F4x10000_2,II,test,512,768,256,0,0.0,0,0.0,48761,74.403381,16049,24.488831,726,1.107788,True,726,1.107788,65536
2374,Class_II_C104F3F4x10000_2,II,test,512,896,256,0,0.0,0,0.0,51236,78.179932,13855,21.141052,445,0.679016,True,445,0.679016,65536
2375,Class_II_C104F3F4x10000_2,II,test,512,1024,256,0,0.0,0,0.0,52424,79.992676,12692,19.366455,420,0.640869,True,420,0.640869,65536
2376,Class_II_C104F3F4x10000_2,II,test,640,0,256,0,0.0,0,0.0,46478,70.9198,18622,28.414917,436,0.665283,True,436,0.665283,65536
2377,Class_II_C104F3F4x10000_2,II,test,640,128,256,0,0.0,0,0.0,44780,68.328857,20407,31.138611,349,0.532532,True,349,0.532532,65536
2378,Class_II_C104F3F4x10000_2,II,test,640,256,256,0,0.0,0,0.0,44129,67.33551,21105,32.203674,302,0.460815,True,302,0.460815,65536
2379,Class_II_C104F3F4x10000_2,II,test,640,384,256,0,0.0,0,0.0,43486,66.35437,21871,33.372498,179,0.273132,True,179,0.273132,65536
2380,Class_II_C104F3F4x10000_2,II,test,640,512,256,0,0.0,0,0.0,48389,73.835754,16720,25.512695,427,0.65155,True,427,0.65155,65536
2381,Class_II_C104F3F4x10000_2,II,test,640,640,256,0,0.0,0,0.0,50285,76.728821,14561,22.218323,690,1.052856,True,690,1.052856,65536
2382,Class_II_C104F3F4x10000_2,II,test,640,768,256,0,0.0,0,0.0,48552,74.084473,16237,24.775696,747,1.139832,True,747,1.139832,65536
2383,Class_II_C104F3F4x10000_2,II,test,640,896,256,0,0.0,0,0.0,53866,82.192993,11242,17.153931,428,0.653076,True,428,0.653076,65536
2384,Class_II_C104F3F4x10000_2,II,test,640,1024,256,0,0.0,0,0.0,52778,80.532837,12270,18.722534,488,0.744629,True,488,0.744629,65536
2385,Class_II_C104F3F4x10000_2,II,test,703,0,256,0,0.0,0,0.0,43942,67.050171,20837,31.794739,757,1.15509,True,757,1.15509,65536
2386,Class_II_C104F3F4x10000_2,II,test,703,128,256,0,0.0,0,0.0,45221,69.00177,20073,30.628967,242,0.369263,True,242,0.369263,65536
2387,Class_II_C104F3F4x10000_2,II,test,703,256,256,0,0.0,0,0.0,45672,69.689941,19562,29.849243,302,0.460815,True,302,0.460815,65536
2388,Class_II_C104F3F4x10000_2,II,test,703,384,256,0,0.0,0,0.0,43559,66.465759,21793,33.253479,184,0.280762,True,184,0.280762,65536
2389,Class_II_C104F3F4x10000_2,II,test,703,512,256,0,0.0,0,0.0,47928,73.132324,17379,26.51825,229,0.349426,True,229,0.349426,65536
2390,Class_II_C104F3F4x10000_2,II,test,703,640,256,0,0.0,0,0.0,50686,77.340698,14516,22.149658,334,0.509644,True,334,0.509644,65536
2391,Class_II_C104F3F4x10000_2,II,test,703,768,256,0,0.0,0,0.0,46813,71.430969,18313,27.94342,410,0.62561,True,410,0.62561,65536
2392,Class_II_C104F3F4x10000_2,II,test,703,896,256,0,0.0,0,0.0,51280,78.24707,13985,21.339417,271,0.413513,True,271,0.413513,65536
2393,Class_II_C104F3F4x10000_2,II,test,703,1024,256,0,0.0,0,0.0,53339,81.388855,11890,18.1427,307,0.468445,True,307,0.468445,65536
2394,Class_II_C14F3x10000,II,val,0,0,256,0,0.0,0,0.0,54811,83.634949,10537,16.078186,188,0.286865,True,188,0.286865,65536
2395,Class_II_C14F3x10000,II,val,0,128,256,0,0.0,0,0.0,54714,83.486938,10605,16.181946,217,0.331116,True,217,0.331116,65536
2396,Class_II_C14F3x10000,II,val,0,256,256,0,0.0,0,0.0,54534,83.21228,10706,16.33606,296,0.45166,True,296,0.45166,65536
2397,Class_II_C14F3x10000,II,val,0,384,256,0,0.0,0,0.0,52603,80.265808,12649,19.300842,284,0.43335,True,284,0.43335,65536
2398,Class_II_C14F3x10000,II,val,0,512,256,0,0.0,0,0.0,54600,83.312988,10737,16.383362,199,0.30365,True,199,0.30365,65536
2399,Class_II_C14F3x10000,II,val,0,640,256,0,0.0,0,0.0,56869,86.775208,8043,12.272644,624,0.952148,True,624,0.952148,65536
2400,Class_II_C14F3x10000,II,val,0,768,256,0,0.0,0,0.0,54588,83.294678,10318,15.744019,630,0.961304,True,630,0.961304,65536
2401,Class_II_C14F3x10000,II,val,0,896,256,0,0.0,0,0.0,57745,88.111877,7717,11.775208,74,0.112915,True,74,0.112915,65536
2402,Class_II_C14F3x10000,II,val,0,1024,256,0,0.0,0,0.0,57649,87.965393,7855,11.985779,32,0.048828,True,32,0.048828,65536
2403,Class_II_C14F3x10000,II,val,128,0,256,0,0.0,0,0.0,57551,87.815857,7939,12.113953,46,0.07019,True,46,0.07019,65536
2404,Class_II_C14F3x10000,II,val,128,128,256,0,0.0,0,0.0,57585,87.867737,7819,11.930847,132,0.201416,True,132,0.201416,65536
2405,Class_II_C14F3x10000,II,val,128,256,256,0,0.0,0,0.0,57205,87.287903,8103,12.364197,228,0.3479,True,228,0.3479,65536
2406,Class_II_C14F3x10000,II,val,128,384,256,0,0.0,0,0.0,51081,77.94342,14193,21.656799,262,0.39978,True,262,0.39978,65536
2407,Class_II_C14F3x10000,II,val,128,512,256,0,0.0,0,0.0,50320,76.782227,14962,22.8302,254,0.387573,True,254,0.387573,65536
2408,Class_II_C14F3x10000,II,val,128,640,256,0,0.0,0,0.0,55897,85.292053,9443,14.408875,196,0.299072,True,196,0.299072,65536
2409,Class_II_C14F3x10000,II,val,128,768,256,0,0.0,0,0.0,58660,89.508057,6758,10.31189,118,0.180054,True,118,0.180054,65536
2410,Class_II_C14F3x10000,II,val,128,896,256,0,0.0,0,0.0,61309,93.55011,4152,6.335449,75,0.114441,True,75,0.114441,65536
2411,Class_II_C14F3x10000,II,val,128,1024,256,0,0.0,0,0.0,60318,92.037964,4967,7.579041,251,0.382996,True,251,0.382996,65536
2412,Class_II_C14F3x10000,II,val,256,0,256,0,0.0,0,0.0,55577,84.803772,9842,15.0177,117,0.178528,True,117,0.178528,65536
2413,Class_II_C14F3x10000,II,val,256,128,256,0,0.0,0,0.0,58518,89.291382,6824,10.412598,194,0.296021,True,194,0.296021,65536
2414,Class_II_C14F3x10000,II,val,256,256,256,0,0.0,0,0.0,60774,92.733765,4568,6.970215,194,0.296021,True,194,0.296021,65536
2415,Class_II_C14F3x10000,II,val,256,384,256,0,0.0,0,0.0,55164,84.173584,10172,15.52124,200,0.305176,True,200,0.305176,65536
2416,Class_II_C14F3x10000,II,val,256,512,256,0,0.0,0,0.0,51710,78.903198,13537,20.655823,289,0.440979,True,289,0.440979,65536
2417,Class_II_C14F3x10000,II,val,256,640,256,0,0.0,0,0.0,55566,84.786987,9699,14.7995,271,0.413513,True,271,0.413513,65536
2418,Class_II_C14F3x10000,II,val,256,768,256,0,0.0,0,0.0,60362,92.105103,4981,7.600403,193,0.294495,True,193,0.294495,65536
2419,Class_II_C14F3x10000,II,val,256,896,256,0,0.0,0,0.0,64250,98.03772,1211,1.847839,75,0.114441,True,75,0.114441,65536
2420,Class_II_C14F3x10000,II,val,256,1024,256,0,0.0,0,0.0,60152,91.784668,5072,7.739258,312,0.476074,True,312,0.476074,65536
2421,Class_II_C14F3x10000,II,val,384,0,256,0,0.0,0,0.0,55251,84.306335,10014,15.280151,271,0.413513,True,271,0.413513,65536
2422,Class_II_C14F3x10000,II,val,384,128,256,0,0.0,0,0.0,54303,82.859802,10809,16.493225,424,0.646973,True,424,0.646973,65536
2423,Class_II_C14F3x10000,II,val,384,256,256,0,0.0,0,0.0,55485,84.663391,9780,14.923096,271,0.413513,True,271,0.413513,65536
2424,Class_II_C14F3x10000,II,val,384,384,256,0,0.0,0,0.0,57734,88.095093,7694,11.740112,108,0.164795,True,108,0.164795,65536
2425,Class_II_C14F3x10000,II,val,384,512,256,0,0.0,0,0.0,55168,84.179688,10193,15.553284,175,0.267029,True,175,0.267029,65536
2426,Class_II_C14F3x10000,II,val,384,640,256,0,0.0,0,0.0,55097,84.07135,10174,15.524292,265,0.404358,True,265,0.404358,65536
2427,Class_II_C14F3x10000,II,val,384,768,256,0,0.0,0,0.0,57428,87.628174,7882,12.026978,226,0.344849,True,226,0.344849,65536
2428,Class_II_C14F3x10000,II,val,384,896,256,0,0.0,0,0.0,58198,88.803101,7182,10.958862,156,0.238037,True,156,0.238037,65536
2429,Class_II_C14F3x10000,II,val,384,1024,256,0,0.0,0,0.0,52765,80.513,12209,18.629456,562,0.857544,True,562,0.857544,65536
2430,Class_II_C14F3x10000,II,val,512,0,256,0,0.0,0,0.0,55683,84.965515,9461,14.43634,392,0.598145,True,392,0.598145,65536
2431,Class_II_C14F3x10000,II,val,512,128,256,0,0.0,0,0.0,50816,77.539062,14260,21.759033,460,0.701904,True,460,0.701904,65536
2432,Class_II_C14F3x10000,II,val,512,256,256,0,0.0,0,0.0,54533,83.210754,10832,16.52832,171,0.260925,True,171,0.260925,65536
2433,Class_II_C14F3x10000,II,val,512,384,256,0,0.0,0,0.0,58156,88.739014,7221,11.018372,159,0.242615,True,159,0.242615,65536
2434,Class_II_C14F3x10000,II,val,512,512,256,0,0.0,0,0.0,57014,86.99646,8362,12.759399,160,0.244141,True,160,0.244141,65536
2435,Class_II_C14F3x10000,II,val,512,640,256,0,0.0,0,0.0,55505,84.693909,9798,14.950562,233,0.35553,True,233,0.35553,65536
2436,Class_II_C14F3x10000,II,val,512,768,256,0,0.0,0,0.0,56106,85.610962,9236,14.093018,194,0.296021,True,194,0.296021,65536
2437,Class_II_C14F3x10000,II,val,512,896,256,0,0.0,0,0.0,57183,87.254333,8167,12.461853,186,0.283813,True,186,0.283813,65536
2438,Class_II_C14F3x10000,II,val,512,1024,256,0,0.0,0,0.0,54016,82.421875,11021,16.816711,499,0.761414,True,499,0.761414,65536
2439,Class_II_C14F3x10000,II,val,640,0,256,0,0.0,0,0.0,56407,86.070251,8829,13.471985,300,0.457764,True,300,0.457764,65536
2440,Class_II_C14F3x10000,II,val,640,128,256,0,0.0,0,0.0,54536,83.215332,10732,16.375732,268,0.408936,True,268,0.408936,65536
2441,Class_II_C14F3x10000,II,val,640,256,256,0,0.0,0,0.0,59873,91.358948,5593,8.534241,70,0.106812,True,70,0.106812,65536
2442,Class_II_C14F3x10000,II,val,640,384,256,0,0.0,0,0.0,62003,94.60907,3447,5.259705,86,0.131226,True,86,0.131226,65536
2443,Class_II_C14F3x10000,II,val,640,512,256,0,0.0,0,0.0,61208,93.395996,4308,6.573486,20,0.030518,True,20,0.030518,65536
2444,Class_II_C14F3x10000,II,val,640,640,256,0,0.0,0,0.0,60012,91.571045,5427,8.280945,97,0.14801,True,97,0.14801,65536
2445,Class_II_C14F3x10000,II,val,640,768,256,0,0.0,0,0.0,59559,90.879822,5880,8.972168,97,0.14801,True,97,0.14801,65536
2446,Class_II_C14F3x10000,II,val,640,896,256,0,0.0,0,0.0,59764,91.192627,5742,8.761597,30,0.045776,True,30,0.045776,65536
2447,Class_II_C14F3x10000,II,val,640,1024,256,0,0.0,0,0.0,58414,89.13269,6934,10.580444,188,0.286865,True,188,0.286865,65536
2448,Class_II_C14F3x10000,II,val,703,0,256,0,0.0,0,0.0,57380,87.554932,7912,12.072754,244,0.372314,True,244,0.372314,65536
2449,Class_II_C14F3x10000,II,val,703,128,256,0,0.0,0,0.0,54807,83.628845,10440,15.930176,289,0.440979,True,289,0.440979,65536
2450,Class_II_C14F3x10000,II,val,703,256,256,0,0.0,0,0.0,58919,89.903259,6526,9.957886,91,0.138855,True,91,0.138855,65536
2451,Class_II_C14F3x10000,II,val,703,384,256,0,0.0,0,0.0,63342,96.652222,2148,3.277588,46,0.07019,True,46,0.07019,65536
2452,Class_II_C14F3x10000,II,val,703,512,256,0,0.0,0,0.0,62644,95.587158,2861,4.36554,31,0.047302,True,31,0.047302,65536
2453,Class_II_C14F3x10000,II,val,703,640,256,0,0.0,0,0.0,58124,88.690186,7248,11.05957,164,0.250244,True,164,0.250244,65536
2454,Class_II_C14F3x10000,II,val,703,768,256,0,0.0,0,0.0,57786,88.174438,7549,11.51886,201,0.306702,True,201,0.306702,65536
2455,Class_II_C14F3x10000,II,val,703,896,256,0,0.0,0,0.0,59643,91.007996,5825,8.888245,68,0.10376,True,68,0.10376,65536
2456,Class_II_C14F3x10000,II,val,703,1024,256,0,0.0,0,0.0,56224,85.791016,9154,13.967896,158,0.241089,True,158,0.241089,65536
2457,Class_II_C158F3x10000,II,test,0,0,256,0,0.0,0,0.0,56995,86.967468,8443,12.882996,98,0.149536,True,98,0.149536,65536
2458,Class_II_C158F3x10000,II,test,0,128,256,0,0.0,0,0.0,59027,90.068054,6411,9.78241,98,0.149536,True,98,0.149536,65536
2459,Class_II_C158F3x10000,II,test,0,256,256,0,0.0,0,0.0,56804,86.676025,8523,13.005066,209,0.318909,True,209,0.318909,65536
2460,Class_II_C158F3x10000,II,test,0,384,256,0,0.0,0,0.0,51268,78.22876,14059,21.452332,209,0.318909,True,209,0.318909,65536
2461,Class_II_C158F3x10000,II,test,0,512,256,0,0.0,0,0.0,47757,72.871399,17379,26.51825,400,0.610352,True,400,0.610352,65536
2462,Class_II_C158F3x10000,II,test,0,640,256,0,0.0,0,0.0,53386,81.460571,11750,17.929077,400,0.610352,True,400,0.610352,65536
2463,Class_II_C158F3x10000,II,test,0,768,256,0,0.0,0,0.0,56631,86.412048,8878,13.546753,27,0.041199,True,27,0.041199,65536
2464,Class_II_C158F3x10000,II,test,0,896,256,0,0.0,0,0.0,56791,86.656189,8685,13.252258,60,0.091553,True,60,0.091553,65536
2465,Class_II_C158F3x10000,II,test,0,1024,256,0,0.0,0,0.0,58644,89.483643,6819,10.404968,73,0.111389,True,73,0.111389,65536
2466,Class_II_C158F3x10000,II,test,128,0,256,0,0.0,0,0.0,54969,83.876038,10380,15.838623,187,0.285339,True,187,0.285339,65536
2467,Class_II_C158F3x10000,II,test,128,128,256,0,0.0,0,0.0,57618,87.918091,7328,11.181641,590,0.900269,True,590,0.900269,65536
2468,Class_II_C158F3x10000,II,test,128,256,256,0,0.0,0,0.0,55720,85.021973,9261,14.131165,555,0.846863,True,555,0.846863,65536
2469,Class_II_C158F3x10000,II,test,128,384,256,0,0.0,0,0.0,55632,84.887695,9841,15.016174,63,0.09613,True,63,0.09613,65536
2470,Class_II_C158F3x10000,II,test,128,512,256,0,0.0,0,0.0,51672,78.845215,13498,20.596313,366,0.558472,True,366,0.558472,65536
2471,Class_II_C158F3x10000,II,test,128,640,256,0,0.0,0,0.0,52280,79.772949,12774,19.491577,482,0.735474,True,482,0.735474,65536
2472,Class_II_C158F3x10000,II,test,128,768,256,0,0.0,0,0.0,53891,82.23114,11502,17.550659,143,0.218201,True,143,0.218201,65536
2473,Class_II_C158F3x10000,II,test,128,896,256,0,0.0,0,0.0,50904,77.67334,14572,22.235107,60,0.091553,True,60,0.091553,65536
2474,Class_II_C158F3x10000,II,test,128,1024,256,0,0.0,0,0.0,54249,82.777405,11107,16.947937,180,0.274658,True,180,0.274658,65536
2475,Class_II_C158F3x10000,II,test,256,0,256,0,0.0,0,0.0,52954,80.801392,12264,18.713379,318,0.485229,True,318,0.485229,65536
2476,Class_II_C158F3x10000,II,test,256,128,256,0,0.0,0,0.0,55912,85.314941,9063,13.829041,561,0.856018,True,561,0.856018,65536
2477,Class_II_C158F3x10000,II,test,256,256,256,0,0.0,0,0.0,54046,82.467651,10866,16.5802,624,0.952148,True,624,0.952148,65536
2478,Class_II_C158F3x10000,II,test,256,384,256,0,0.0,0,0.0,56965,86.921692,8508,12.982178,63,0.09613,True,63,0.09613,65536
2479,Class_II_C158F3x10000,II,test,256,512,256,0,0.0,0,0.0,58838,89.779663,6596,10.064697,102,0.15564,True,102,0.15564,65536
2480,Class_II_C158F3x10000,II,test,256,640,256,0,0.0,0,0.0,57162,87.22229,8010,12.22229,364,0.55542,True,364,0.55542,65536
2481,Class_II_C158F3x10000,II,test,256,768,256,0,0.0,0,0.0,52638,80.319214,12473,19.032288,425,0.648499,True,425,0.648499,65536
2482,Class_II_C158F3x10000,II,test,256,896,256,0,0.0,0,0.0,47399,72.325134,17650,26.931763,487,0.743103,True,487,0.743103,65536
2483,Class_II_C158F3x10000,II,test,256,1024,256,0,0.0,0,0.0,52125,79.536438,12979,19.804382,432,0.65918,True,432,0.65918,65536
2484,Class_II_C158F3x10000,II,test,384,0,256,0,0.0,0,0.0,54492,83.148193,10815,16.50238,229,0.349426,True,229,0.349426,65536
2485,Class_II_C158F3x10000,II,test,384,128,256,0,0.0,0,0.0,57897,88.343811,7570,11.550903,69,0.105286,True,69,0.105286,65536
2486,Class_II_C158F3x10000,II,test,384,256,256,0,0.0,0,0.0,57138,87.185669,8238,12.57019,160,0.244141,True,160,0.244141,65536
2487,Class_II_C158F3x10000,II,test,384,384,256,0,0.0,0,0.0,53929,82.289124,11195,17.082214,412,0.628662,True,412,0.628662,65536
2488,Class_II_C158F3x10000,II,test,384,512,256,0,0.0,0,0.0,53338,81.387329,11437,17.451477,761,1.161194,True,761,1.161194,65536
2489,Class_II_C158F3x10000,II,test,384,640,256,0,0.0,0,0.0,56884,86.798096,8049,12.281799,603,0.920105,True,603,0.920105,65536
2490,Class_II_C158F3x10000,II,test,384,768,256,0,0.0,0,0.0,55564,84.783936,9646,14.718628,326,0.497437,True,326,0.497437,65536
2491,Class_II_C158F3x10000,II,test,384,896,256,0,0.0,0,0.0,50523,77.09198,14355,21.903992,658,1.004028,True,658,1.004028,65536
2492,Class_II_C158F3x10000,II,test,384,1024,256,0,0.0,0,0.0,54356,82.940674,10647,16.246033,533,0.813293,True,533,0.813293,65536
2493,Class_II_C158F3x10000,II,test,512,0,256,0,0.0,0,0.0,55501,84.687805,9925,15.144348,110,0.167847,True,110,0.167847,65536
2494,Class_II_C158F3x10000,II,test,512,128,256,0,0.0,0,0.0,56219,85.783386,9207,14.048767,110,0.167847,True,110,0.167847,65536
2495,Class_II_C158F3x10000,II,test,512,256,256,0,0.0,0,0.0,59258,90.420532,6187,9.440613,91,0.138855,True,91,0.138855,65536
2496,Class_II_C158F3x10000,II,test,512,384,256,0,0.0,0,0.0,56506,86.221313,8618,13.150024,412,0.628662,True,412,0.628662,65536
2497,Class_II_C158F3x10000,II,test,512,512,256,0,0.0,0,0.0,52941,80.781555,11834,18.057251,761,1.161194,True,761,1.161194,65536
2498,Class_II_C158F3x10000,II,test,512,640,256,0,0.0,0,0.0,52360,79.89502,12719,19.407654,457,0.697327,True,457,0.697327,65536
2499,Class_II_C158F3x10000,II,test,512,768,256,0,0.0,0,0.0,54151,82.627869,11368,17.346191,17,0.02594,True,17,0.02594,65536
2500,Class_II_C158F3x10000,II,test,512,896,256,0,0.0,0,0.0,54318,82.88269,11047,16.856384,171,0.260925,True,171,0.260925,65536
2501,Class_II_C158F3x10000,II,test,512,1024,256,0,0.0,0,0.0,57161,87.220764,8167,12.461853,208,0.317383,True,208,0.317383,65536
2502,Class_II_C158F3x10000,II,test,640,0,256,0,0.0,0,0.0,48399,73.851013,16717,25.508118,420,0.640869,True,420,0.640869,65536
2503,Class_II_C158F3x10000,II,test,640,128,256,0,0.0,0,0.0,54345,82.923889,10860,16.571045,331,0.505066,True,331,0.505066,65536
2504,Class_II_C158F3x10000,II,test,640,256,256,0,0.0,0,0.0,60518,92.34314,5018,7.65686,0,0.0,False,0,0.0,65536
2505,Class_II_C158F3x10000,II,test,640,384,256,0,0.0,0,0.0,58641,89.479065,6895,10.520935,0,0.0,False,0,0.0,65536
2506,Class_II_C158F3x10000,II,test,640,512,256,0,0.0,0,0.0,55900,85.296631,9636,14.703369,0,0.0,False,0,0.0,65536
2507,Class_II_C158F3x10000,II,test,640,640,256,0,0.0,0,0.0,51715,78.910828,13675,20.866394,146,0.222778,True,146,0.222778,65536
2508,Class_II_C158F3x10000,II,test,640,768,256,0,0.0,0,0.0,52894,80.709839,12429,18.965149,213,0.325012,True,213,0.325012,65536
2509,Class_II_C158F3x10000,II,test,640,896,256,0,0.0,0,0.0,56840,86.730957,8629,13.166809,67,0.102234,True,67,0.102234,65536
2510,Class_II_C158F3x10000,II,test,640,1024,256,0,0.0,0,0.0,57370,87.539673,8166,12.460327,0,0.0,False,0,0.0,65536
2511,Class_II_C158F3x10000,II,test,703,0,256,0,0.0,0,0.0,48604,74.163818,16622,25.363159,310,0.473022,True,310,0.473022,65536
2512,Class_II_C158F3x10000,II,test,703,128,256,0,0.0,0,0.0,55302,84.384155,10013,15.278625,221,0.337219,True,221,0.337219,65536
2513,Class_II_C158F3x10000,II,test,703,256,256,0,0.0,0,0.0,60448,92.236328,5088,7.763672,0,0.0,False,0,0.0,65536
2514,Class_II_C158F3x10000,II,test,703,384,256,0,0.0,0,0.0,58022,88.534546,7514,11.465454,0,0.0,False,0,0.0,65536
2515,Class_II_C158F3x10000,II,test,703,512,256,0,0.0,0,0.0,56283,85.881042,9253,14.118958,0,0.0,False,0,0.0,65536
2516,Class_II_C158F3x10000,II,test,703,640,256,0,0.0,0,0.0,52864,80.664062,12366,18.869019,306,0.466919,True,306,0.466919,65536
2517,Class_II_C158F3x10000,II,test,703,768,256,0,0.0,0,0.0,52951,80.796814,12212,18.634033,373,0.569153,True,373,0.569153,65536
2518,Class_II_C158F3x10000,II,test,703,896,256,0,0.0,0,0.0,56672,86.474609,8797,13.423157,67,0.102234,True,67,0.102234,65536
2519,Class_II_C158F3x10000,II,test,703,1024,256,0,0.0,0,0.0,55554,84.768677,9876,15.06958,106,0.161743,True,106,0.161743,65536
2520,Class_II_C158F3x10000_2,II,train,0,0,256,0,0.0,0,0.0,57924,88.38501,7384,11.26709,228,0.3479,True,228,0.3479,65536
2521,Class_II_C158F3x10000_2,II,train,0,128,256,0,0.0,0,0.0,60306,92.019653,5122,7.815552,108,0.164795,True,108,0.164795,65536
2522,Class_II_C158F3x10000_2,II,train,0,256,256,0,0.0,0,0.0,55747,85.063171,9533,14.546204,256,0.390625,True,256,0.390625,65536
2523,Class_II_C158F3x10000_2,II,train,0,384,256,0,0.0,0,0.0,56368,86.010742,9020,13.763428,148,0.22583,True,148,0.22583,65536
2524,Class_II_C158F3x10000_2,II,train,0,512,256,0,0.0,0,0.0,53654,81.869507,11786,17.984009,96,0.146484,True,96,0.146484,65536
2525,Class_II_C158F3x10000_2,II,train,0,640,256,0,0.0,0,0.0,52138,79.556274,13167,20.091248,231,0.352478,True,231,0.352478,65536
2526,Class_II_C158F3x10000_2,II,train,0,768,256,0,0.0,0,0.0,56985,86.952209,8268,12.615967,283,0.431824,True,283,0.431824,65536
2527,Class_II_C158F3x10000_2,II,train,0,896,256,0,0.0,0,0.0,55728,85.03418,9538,14.553833,270,0.411987,True,270,0.411987,65536
2528,Class_II_C158F3x10000_2,II,train,0,1024,256,0,0.0,0,0.0,48288,73.681641,17056,26.025391,192,0.292969,True,192,0.292969,65536
2529,Class_II_C158F3x10000_2,II,train,128,0,256,0,0.0,0,0.0,56241,85.816956,9135,13.938904,160,0.244141,True,160,0.244141,65536
2530,Class_II_C158F3x10000_2,II,train,128,128,256,0,0.0,0,0.0,59342,90.548706,6054,9.237671,140,0.213623,True,140,0.213623,65536
2531,Class_II_C158F3x10000_2,II,train,128,256,256,0,0.0,0,0.0,54329,82.899475,10704,16.333008,503,0.767517,True,503,0.767517,65536
2532,Class_II_C158F3x10000_2,II,train,128,384,256,0,0.0,0,0.0,53606,81.796265,11567,17.649841,363,0.553894,True,363,0.553894,65536
2533,Class_II_C158F3x10000_2,II,train,128,512,256,0,0.0,0,0.0,48940,74.676514,16331,24.919128,265,0.404358,True,265,0.404358,65536
2534,Class_II_C158F3x10000_2,II,train,128,640,256,0,0.0,0,0.0,48572,74.11499,16609,25.343323,355,0.541687,True,355,0.541687,65536
2535,Class_II_C158F3x10000_2,II,train,128,768,256,0,0.0,0,0.0,55778,85.110474,9580,14.61792,178,0.271606,True,178,0.271606,65536
2536,Class_II_C158F3x10000_2,II,train,128,896,256,0,0.0,0,0.0,54440,83.068848,10828,16.522217,268,0.408936,True,268,0.408936,65536
2537,Class_II_C158F3x10000_2,II,train,128,1024,256,0,0.0,0,0.0,48113,73.414612,17004,25.946045,419,0.639343,True,419,0.639343,65536
2538,Class_II_C158F3x10000_2,II,train,256,0,256,0,0.0,0,0.0,58391,89.097595,7066,10.78186,79,0.120544,True,79,0.120544,65536
2539,Class_II_C158F3x10000_2,II,train,256,128,256,0,0.0,0,0.0,62111,94.773865,3383,5.162048,42,0.064087,True,42,0.064087,65536
2540,Class_II_C158F3x10000_2,II,train,256,256,256,0,0.0,0,0.0,56555,86.296082,8641,13.18512,340,0.518799,True,340,0.518799,65536
2541,Class_II_C158F3x10000_2,II,train,256,384,256,0,0.0,0,0.0,52728,80.456543,12510,19.088745,298,0.454712,True,298,0.454712,65536
2542,Class_II_C158F3x10000_2,II,train,256,512,256,0,0.0,0,0.0,52757,80.500793,12610,19.241333,169,0.257874,True,169,0.257874,65536
2543,Class_II_C158F3x10000_2,II,train,256,640,256,0,0.0,0,0.0,53752,82.019043,11615,17.723083,169,0.257874,True,169,0.257874,65536
2544,Class_II_C158F3x10000_2,II,train,256,768,256,0,0.0,0,0.0,55074,84.036255,10338,15.774536,124,0.189209,True,124,0.189209,65536
2545,Class_II_C158F3x10000_2,II,train,256,896,256,0,0.0,0,0.0,52327,79.844666,12817,19.55719,392,0.598145,True,392,0.598145,65536
2546,Class_II_C158F3x10000_2,II,train,256,1024,256,0,0.0,0,0.0,50222,76.63269,14769,22.535706,545,0.831604,True,545,0.831604,65536
2547,Class_II_C158F3x10000_2,II,train,384,0,256,0,0.0,0,0.0,55572,84.796143,9778,14.920044,186,0.283813,True,186,0.283813,65536
2548,Class_II_C158F3x10000_2,II,train,384,128,256,0,0.0,0,0.0,59835,91.300964,5618,8.572388,83,0.126648,True,83,0.126648,65536
2549,Class_II_C158F3x10000_2,II,train,384,256,256,0,0.0,0,0.0,58015,88.523865,7394,11.282349,127,0.193787,True,127,0.193787,65536
2550,Class_II_C158F3x10000_2,II,train,384,384,256,0,0.0,0,0.0,56245,85.823059,9174,13.998413,117,0.178528,True,117,0.178528,65536
2551,Class_II_C158F3x10000_2,II,train,384,512,256,0,0.0,0,0.0,54194,82.693481,11176,17.053223,166,0.253296,True,166,0.253296,65536
2552,Class_II_C158F3x10000_2,II,train,384,640,256,0,0.0,0,0.0,47876,73.052979,17165,26.191711,495,0.75531,True,495,0.75531,65536
2553,Class_II_C158F3x10000_2,II,train,384,768,256,0,0.0,0,0.0,46603,71.110535,18407,28.086853,526,0.802612,True,526,0.802612,65536
2554,Class_II_C158F3x10000_2,II,train,384,896,256,0,0.0,0,0.0,49284,75.201416,15728,23.999023,524,0.799561,True,524,0.799561,65536
2555,Class_II_C158F3x10000_2,II,train,384,1024,256,0,0.0,0,0.0,51422,78.463745,13657,20.838928,457,0.697327,True,457,0.697327,65536
2556,Class_II_C158F3x10000_2,II,train,512,0,256,0,0.0,0,0.0,49445,75.447083,15886,24.240112,205,0.312805,True,205,0.312805,65536
2557,Class_II_C158F3x10000_2,II,train,512,128,256,0,0.0,0,0.0,54806,83.627319,10591,16.160583,139,0.212097,True,139,0.212097,65536
2558,Class_II_C158F3x10000_2,II,train,512,256,256,0,0.0,0,0.0,57891,88.334656,7564,11.541748,81,0.123596,True,81,0.123596,65536
2559,Class_II_C158F3x10000_2,II,train,512,384,256,0,0.0,0,0.0,59498,90.786743,5976,9.118652,62,0.094604,True,62,0.094604,65536
2560,Class_II_C158F3x10000_2,II,train,512,512,256,0,0.0,0,0.0,50562,77.151489,14724,22.467041,250,0.38147,True,250,0.38147,65536
2561,Class_II_C158F3x10000_2,II,train,512,640,256,0,0.0,0,0.0,44027,67.179871,20856,31.82373,653,0.996399,True,653,0.996399,65536
2562,Class_II_C158F3x10000_2,II,train,512,768,256,0,0.0,0,0.0,46863,71.507263,18139,27.677917,534,0.814819,True,534,0.814819,65536
2563,Class_II_C158F3x10000_2,II,train,512,896,256,0,0.0,0,0.0,50430,76.950073,14782,22.555542,324,0.494385,True,324,0.494385,65536
2564,Class_II_C158F3x10000_2,II,train,512,1024,256,0,0.0,0,0.0,50490,77.041626,14733,22.480774,313,0.4776,True,313,0.4776,65536
2565,Class_II_C158F3x10000_2,II,train,640,0,256,0,0.0,0,0.0,51024,77.856445,14355,21.903992,157,0.239563,True,157,0.239563,65536
2566,Class_II_C158F3x10000_2,II,train,640,128,256,0,0.0,0,0.0,50188,76.580811,15174,23.153687,174,0.265503,True,174,0.265503,65536
2567,Class_II_C158F3x10000_2,II,train,640,256,256,0,0.0,0,0.0,54817,83.644104,10672,16.28418,47,0.071716,True,47,0.071716,65536
2568,Class_II_C158F3x10000_2,II,train,640,384,256,0,0.0,0,0.0,57821,88.227844,7641,11.659241,74,0.112915,True,74,0.112915,65536
2569,Class_II_C158F3x10000_2,II,train,640,512,256,0,0.0,0,0.0,50465,77.003479,14773,22.541809,298,0.454712,True,298,0.454712,65536
2570,Class_II_C158F3x10000_2,II,train,640,640,256,0,0.0,0,0.0,47739,72.843933,17471,26.65863,326,0.497437,True,326,0.497437,65536
2571,Class_II_C158F3x10000_2,II,train,640,768,256,0,0.0,0,0.0,52010,79.360962,13312,20.3125,214,0.326538,True,214,0.326538,65536
2572,Class_II_C158F3x10000_2,II,train,640,896,256,0,0.0,0,0.0,54331,82.902527,10952,16.711426,253,0.386047,True,253,0.386047,65536
2573,Class_II_C158F3x10000_2,II,train,640,1024,256,0,0.0,0,0.0,54553,83.241272,10842,16.543579,141,0.215149,True,141,0.215149,65536
2574,Class_II_C158F3x10000_2,II,train,703,0,256,0,0.0,0,0.0,51629,78.779602,13687,20.884705,220,0.335693,True,220,0.335693,65536
2575,Class_II_C158F3x10000_2,II,train,703,128,256,0,0.0,0,0.0,48376,73.815918,16972,25.897217,188,0.286865,True,188,0.286865,65536
2576,Class_II_C158F3x10000_2,II,train,703,256,256,0,0.0,0,0.0,54222,82.736206,11303,17.247009,11,0.016785,True,11,0.016785,65536
2577,Class_II_C158F3x10000_2,II,train,703,384,256,0,0.0,0,0.0,58383,89.085388,7060,10.772705,93,0.141907,True,93,0.141907,65536
2578,Class_II_C158F3x10000_2,II,train,703,512,256,0,0.0,0,0.0,53337,81.385803,11825,18.043518,374,0.570679,True,374,0.570679,65536
2579,Class_II_C158F3x10000_2,II,train,703,640,256,0,0.0,0,0.0,48471,73.960876,16688,25.463867,377,0.575256,True,377,0.575256,65536
2580,Class_II_C158F3x10000_2,II,train,703,768,256,0,0.0,0,0.0,52542,80.172729,12797,19.526672,197,0.300598,True,197,0.300598,65536
2581,Class_II_C158F3x10000_2,II,train,703,896,256,0,0.0,0,0.0,56664,86.462402,8637,13.179016,235,0.358582,True,235,0.358582,65536
2582,Class_II_C158F3x10000_2,II,train,703,1024,256,0,0.0,0,0.0,56213,85.774231,9200,14.038086,123,0.187683,True,123,0.187683,65536
2583,Class_II_C158F3x5000,II,train,0,0,256,0,0.0,0,0.0,51446,78.500366,13963,21.305847,127,0.193787,True,127,0.193787,65536
2584,Class_II_C158F3x5000,II,train,0,128,256,0,0.0,0,0.0,52733,80.464172,12596,19.219971,207,0.315857,True,207,0.315857,65536
2585,Class_II_C158F3x5000,II,train,0,256,256,0,0.0,0,0.0,52308,79.815674,12750,19.454956,478,0.72937,True,478,0.72937,65536
2586,Class_II_C158F3x5000,II,train,0,384,256,0,0.0,0,0.0,50922,77.700806,14080,21.484375,534,0.814819,True,534,0.814819,65536
2587,Class_II_C158F3x5000,II,train,0,512,256,0,0.0,0,0.0,51965,79.292297,13173,20.100403,398,0.6073,True,398,0.6073,65536
2588,Class_II_C158F3x5000,II,train,0,640,256,0,0.0,0,0.0,50256,76.68457,14865,22.68219,415,0.63324,True,415,0.63324,65536
2589,Class_II_C158F3x5000,II,train,0,768,256,0,0.0,0,0.0,49145,74.989319,15959,24.351501,432,0.65918,True,432,0.65918,65536
2590,Class_II_C158F3x5000,II,train,0,896,256,0,0.0,0,0.0,51042,77.883911,14175,21.629333,319,0.486755,True,319,0.486755,65536
2591,Class_II_C158F3x5000,II,train,0,1024,256,0,0.0,0,0.0,53044,80.938721,12204,18.621826,288,0.439453,True,288,0.439453,65536
2592,Class_II_C158F3x5000,II,train,128,0,256,0,0.0,0,0.0,48179,73.51532,17010,25.9552,347,0.52948,True,347,0.52948,65536
2593,Class_II_C158F3x5000,II,train,128,128,256,0,0.0,0,0.0,47290,72.158813,17947,27.384949,299,0.456238,True,299,0.456238,65536
2594,Class_II_C158F3x5000,II,train,128,256,256,0,0.0,0,0.0,48543,74.07074,16518,25.204468,475,0.724792,True,475,0.724792,65536
2595,Class_II_C158F3x5000,II,train,128,384,256,0,0.0,0,0.0,47862,73.031616,17054,26.022339,620,0.946045,True,620,0.946045,65536
2596,Class_II_C158F3x5000,II,train,128,512,256,0,0.0,0,0.0,52164,79.595947,12919,19.71283,453,0.691223,True,453,0.691223,65536
2597,Class_II_C158F3x5000,II,train,128,640,256,0,0.0,0,0.0,51818,79.067993,13227,20.1828,491,0.749207,True,491,0.749207,65536
2598,Class_II_C158F3x5000,II,train,128,768,256,0,0.0,0,0.0,49417,75.404358,15589,23.786926,530,0.808716,True,530,0.808716,65536
2599,Class_II_C158F3x5000,II,train,128,896,256,0,0.0,0,0.0,51219,78.153992,14031,21.409607,286,0.436401,True,286,0.436401,65536
2600,Class_II_C158F3x5000,II,train,128,1024,256,0,0.0,0,0.0,53353,81.410217,11924,18.19458,259,0.395203,True,259,0.395203,65536
2601,Class_II_C158F3x5000,II,train,256,0,256,0,0.0,0,0.0,50563,77.153015,14500,22.125244,473,0.721741,True,473,0.721741,65536
2602,Class_II_C158F3x5000,II,train,256,128,256,0,0.0,0,0.0,51277,78.242493,13977,21.327209,282,0.430298,True,282,0.430298,65536
2603,Class_II_C158F3x5000,II,train,256,256,256,0,0.0,0,0.0,53338,81.387329,11975,18.2724,223,0.340271,True,223,0.340271,65536
2604,Class_II_C158F3x5000,II,train,256,384,256,0,0.0,0,0.0,52521,80.140686,12605,19.233704,410,0.62561,True,410,0.62561,65536
2605,Class_II_C158F3x5000,II,train,256,512,256,0,0.0,0,0.0,54117,82.575989,11019,16.81366,400,0.610352,True,400,0.610352,65536
2606,Class_II_C158F3x5000,II,train,256,640,256,0,0.0,0,0.0,54173,82.661438,10905,16.639709,458,0.698853,True,458,0.698853,65536
2607,Class_II_C158F3x5000,II,train,256,768,256,0,0.0,0,0.0,50644,77.276611,14458,22.061157,434,0.662231,True,434,0.662231,65536
2608,Class_II_C158F3x5000,II,train,256,896,256,0,0.0,0,0.0,51099,77.970886,14171,21.62323,266,0.405884,True,266,0.405884,65536
2609,Class_II_C158F3x5000,II,train,256,1024,256,0,0.0,0,0.0,52774,80.526733,12485,19.050598,277,0.422668,True,277,0.422668,65536
2610,Class_II_C158F3x5000,II,train,384,0,256,0,0.0,0,0.0,54478,83.126831,10887,16.612244,171,0.260925,True,171,0.260925,65536
2611,Class_II_C158F3x5000,II,train,384,128,256,0,0.0,0,0.0,55687,84.971619,9570,14.602661,279,0.42572,True,279,0.42572,65536
2612,Class_II_C158F3x5000,II,train,384,256,256,0,0.0,0,0.0,53591,81.773376,11611,17.71698,334,0.509644,True,334,0.509644,65536
2613,Class_II_C158F3x5000,II,train,384,384,256,0,0.0,0,0.0,50736,77.416992,14531,22.172546,269,0.410461,True,269,0.410461,65536
2614,Class_II_C158F3x5000,II,train,384,512,256,0,0.0,0,0.0,51714,78.909302,13472,20.556641,350,0.534058,True,350,0.534058,65536
2615,Class_II_C158F3x5000,II,train,384,640,256,0,0.0,0,0.0,50493,77.046204,14613,22.297668,430,0.656128,True,430,0.656128,65536
2616,Class_II_C158F3x5000,II,train,384,768,256,0,0.0,0,0.0,47888,73.071289,17365,26.496887,283,0.431824,True,283,0.431824,65536
2617,Class_II_C158F3x5000,II,train,384,896,256,0,0.0,0,0.0,50971,77.775574,14367,21.922302,198,0.302124,True,198,0.302124,65536
2618,Class_II_C158F3x5000,II,train,384,1024,256,0,0.0,0,0.0,53117,81.05011,12195,18.608093,224,0.341797,True,224,0.341797,65536
2619,Class_II_C158F3x5000,II,train,512,0,256,0,0.0,0,0.0,53905,82.252502,11466,17.495728,165,0.25177,True,165,0.25177,65536
2620,Class_II_C158F3x5000,II,train,512,128,256,0,0.0,0,0.0,54784,83.59375,10379,15.837097,373,0.569153,True,373,0.569153,65536
2621,Class_II_C158F3x5000,II,train,512,256,256,0,0.0,0,0.0,53669,81.892395,11557,17.634583,310,0.473022,True,310,0.473022,65536
2622,Class_II_C158F3x5000,II,train,512,384,256,0,0.0,0,0.0,51924,79.229736,13441,20.509338,171,0.260925,True,171,0.260925,65536
2623,Class_II_C158F3x5000,II,train,512,512,256,0,0.0,0,0.0,51271,78.233337,13990,21.347046,275,0.419617,True,275,0.419617,65536
2624,Class_II_C158F3x5000,II,train,512,640,256,0,0.0,0,0.0,50343,76.817322,14947,22.807312,246,0.375366,True,246,0.375366,65536
2625,Class_II_C158F3x5000,II,train,512,768,256,0,0.0,0,0.0,49139,74.980164,16182,24.691772,215,0.328064,True,215,0.328064,65536
2626,Class_II_C158F3x5000,II,train,512,896,256,0,0.0,0,0.0,50227,76.64032,15082,23.013306,227,0.346375,True,227,0.346375,65536
2627,Class_II_C158F3x5000,II,train,512,1024,256,0,0.0,0,0.0,52527,80.149841,12865,19.630432,144,0.219727,True,144,0.219727,65536
2628,Class_II_C158F3x5000,II,train,640,0,256,0,0.0,0,0.0,54423,83.042908,10870,16.586304,243,0.370789,True,243,0.370789,65536
2629,Class_II_C158F3x5000,II,train,640,128,256,0,0.0,0,0.0,56262,85.848999,9038,13.790894,236,0.360107,True,236,0.360107,65536
2630,Class_II_C158F3x5000,II,train,640,256,256,0,0.0,0,0.0,55721,85.023499,9648,14.72168,167,0.254822,True,167,0.254822,65536
2631,Class_II_C158F3x5000,II,train,640,384,256,0,0.0,0,0.0,55319,84.410095,10101,15.412903,116,0.177002,True,116,0.177002,65536
2632,Class_II_C158F3x5000,II,train,640,512,256,0,0.0,0,0.0,54157,82.637024,11265,17.189026,114,0.17395,True,114,0.17395,65536
2633,Class_II_C158F3x5000,II,train,640,640,256,0,0.0,0,0.0,53216,81.201172,12190,18.600464,130,0.198364,True,130,0.198364,65536
2634,Class_II_C158F3x5000,II,train,640,768,256,0,0.0,0,0.0,52232,79.699707,13083,19.963074,221,0.337219,True,221,0.337219,65536
2635,Class_II_C158F3x5000,II,train,640,896,256,0,0.0,0,0.0,50395,76.896667,14922,22.769165,219,0.334167,True,219,0.334167,65536
2636,Class_II_C158F3x5000,II,train,640,1024,256,0,0.0,0,0.0,51505,78.590393,13916,21.234131,115,0.175476,True,115,0.175476,65536
2637,Class_II_C158F3x5000,II,train,703,0,256,0,0.0,0,0.0,55442,84.597778,9894,15.097046,200,0.305176,True,200,0.305176,65536
2638,Class_II_C158F3x5000,II,train,703,128,256,0,0.0,0,0.0,54535,83.213806,10829,16.523743,172,0.262451,True,172,0.262451,65536
2639,Class_II_C158F3x5000,II,train,703,256,256,0,0.0,0,0.0,53069,80.976868,12306,18.777466,161,0.245667,True,161,0.245667,65536
2640,Class_II_C158F3x5000,II,train,703,384,256,0,0.0,0,0.0,54407,83.018494,10966,16.732788,163,0.248718,True,163,0.248718,65536
2641,Class_II_C158F3x5000,II,train,703,512,256,0,0.0,0,0.0,53846,82.162476,11505,17.555237,185,0.282288,True,185,0.282288,65536
2642,Class_II_C158F3x5000,II,train,703,640,256,0,0.0,0,0.0,51501,78.58429,13761,20.99762,274,0.418091,True,274,0.418091,65536
2643,Class_II_C158F3x5000,II,train,703,768,256,0,0.0,0,0.0,51332,78.326416,13909,21.22345,295,0.450134,True,295,0.450134,65536
2644,Class_II_C158F3x5000,II,train,703,896,256,0,0.0,0,0.0,50738,77.420044,14649,22.3526,149,0.227356,True,149,0.227356,65536
2645,Class_II_C158F3x5000,II,train,703,1024,256,0,0.0,0,0.0,51416,78.45459,14059,21.452332,61,0.093079,True,61,0.093079,65536
2646,Class_II_C158F4x10000,II,val,0,0,256,0,0.0,0,0.0,48467,73.954773,16733,25.532532,336,0.512695,True,336,0.512695,65536
2647,Class_II_C158F4x10000,II,val,0,128,256,0,0.0,0,0.0,52864,80.664062,12566,19.174194,106,0.161743,True,106,0.161743,65536
2648,Class_II_C158F4x10000,II,val,0,256,256,0,0.0,0,0.0,57193,87.269592,8145,12.428284,198,0.302124,True,198,0.302124,65536
2649,Class_II_C158F4x10000,II,val,0,384,256,0,0.0,0,0.0,54357,82.9422,10884,16.607666,295,0.450134,True,295,0.450134,65536
2650,Class_II_C158F4x10000,II,val,0,512,256,0,0.0,0,0.0,54058,82.485962,11352,17.321777,126,0.192261,True,126,0.192261,65536
2651,Class_II_C158F4x10000,II,val,0,640,256,0,0.0,0,0.0,55002,83.926392,10194,15.55481,340,0.518799,True,340,0.518799,65536
2652,Class_II_C158F4x10000,II,val,0,768,256,0,0.0,0,0.0,53914,82.266235,11207,17.100525,415,0.63324,True,415,0.63324,65536
2653,Class_II_C158F4x10000,II,val,0,896,256,0,0.0,0,0.0,52566,80.209351,12511,19.090271,459,0.700378,True,459,0.700378,65536
2654,Class_II_C158F4x10000,II,val,0,1024,256,0,0.0,0,0.0,53615,81.809998,11397,17.390442,524,0.799561,True,524,0.799561,65536
2655,Class_II_C158F4x10000,II,val,128,0,256,0,0.0,0,0.0,52546,80.178833,12652,19.30542,338,0.515747,True,338,0.515747,65536
2656,Class_II_C158F4x10000,II,val,128,128,256,0,0.0,0,0.0,54321,82.887268,11136,16.992188,79,0.120544,True,79,0.120544,65536
2657,Class_II_C158F4x10000,II,val,128,256,256,0,0.0,0,0.0,57980,88.470459,7431,11.338806,125,0.190735,True,125,0.190735,65536
2658,Class_II_C158F4x10000,II,val,128,384,256,0,0.0,0,0.0,53451,81.559753,11748,17.926025,337,0.514221,True,337,0.514221,65536
2659,Class_II_C158F4x10000,II,val,128,512,256,0,0.0,0,0.0,52402,79.959106,12922,19.717407,212,0.323486,True,212,0.323486,65536
2660,Class_II_C158F4x10000,II,val,128,640,256,0,0.0,0,0.0,52050,79.421997,13130,20.03479,356,0.543213,True,356,0.543213,65536
2661,Class_II_C158F4x10000,II,val,128,768,256,0,0.0,0,0.0,54954,83.853149,10200,15.563965,382,0.582886,True,382,0.582886,65536
2662,Class_II_C158F4x10000,II,val,128,896,256,0,0.0,0,0.0,56435,86.112976,8724,13.311768,377,0.575256,True,377,0.575256,65536
2663,Class_II_C158F4x10000,II,val,128,1024,256,0,0.0,0,0.0,54945,83.839417,10240,15.625,351,0.535583,True,351,0.535583,65536
2664,Class_II_C158F4x10000,II,val,256,0,256,0,0.0,0,0.0,56276,85.870361,9091,13.871765,169,0.257874,True,169,0.257874,65536
2665,Class_II_C158F4x10000,II,val,256,128,256,0,0.0,0,0.0,54117,82.575989,11244,17.156982,175,0.267029,True,175,0.267029,65536
2666,Class_II_C158F4x10000,II,val,256,256,256,0,0.0,0,0.0,53704,81.945801,11753,17.933655,79,0.120544,True,79,0.120544,65536
2667,Class_II_C158F4x10000,II,val,256,384,256,0,0.0,0,0.0,51854,79.122925,13397,20.4422,285,0.434875,True,285,0.434875,65536
2668,Class_II_C158F4x10000,II,val,256,512,256,0,0.0,0,0.0,55358,84.469604,9966,15.206909,212,0.323486,True,212,0.323486,65536
2669,Class_II_C158F4x10000,II,val,256,640,256,0,0.0,0,0.0,56075,85.56366,9290,14.175415,171,0.260925,True,171,0.260925,65536
2670,Class_II_C158F4x10000,II,val,256,768,256,0,0.0,0,0.0,56349,85.98175,8971,13.68866,216,0.32959,True,216,0.32959,65536
2671,Class_II_C158F4x10000,II,val,256,896,256,0,0.0,0,0.0,56809,86.683655,8635,13.175964,92,0.140381,True,92,0.140381,65536
2672,Class_II_C158F4x10000,II,val,256,1024,256,0,0.0,0,0.0,53244,81.243896,12245,18.684387,47,0.071716,True,47,0.071716,65536
2673,Class_II_C158F4x10000,II,val,384,0,256,0,0.0,0,0.0,49174,75.033569,16069,24.519348,293,0.447083,True,293,0.447083,65536
2674,Class_II_C158F4x10000,II,val,384,128,256,0,0.0,0,0.0,51862,79.135132,13340,20.355225,334,0.509644,True,334,0.509644,65536
2675,Class_II_C158F4x10000,II,val,384,256,256,0,0.0,0,0.0,52202,79.653931,13186,20.120239,148,0.22583,True,148,0.22583,65536
2676,Class_II_C158F4x10000,II,val,384,384,256,0,0.0,0,0.0,56320,85.9375,9216,14.0625,0,0.0,False,0,0.0,65536
2677,Class_II_C158F4x10000,II,val,384,512,256,0,0.0,0,0.0,59305,90.492249,6231,9.507751,0,0.0,False,0,0.0,65536
2678,Class_II_C158F4x10000,II,val,384,640,256,0,0.0,0,0.0,58659,89.506531,6736,10.27832,141,0.215149,True,141,0.215149,65536
2679,Class_II_C158F4x10000,II,val,384,768,256,0,0.0,0,0.0,60822,92.807007,4554,6.948853,160,0.244141,True,160,0.244141,65536
2680,Class_II_C158F4x10000,II,val,384,896,256,0,0.0,0,0.0,58050,88.577271,7332,11.187744,154,0.234985,True,154,0.234985,65536
2681,Class_II_C158F4x10000,II,val,384,1024,256,0,0.0,0,0.0,51757,78.974915,13614,20.773315,165,0.25177,True,165,0.25177,65536
2682,Class_II_C158F4x10000,II,val,512,0,256,0,0.0,0,0.0,44210,67.459106,21088,32.177734,238,0.363159,True,238,0.363159,65536
2683,Class_II_C158F4x10000,II,val,512,128,256,0,0.0,0,0.0,51392,78.417969,13867,21.159363,277,0.422668,True,277,0.422668,65536
2684,Class_II_C158F4x10000,II,val,512,256,256,0,0.0,0,0.0,55481,84.657288,9798,14.950562,257,0.392151,True,257,0.392151,65536
2685,Class_II_C158F4x10000,II,val,512,384,256,0,0.0,0,0.0,60514,92.337036,4934,7.528687,88,0.134277,True,88,0.134277,65536
2686,Class_II_C158F4x10000,II,val,512,512,256,0,0.0,0,0.0,56447,86.131287,8700,13.275146,389,0.593567,True,389,0.593567,65536
2687,Class_II_C158F4x10000,II,val,512,640,256,0,0.0,0,0.0,53945,82.313538,11138,16.995239,453,0.691223,True,453,0.691223,65536
2688,Class_II_C158F4x10000,II,val,512,768,256,0,0.0,0,0.0,59811,91.264343,5577,8.509827,148,0.22583,True,148,0.22583,65536
2689,Class_II_C158F4x10000,II,val,512,896,256,0,0.0,0,0.0,58530,89.309692,6745,10.292053,261,0.398254,True,261,0.398254,65536
2690,Class_II_C158F4x10000,II,val,512,1024,256,0,0.0,0,0.0,55775,85.105896,9451,14.421082,310,0.473022,True,310,0.473022,65536
2691,Class_II_C158F4x10000,II,val,640,0,256,0,0.0,0,0.0,52153,79.579163,13289,20.277405,94,0.143433,True,94,0.143433,65536
2692,Class_II_C158F4x10000,II,val,640,128,256,0,0.0,0,0.0,54178,82.669067,11260,17.181396,98,0.149536,True,98,0.149536,65536
2693,Class_II_C158F4x10000,II,val,640,256,256,0,0.0,0,0.0,53952,82.324219,11373,17.353821,211,0.32196,True,211,0.32196,65536
2694,Class_II_C158F4x10000,II,val,640,384,256,0,0.0,0,0.0,56710,86.532593,8619,13.15155,207,0.315857,True,207,0.315857,65536
2695,Class_II_C158F4x10000,II,val,640,512,256,0,0.0,0,0.0,56651,86.442566,8438,12.875366,447,0.682068,True,447,0.682068,65536
2696,Class_II_C158F4x10000,II,val,640,640,256,0,0.0,0,0.0,55736,85.046387,9312,14.208984,488,0.744629,True,488,0.744629,65536
2697,Class_II_C158F4x10000,II,val,640,768,256,0,0.0,0,0.0,58527,89.305115,6740,10.284424,269,0.410461,True,269,0.410461,65536
2698,Class_II_C158F4x10000,II,val,640,896,256,0,0.0,0,0.0,57239,87.339783,7970,12.161255,327,0.498962,True,327,0.498962,65536
2699,Class_II_C158F4x10000,II,val,640,1024,256,0,0.0,0,0.0,54511,83.177185,10800,16.479492,225,0.343323,True,225,0.343323,65536
2700,Class_II_C158F4x10000,II,val,703,0,256,0,0.0,0,0.0,55860,85.235596,9579,14.616394,97,0.14801,True,97,0.14801,65536
2701,Class_II_C158F4x10000,II,val,703,128,256,0,0.0,0,0.0,56445,86.128235,9048,13.806152,43,0.065613,True,43,0.065613,65536
2702,Class_II_C158F4x10000,II,val,703,256,256,0,0.0,0,0.0,53768,82.043457,11629,17.744446,139,0.212097,True,139,0.212097,65536
2703,Class_II_C158F4x10000,II,val,703,384,256,0,0.0,0,0.0,55983,85.423279,9390,14.328003,163,0.248718,True,163,0.248718,65536
2704,Class_II_C158F4x10000,II,val,703,512,256,0,0.0,0,0.0,58288,88.94043,7146,10.903931,102,0.15564,True,102,0.15564,65536
2705,Class_II_C158F4x10000,II,val,703,640,256,0,0.0,0,0.0,59008,90.039062,6493,9.907532,35,0.053406,True,35,0.053406,65536
2706,Class_II_C158F4x10000,II,val,703,768,256,0,0.0,0,0.0,60702,92.623901,4713,7.191467,121,0.184631,True,121,0.184631,65536
2707,Class_II_C158F4x10000,II,val,703,896,256,0,0.0,0,0.0,55582,84.811401,9443,14.408875,511,0.779724,True,511,0.779724,65536
2708,Class_II_C158F4x10000,II,val,703,1024,256,0,0.0,0,0.0,52051,79.423523,12946,19.754028,539,0.822449,True,539,0.822449,65536
2709,Class_II_C158F4x10000_2,II,val,0,0,256,0,0.0,0,0.0,56395,86.051941,8684,13.250732,457,0.697327,True,457,0.697327,65536
2710,Class_II_C158F4x10000_2,II,val,0,128,256,0,0.0,0,0.0,57361,87.52594,8046,12.277222,129,0.196838,True,129,0.196838,65536
2711,Class_II_C158F4x10000_2,II,val,0,256,256,0,0.0,0,0.0,52994,80.862427,12326,18.807983,216,0.32959,True,216,0.32959,65536
2712,Class_II_C158F4x10000_2,II,val,0,384,256,0,0.0,0,0.0,48358,73.788452,16651,25.40741,527,0.804138,True,527,0.804138,65536
2713,Class_II_C158F4x10000_2,II,val,0,512,256,0,0.0,0,0.0,50971,77.775574,13781,21.028137,784,1.196289,True,784,1.196289,65536
2714,Class_II_C158F4x10000_2,II,val,0,640,256,0,0.0,0,0.0,56669,86.470032,8443,12.882996,424,0.646973,True,424,0.646973,65536
2715,Class_II_C158F4x10000_2,II,val,0,768,256,0,0.0,0,0.0,57707,88.053894,7785,11.878967,44,0.067139,True,44,0.067139,65536
2716,Class_II_C158F4x10000_2,II,val,0,896,256,0,0.0,0,0.0,55419,84.562683,9838,15.011597,279,0.42572,True,279,0.42572,65536
2717,Class_II_C158F4x10000_2,II,val,0,1024,256,0,0.0,0,0.0,52512,80.126953,12407,18.93158,617,0.941467,True,617,0.941467,65536
2718,Class_II_C158F4x10000_2,II,val,128,0,256,0,0.0,0,0.0,53225,81.214905,11761,17.945862,550,0.839233,True,550,0.839233,65536
2719,Class_II_C158F4x10000_2,II,val,128,128,256,0,0.0,0,0.0,58288,88.94043,7135,10.887146,113,0.172424,True,113,0.172424,65536
2720,Class_II_C158F4x10000_2,II,val,128,256,256,0,0.0,0,0.0,56048,85.522461,9341,14.253235,147,0.224304,True,147,0.224304,65536
2721,Class_II_C158F4x10000_2,II,val,128,384,256,0,0.0,0,0.0,46210,70.510864,18836,28.741455,490,0.747681,True,490,0.747681,65536
2722,Class_II_C158F4x10000_2,II,val,128,512,256,0,0.0,0,0.0,47576,72.595215,17525,26.741028,435,0.663757,True,435,0.663757,65536
2723,Class_II_C158F4x10000_2,II,val,128,640,256,0,0.0,0,0.0,59045,90.09552,6350,9.689331,141,0.215149,True,141,0.215149,65536
2724,Class_II_C158F4x10000_2,II,val,128,768,256,0,0.0,0,0.0,63203,96.440125,2240,3.417969,93,0.141907,True,93,0.141907,65536
2725,Class_II_C158F4x10000_2,II,val,128,896,256,0,0.0,0,0.0,55314,84.402466,9882,15.078735,340,0.518799,True,340,0.518799,65536
2726,Class_II_C158F4x10000_2,II,val,128,1024,256,0,0.0,0,0.0,51280,78.24707,13912,21.228027,344,0.524902,True,344,0.524902,65536
2727,Class_II_C158F4x10000_2,II,val,256,0,256,0,0.0,0,0.0,50739,77.42157,14234,21.71936,563,0.85907,True,563,0.85907,65536
2728,Class_II_C158F4x10000_2,II,val,256,128,256,0,0.0,0,0.0,58624,89.453125,6701,10.224915,211,0.32196,True,211,0.32196,65536
2729,Class_II_C158F4x10000_2,II,val,256,256,256,0,0.0,0,0.0,55483,84.660339,9842,15.0177,211,0.32196,True,211,0.32196,65536
2730,Class_II_C158F4x10000_2,II,val,256,384,256,0,0.0,0,0.0,49884,76.116943,15233,23.243713,419,0.639343,True,419,0.639343,65536
2731,Class_II_C158F4x10000_2,II,val,256,512,256,0,0.0,0,0.0,48885,74.59259,16443,25.090027,208,0.317383,True,208,0.317383,65536
2732,Class_II_C158F4x10000_2,II,val,256,640,256,0,0.0,0,0.0,53132,81.072998,12284,18.743896,120,0.183105,True,120,0.183105,65536
2733,Class_II_C158F4x10000_2,II,val,256,768,256,0,0.0,0,0.0,58820,89.752197,6596,10.064697,120,0.183105,True,120,0.183105,65536
2734,Class_II_C158F4x10000_2,II,val,256,896,256,0,0.0,0,0.0,54668,83.416748,10572,16.131592,296,0.45166,True,296,0.45166,65536
2735,Class_II_C158F4x10000_2,II,val,256,1024,256,0,0.0,0,0.0,52426,79.995728,12814,19.552612,296,0.45166,True,296,0.45166,65536
2736,Class_II_C158F4x10000_2,II,val,384,0,256,0,0.0,0,0.0,54381,82.978821,10615,16.197205,540,0.823975,True,540,0.823975,65536
2737,Class_II_C158F4x10000_2,II,val,384,128,256,0,0.0,0,0.0,56639,86.424255,8434,12.869263,463,0.706482,True,463,0.706482,65536
2738,Class_II_C158F4x10000_2,II,val,384,256,256,0,0.0,0,0.0,53101,81.025696,12112,18.481445,323,0.492859,True,323,0.492859,65536
2739,Class_II_C158F4x10000_2,II,val,384,384,256,0,0.0,0,0.0,54754,83.547974,10501,16.023254,281,0.428772,True,281,0.428772,65536
2740,Class_II_C158F4x10000_2,II,val,384,512,256,0,0.0,0,0.0,54395,83.000183,11080,16.906738,61,0.093079,True,61,0.093079,65536
2741,Class_II_C158F4x10000_2,II,val,384,640,256,0,0.0,0,0.0,50541,77.119446,14924,22.772217,71,0.108337,True,71,0.108337,65536
2742,Class_II_C158F4x10000_2,II,val,384,768,256,0,0.0,0,0.0,55185,84.205627,10269,15.66925,82,0.125122,True,82,0.125122,65536
2743,Class_II_C158F4x10000_2,II,val,384,896,256,0,0.0,0,0.0,59510,90.805054,6015,9.178162,11,0.016785,True,11,0.016785,65536
2744,Class_II_C158F4x10000_2,II,val,384,1024,256,0,0.0,0,0.0,56702,86.520386,8662,13.217163,172,0.262451,True,172,0.262451,65536
2745,Class_II_C158F4x10000_2,II,val,512,0,256,0,0.0,0,0.0,52854,80.648804,12129,18.507385,553,0.843811,True,553,0.843811,65536
2746,Class_II_C158F4x10000_2,II,val,512,128,256,0,0.0,0,0.0,54227,82.743835,10653,16.255188,656,1.000977,True,656,1.000977,65536
2747,Class_II_C158F4x10000_2,II,val,512,256,256,0,0.0,0,0.0,58474,89.224243,6749,10.298157,313,0.4776,True,313,0.4776,65536
2748,Class_II_C158F4x10000_2,II,val,512,384,256,0,0.0,0,0.0,57123,87.162781,8145,12.428284,268,0.408936,True,268,0.408936,65536
2749,Class_II_C158F4x10000_2,II,val,512,512,256,0,0.0,0,0.0,57004,86.981201,8474,12.930298,58,0.088501,True,58,0.088501,65536
2750,Class_II_C158F4x10000_2,II,val,512,640,256,0,0.0,0,0.0,57441,87.64801,8074,12.319946,21,0.032043,True,21,0.032043,65536
2751,Class_II_C158F4x10000_2,II,val,512,768,256,0,0.0,0,0.0,58338,89.016724,7092,10.821533,106,0.161743,True,106,0.161743,65536
2752,Class_II_C158F4x10000_2,II,val,512,896,256,0,0.0,0,0.0,61165,93.330383,4140,6.317139,231,0.352478,True,231,0.352478,65536
2753,Class_II_C158F4x10000_2,II,val,512,1024,256,0,0.0,0,0.0,59361,90.577698,5855,8.934021,320,0.488281,True,320,0.488281,65536
2754,Class_II_C158F4x10000_2,II,val,640,0,256,0,0.0,0,0.0,54216,82.727051,10956,16.717529,364,0.55542,True,364,0.55542,65536
2755,Class_II_C158F4x10000_2,II,val,640,128,256,0,0.0,0,0.0,57281,87.40387,7914,12.075806,341,0.520325,True,341,0.520325,65536
2756,Class_II_C158F4x10000_2,II,val,640,256,256,0,0.0,0,0.0,62121,94.789124,3188,4.864502,227,0.346375,True,227,0.346375,65536
2757,Class_II_C158F4x10000_2,II,val,640,384,256,0,0.0,0,0.0,56167,85.704041,8878,13.546753,491,0.749207,True,491,0.749207,65536
2758,Class_II_C158F4x10000_2,II,val,640,512,256,0,0.0,0,0.0,54035,82.450867,11107,16.947937,394,0.601196,True,394,0.601196,65536
2759,Class_II_C158F4x10000_2,II,val,640,640,256,0,0.0,0,0.0,59601,90.943909,5784,8.825684,151,0.230408,True,151,0.230408,65536
2760,Class_II_C158F4x10000_2,II,val,640,768,256,0,0.0,0,0.0,59394,90.628052,6014,9.176636,128,0.195312,True,128,0.195312,65536
2761,Class_II_C158F4x10000_2,II,val,640,896,256,0,0.0,0,0.0,56659,86.454773,8624,13.15918,253,0.386047,True,253,0.386047,65536
2762,Class_II_C158F4x10000_2,II,val,640,1024,256,0,0.0,0,0.0,58223,88.841248,7157,10.920715,156,0.238037,True,156,0.238037,65536
2763,Class_II_C158F4x10000_2,II,val,703,0,256,0,0.0,0,0.0,56453,86.140442,8719,13.304138,364,0.55542,True,364,0.55542,65536
2764,Class_II_C158F4x10000_2,II,val,703,128,256,0,0.0,0,0.0,57481,87.709045,7714,11.77063,341,0.520325,True,341,0.520325,65536
2765,Class_II_C158F4x10000_2,II,val,703,256,256,0,0.0,0,0.0,59936,91.455078,5415,8.262634,185,0.282288,True,185,0.282288,65536
2766,Class_II_C158F4x10000_2,II,val,703,384,256,0,0.0,0,0.0,54179,82.670593,10784,16.455078,573,0.874329,True,573,0.874329,65536
2767,Class_II_C158F4x10000_2,II,val,703,512,256,0,0.0,0,0.0,53340,81.390381,11678,17.819214,518,0.790405,True,518,0.790405,65536
2768,Class_II_C158F4x10000_2,II,val,703,640,256,0,0.0,0,0.0,58046,88.571167,7339,11.198425,151,0.230408,True,151,0.230408,65536
2769,Class_II_C158F4x10000_2,II,val,703,768,256,0,0.0,0,0.0,58881,89.845276,6601,10.072327,54,0.082397,True,54,0.082397,65536
2770,Class_II_C158F4x10000_2,II,val,703,896,256,0,0.0,0,0.0,58588,89.398193,6915,10.551453,33,0.050354,True,33,0.050354,65536
2771,Class_II_C158F4x10000_2,II,val,703,1024,256,0,0.0,0,0.0,60781,92.744446,4747,7.243347,8,0.012207,True,8,0.012207,65536
2772,Class_II_C158F4x10000_3,II,test,0,0,256,0,0.0,0,0.0,58485,89.241028,6711,10.240173,340,0.518799,True,340,0.518799,65536
2773,Class_II_C158F4x10000_3,II,test,0,128,256,0,0.0,0,0.0,55500,84.686279,9358,14.279175,678,1.034546,True,678,1.034546,65536
2774,Class_II_C158F4x10000_3,II,test,0,256,256,0,0.0,0,0.0,55490,84.671021,9520,14.526367,526,0.802612,True,526,0.802612,65536
2775,Class_II_C158F4x10000_3,II,test,0,384,256,0,0.0,0,0.0,58131,88.700867,7346,11.209106,59,0.090027,True,59,0.090027,65536
2776,Class_II_C158F4x10000_3,II,test,0,512,256,0,0.0,0,0.0,53129,81.06842,12217,18.641663,190,0.289917,True,190,0.289917,65536
2777,Class_II_C158F4x10000_3,II,test,0,640,256,0,0.0,0,0.0,51976,79.309082,13361,20.387268,199,0.30365,True,199,0.30365,65536
2778,Class_II_C158F4x10000_3,II,test,0,768,256,0,0.0,0,0.0,57000,86.975098,8468,12.921143,68,0.10376,True,68,0.10376,65536
2779,Class_II_C158F4x10000_3,II,test,0,896,256,0,0.0,0,0.0,58526,89.303589,6816,10.400391,194,0.296021,True,194,0.296021,65536
2780,Class_II_C158F4x10000_3,II,test,0,1024,256,0,0.0,0,0.0,55197,84.223938,10088,15.393066,251,0.382996,True,251,0.382996,65536
2781,Class_II_C158F4x10000_3,II,test,128,0,256,0,0.0,0,0.0,58549,89.338684,6647,10.142517,340,0.518799,True,340,0.518799,65536
2782,Class_II_C158F4x10000_3,II,test,128,128,256,0,0.0,0,0.0,57612,87.908936,7476,11.407471,448,0.683594,True,448,0.683594,65536
2783,Class_II_C158F4x10000_3,II,test,128,256,256,0,0.0,0,0.0,58306,88.967896,6934,10.580444,296,0.45166,True,296,0.45166,65536
2784,Class_II_C158F4x10000_3,II,test,128,384,256,0,0.0,0,0.0,59323,90.519714,6000,9.155273,213,0.325012,True,213,0.325012,65536
2785,Class_II_C158F4x10000_3,II,test,128,512,256,0,0.0,0,0.0,57846,88.265991,7425,11.329651,265,0.404358,True,265,0.404358,65536
2786,Class_II_C158F4x10000_3,II,test,128,640,256,0,0.0,0,0.0,58031,88.548279,7385,11.268616,120,0.183105,True,120,0.183105,65536
2787,Class_II_C158F4x10000_3,II,test,128,768,256,0,0.0,0,0.0,57293,87.42218,8175,12.47406,68,0.10376,True,68,0.10376,65536
2788,Class_II_C158F4x10000_3,II,test,128,896,256,0,0.0,0,0.0,56280,85.876465,9040,13.793945,216,0.32959,True,216,0.32959,65536
2789,Class_II_C158F4x10000_3,II,test,128,1024,256,0,0.0,0,0.0,53830,82.138062,11490,17.532349,216,0.32959,True,216,0.32959,65536
2790,Class_II_C158F4x10000_3,II,test,256,0,256,0,0.0,0,0.0,58982,89.99939,6289,9.596252,265,0.404358,True,265,0.404358,65536
2791,Class_II_C158F4x10000_3,II,test,256,128,256,0,0.0,0,0.0,56958,86.911011,8212,12.530518,366,0.558472,True,366,0.558472,65536
2792,Class_II_C158F4x10000_3,II,test,256,256,256,0,0.0,0,0.0,56282,85.879517,9073,13.844299,181,0.276184,True,181,0.276184,65536
2793,Class_II_C158F4x10000_3,II,test,256,384,256,0,0.0,0,0.0,55892,85.284424,9431,14.390564,213,0.325012,True,213,0.325012,65536
2794,Class_II_C158F4x10000_3,II,test,256,512,256,0,0.0,0,0.0,56760,86.608887,8563,13.066101,213,0.325012,True,213,0.325012,65536
2795,Class_II_C158F4x10000_3,II,test,256,640,256,0,0.0,0,0.0,57514,87.759399,8022,12.240601,0,0.0,False,0,0.0,65536
2796,Class_II_C158F4x10000_3,II,test,256,768,256,0,0.0,0,0.0,55688,84.973145,9782,14.926147,66,0.100708,True,66,0.100708,65536
2797,Class_II_C158F4x10000_3,II,test,256,896,256,0,0.0,0,0.0,56849,86.74469,8599,13.121033,88,0.134277,True,88,0.134277,65536
2798,Class_II_C158F4x10000_3,II,test,256,1024,256,0,0.0,0,0.0,57338,87.490845,8132,12.408447,66,0.100708,True,66,0.100708,65536
2799,Class_II_C158F4x10000_3,II,test,384,0,256,0,0.0,0,0.0,54549,83.235168,10722,16.360474,265,0.404358,True,265,0.404358,65536
2800,Class_II_C158F4x10000_3,II,test,384,128,256,0,0.0,0,0.0,57328,87.475586,7890,12.039185,318,0.485229,True,318,0.485229,65536
2801,Class_II_C158F4x10000_3,II,test,384,256,256,0,0.0,0,0.0,55879,85.264587,9524,14.532471,133,0.202942,True,133,0.202942,65536
2802,Class_II_C158F4x10000_3,II,test,384,384,256,0,0.0,0,0.0,52214,79.672241,13322,20.327759,0,0.0,False,0,0.0,65536
2803,Class_II_C158F4x10000_3,II,test,384,512,256,0,0.0,0,0.0,55132,84.124756,10404,15.875244,0,0.0,False,0,0.0,65536
2804,Class_II_C158F4x10000_3,II,test,384,640,256,0,0.0,0,0.0,55484,84.661865,10052,15.338135,0,0.0,False,0,0.0,65536
2805,Class_II_C158F4x10000_3,II,test,384,768,256,0,0.0,0,0.0,54466,83.108521,10966,16.732788,104,0.158691,True,104,0.158691,65536
2806,Class_II_C158F4x10000_3,II,test,384,896,256,0,0.0,0,0.0,56393,86.048889,8908,13.592529,235,0.358582,True,235,0.358582,65536
2807,Class_II_C158F4x10000_3,II,test,384,1024,256,0,0.0,0,0.0,53909,82.258606,11402,17.398071,225,0.343323,True,225,0.343323,65536
2808,Class_II_C158F4x10000_3,II,test,512,0,256,0,0.0,0,0.0,54103,82.554626,11338,17.300415,95,0.144958,True,95,0.144958,65536
2809,Class_II_C158F4x10000_3,II,test,512,128,256,0,0.0,0,0.0,56189,85.73761,9347,14.26239,0,0.0,False,0,0.0,65536
2810,Class_II_C158F4x10000_3,II,test,512,256,256,0,0.0,0,0.0,56591,86.351013,8945,13.648987,0,0.0,False,0,0.0,65536
2811,Class_II_C158F4x10000_3,II,test,512,384,256,0,0.0,0,0.0,52851,80.644226,12393,18.910217,292,0.445557,True,292,0.445557,65536
2812,Class_II_C158F4x10000_3,II,test,512,512,256,0,0.0,0,0.0,56023,85.484314,9221,14.070129,292,0.445557,True,292,0.445557,65536
2813,Class_II_C158F4x10000_3,II,test,512,640,256,0,0.0,0,0.0,59067,90.129089,6367,9.715271,102,0.15564,True,102,0.15564,65536
2814,Class_II_C158F4x10000_3,II,test,512,768,256,0,0.0,0,0.0,57542,87.802124,7724,11.785889,270,0.411987,True,270,0.411987,65536
2815,Class_II_C158F4x10000_3,II,test,512,896,256,0,0.0,0,0.0,56458,86.148071,8717,13.301086,361,0.550842,True,361,0.550842,65536
2816,Class_II_C158F4x10000_3,II,test,512,1024,256,0,0.0,0,0.0,51708,78.900146,13585,20.729065,243,0.370789,True,243,0.370789,65536
2817,Class_II_C158F4x10000_3,II,test,640,0,256,0,0.0,0,0.0,57075,87.089539,8366,12.765503,95,0.144958,True,95,0.144958,65536
2818,Class_II_C158F4x10000_3,II,test,640,128,256,0,0.0,0,0.0,55278,84.347534,10104,15.41748,154,0.234985,True,154,0.234985,65536
2819,Class_II_C158F4x10000_3,II,test,640,256,256,0,0.0,0,0.0,56752,86.59668,8616,13.146973,168,0.256348,True,168,0.256348,65536
2820,Class_II_C158F4x10000_3,II,test,640,384,256,0,0.0,0,0.0,55044,83.990479,10186,15.542603,306,0.466919,True,306,0.466919,65536
2821,Class_II_C158F4x10000_3,II,test,640,512,256,0,0.0,0,0.0,56657,86.451721,8569,13.075256,310,0.473022,True,310,0.473022,65536
2822,Class_II_C158F4x10000_3,II,test,640,640,256,0,0.0,0,0.0,57330,87.478638,8086,12.338257,120,0.183105,True,120,0.183105,65536
2823,Class_II_C158F4x10000_3,II,test,640,768,256,0,0.0,0,0.0,55041,83.985901,10112,15.429688,383,0.584412,True,383,0.584412,65536
2824,Class_II_C158F4x10000_3,II,test,640,896,256,0,0.0,0,0.0,57857,88.282776,7336,11.193848,343,0.523376,True,343,0.523376,65536
2825,Class_II_C158F4x10000_3,II,test,640,1024,256,0,0.0,0,0.0,58786,89.700317,6522,9.951782,228,0.3479,True,228,0.3479,65536
2826,Class_II_C158F4x10000_3,II,test,703,0,256,0,0.0,0,0.0,59033,90.077209,6408,9.777832,95,0.144958,True,95,0.144958,65536
2827,Class_II_C158F4x10000_3,II,test,703,128,256,0,0.0,0,0.0,54699,83.46405,10622,16.207886,215,0.328064,True,215,0.328064,65536
2828,Class_II_C158F4x10000_3,II,test,703,256,256,0,0.0,0,0.0,54568,83.26416,10739,16.386414,229,0.349426,True,229,0.349426,65536
2829,Class_II_C158F4x10000_3,II,test,703,384,256,0,0.0,0,0.0,54095,82.542419,11373,17.353821,68,0.10376,True,68,0.10376,65536
2830,Class_II_C158F4x10000_3,II,test,703,512,256,0,0.0,0,0.0,54729,83.509827,10735,16.38031,72,0.109863,True,72,0.109863,65536
2831,Class_II_C158F4x10000_3,II,test,703,640,256,0,0.0,0,0.0,56041,85.51178,9477,14.460754,18,0.027466,True,18,0.027466,65536
2832,Class_II_C158F4x10000_3,II,test,703,768,256,0,0.0,0,0.0,54129,82.594299,11126,16.976929,281,0.428772,True,281,0.428772,65536
2833,Class_II_C158F4x10000_3,II,test,703,896,256,0,0.0,0,0.0,56326,85.946655,8631,13.169861,579,0.883484,True,579,0.883484,65536
2834,Class_II_C158F4x10000_3,II,test,703,1024,256,0,0.0,0,0.0,59745,91.163635,5327,8.128357,464,0.708008,True,464,0.708008,65536
2835,Class_II_C26F3x10000,II,train,0,0,256,0,0.0,0,0.0,56154,85.684204,8926,13.619995,456,0.695801,True,456,0.695801,65536
2836,Class_II_C26F3x10000,II,train,0,128,256,0,0.0,0,0.0,56845,86.738586,8355,12.748718,336,0.512695,True,336,0.512695,65536
2837,Class_II_C26F3x10000,II,train,0,256,256,0,0.0,0,0.0,59065,90.126038,6381,9.736633,90,0.137329,True,90,0.137329,65536
2838,Class_II_C26F3x10000,II,train,0,384,256,0,0.0,0,0.0,54356,82.940674,10999,16.783142,181,0.276184,True,181,0.276184,65536
2839,Class_II_C26F3x10000,II,train,0,512,256,0,0.0,0,0.0,55031,83.970642,10339,15.776062,166,0.253296,True,166,0.253296,65536
2840,Class_II_C26F3x10000,II,train,0,640,256,0,0.0,0,0.0,58935,89.927673,6515,9.941101,86,0.131226,True,86,0.131226,65536
2841,Class_II_C26F3x10000,II,train,0,768,256,0,0.0,0,0.0,57730,88.088989,7709,11.763,97,0.14801,True,97,0.14801,65536
2842,Class_II_C26F3x10000,II,train,0,896,256,0,0.0,0,0.0,56439,86.11908,8962,13.674927,135,0.205994,True,135,0.205994,65536
2843,Class_II_C26F3x10000,II,train,0,1024,256,0,0.0,0,0.0,54683,83.439636,10681,16.297913,172,0.262451,True,172,0.262451,65536
2844,Class_II_C26F3x10000,II,train,128,0,256,0,0.0,0,0.0,59339,90.544128,6068,9.259033,129,0.196838,True,129,0.196838,65536
2845,Class_II_C26F3x10000,II,train,128,128,256,0,0.0,0,0.0,59542,90.853882,5756,8.782959,238,0.363159,True,238,0.363159,65536
2846,Class_II_C26F3x10000,II,train,128,256,256,0,0.0,0,0.0,57339,87.492371,7936,12.109375,261,0.398254,True,261,0.398254,65536
2847,Class_II_C26F3x10000,II,train,128,384,256,0,0.0,0,0.0,54079,82.518005,11288,17.224121,169,0.257874,True,169,0.257874,65536
2848,Class_II_C26F3x10000,II,train,128,512,256,0,0.0,0,0.0,55554,84.768677,9718,14.828491,264,0.402832,True,264,0.402832,65536
2849,Class_II_C26F3x10000,II,train,128,640,256,0,0.0,0,0.0,58098,88.650513,7217,11.012268,221,0.337219,True,221,0.337219,65536
2850,Class_II_C26F3x10000,II,train,128,768,256,0,0.0,0,0.0,55443,84.599304,9954,15.188599,139,0.212097,True,139,0.212097,65536
2851,Class_II_C26F3x10000,II,train,128,896,256,0,0.0,0,0.0,53735,81.993103,11709,17.866516,92,0.140381,True,92,0.140381,65536
2852,Class_II_C26F3x10000,II,train,128,1024,256,0,0.0,0,0.0,53319,81.358337,12170,18.569946,47,0.071716,True,47,0.071716,65536
2853,Class_II_C26F3x10000,II,train,256,0,256,0,0.0,0,0.0,57709,88.056946,7739,11.808777,88,0.134277,True,88,0.134277,65536
2854,Class_II_C26F3x10000,II,train,256,128,256,0,0.0,0,0.0,54644,83.380127,10509,16.035461,383,0.584412,True,383,0.584412,65536
2855,Class_II_C26F3x10000,II,train,256,256,256,0,0.0,0,0.0,55609,84.8526,9564,14.593506,363,0.553894,True,363,0.553894,65536
2856,Class_II_C26F3x10000,II,train,256,384,256,0,0.0,0,0.0,59277,90.449524,6191,9.446716,68,0.10376,True,68,0.10376,65536
2857,Class_II_C26F3x10000,II,train,256,512,256,0,0.0,0,0.0,58296,88.952637,7076,10.797119,164,0.250244,True,164,0.250244,65536
2858,Class_II_C26F3x10000,II,train,256,640,256,0,0.0,0,0.0,58428,89.154053,6921,10.560608,187,0.285339,True,187,0.285339,65536
2859,Class_II_C26F3x10000,II,train,256,768,256,0,0.0,0,0.0,57996,88.494873,7444,11.358643,96,0.146484,True,96,0.146484,65536
2860,Class_II_C26F3x10000,II,train,256,896,256,0,0.0,0,0.0,51892,79.180908,13552,20.678711,92,0.140381,True,92,0.140381,65536
2861,Class_II_C26F3x10000,II,train,256,1024,256,0,0.0,0,0.0,50751,77.43988,14730,22.476196,55,0.083923,True,55,0.083923,65536
2862,Class_II_C26F3x10000,II,train,384,0,256,0,0.0,0,0.0,52218,79.678345,13141,20.051575,177,0.270081,True,177,0.270081,65536
2863,Class_II_C26F3x10000,II,train,384,128,256,0,0.0,0,0.0,51329,78.321838,13950,21.286011,257,0.392151,True,257,0.392151,65536
2864,Class_II_C26F3x10000,II,train,384,256,256,0,0.0,0,0.0,56060,85.540771,9263,14.134216,213,0.325012,True,213,0.325012,65536
2865,Class_II_C26F3x10000,II,train,384,384,256,0,0.0,0,0.0,58661,89.509583,6749,10.298157,126,0.192261,True,126,0.192261,65536
2866,Class_II_C26F3x10000,II,train,384,512,256,0,0.0,0,0.0,55840,85.205078,9553,14.576721,143,0.218201,True,143,0.218201,65536
2867,Class_II_C26F3x10000,II,train,384,640,256,0,0.0,0,0.0,56236,85.809326,9136,13.94043,164,0.250244,True,164,0.250244,65536
2868,Class_II_C26F3x10000,II,train,384,768,256,0,0.0,0,0.0,60565,92.414856,4921,7.50885,50,0.076294,True,50,0.076294,65536
2869,Class_II_C26F3x10000,II,train,384,896,256,0,0.0,0,0.0,52376,79.919434,13089,19.972229,71,0.108337,True,71,0.108337,65536
2870,Class_II_C26F3x10000,II,train,384,1024,256,0,0.0,0,0.0,48883,74.589539,16519,25.205994,134,0.204468,True,134,0.204468,65536
2871,Class_II_C26F3x10000,II,train,512,0,256,0,0.0,0,0.0,53987,82.377625,11439,17.454529,110,0.167847,True,110,0.167847,65536
2872,Class_II_C26F3x10000,II,train,512,128,256,0,0.0,0,0.0,53459,81.57196,12003,18.315125,74,0.112915,True,74,0.112915,65536
2873,Class_II_C26F3x10000,II,train,512,256,256,0,0.0,0,0.0,56721,86.549377,8715,13.298035,100,0.152588,True,100,0.152588,65536
2874,Class_II_C26F3x10000,II,train,512,384,256,0,0.0,0,0.0,56444,86.126709,8952,13.659668,140,0.213623,True,140,0.213623,65536
2875,Class_II_C26F3x10000,II,train,512,512,256,0,0.0,0,0.0,53954,82.327271,11437,17.451477,145,0.221252,True,145,0.221252,65536
2876,Class_II_C26F3x10000,II,train,512,640,256,0,0.0,0,0.0,51788,79.022217,13616,20.776367,132,0.201416,True,132,0.201416,65536
2877,Class_II_C26F3x10000,II,train,512,768,256,0,0.0,0,0.0,53465,81.581116,12006,18.319702,65,0.099182,True,65,0.099182,65536
2878,Class_II_C26F3x10000,II,train,512,896,256,0,0.0,0,0.0,50499,77.055359,14915,22.758484,122,0.186157,True,122,0.186157,65536
2879,Class_II_C26F3x10000,II,train,512,1024,256,0,0.0,0,0.0,47979,73.210144,17399,26.548767,158,0.241089,True,158,0.241089,65536
2880,Class_II_C26F3x10000,II,train,640,0,256,0,0.0,0,0.0,54382,82.980347,10948,16.705322,206,0.314331,True,206,0.314331,65536
2881,Class_II_C26F3x10000,II,train,640,128,256,0,0.0,0,0.0,51823,79.075623,13507,20.610046,206,0.314331,True,206,0.314331,65536
2882,Class_II_C26F3x10000,II,train,640,256,256,0,0.0,0,0.0,57722,88.076782,7726,11.78894,88,0.134277,True,88,0.134277,65536
2883,Class_II_C26F3x10000,II,train,640,384,256,0,0.0,0,0.0,56453,86.140442,8907,13.591003,176,0.268555,True,176,0.268555,65536
2884,Class_II_C26F3x10000,II,train,640,512,256,0,0.0,0,0.0,56913,86.842346,8535,13.023376,88,0.134277,True,88,0.134277,65536
2885,Class_II_C26F3x10000,II,train,640,640,256,0,0.0,0,0.0,55010,83.938599,10526,16.061401,0,0.0,False,0,0.0,65536
2886,Class_II_C26F3x10000,II,train,640,768,256,0,0.0,0,0.0,52992,80.859375,12506,19.082642,38,0.057983,True,38,0.057983,65536
2887,Class_II_C26F3x10000,II,train,640,896,256,0,0.0,0,0.0,52133,79.548645,13352,20.373535,51,0.07782,True,51,0.07782,65536
2888,Class_II_C26F3x10000,II,train,640,1024,256,0,0.0,0,0.0,53109,81.037903,12395,18.913269,32,0.048828,True,32,0.048828,65536
2889,Class_II_C26F3x10000,II,train,703,0,256,0,0.0,0,0.0,52517,80.134583,12791,19.517517,228,0.3479,True,228,0.3479,65536
2890,Class_II_C26F3x10000,II,train,703,128,256,0,0.0,0,0.0,50252,76.678467,15031,22.935486,253,0.386047,True,253,0.386047,65536
2891,Class_II_C26F3x10000,II,train,703,256,256,0,0.0,0,0.0,58368,89.0625,7101,10.835266,67,0.102234,True,67,0.102234,65536
2892,Class_II_C26F3x10000,II,train,703,384,256,0,0.0,0,0.0,57998,88.497925,7408,11.303711,130,0.198364,True,130,0.198364,65536
2893,Class_II_C26F3x10000,II,train,703,512,256,0,0.0,0,0.0,57294,87.423706,8122,12.393188,120,0.183105,True,120,0.183105,65536
2894,Class_II_C26F3x10000,II,train,703,640,256,0,0.0,0,0.0,57461,87.678528,8043,12.272644,32,0.048828,True,32,0.048828,65536
2895,Class_II_C26F3x10000,II,train,703,768,256,0,0.0,0,0.0,56753,86.598206,8698,13.272095,85,0.1297,True,85,0.1297,65536
2896,Class_II_C26F3x10000,II,train,703,896,256,0,0.0,0,0.0,55312,84.399414,10139,15.470886,85,0.1297,True,85,0.1297,65536
2897,Class_II_C26F3x10000,II,train,703,1024,256,0,0.0,0,0.0,57140,87.188721,8396,12.811279,0,0.0,False,0,0.0,65536
2898,Class_II_C27F3x10000,II,train,0,0,256,0,0.0,0,0.0,55883,85.270691,9550,14.572144,103,0.157166,True,103,0.157166,65536
2899,Class_II_C27F3x10000,II,train,0,128,256,0,0.0,0,0.0,53308,81.341553,12045,18.379211,183,0.279236,True,183,0.279236,65536
2900,Class_II_C27F3x10000,II,train,0,256,256,0,0.0,0,0.0,53225,81.214905,12017,18.336487,294,0.448608,True,294,0.448608,65536
2901,Class_II_C27F3x10000,II,train,0,384,256,0,0.0,0,0.0,56938,86.880493,8347,12.736511,251,0.382996,True,251,0.382996,65536
2902,Class_II_C27F3x10000,II,train,0,512,256,0,0.0,0,0.0,59253,90.412903,6238,9.518433,45,0.068665,True,45,0.068665,65536
2903,Class_II_C27F3x10000,II,train,0,640,256,0,0.0,0,0.0,59227,90.37323,6230,9.506226,79,0.120544,True,79,0.120544,65536
2904,Class_II_C27F3x10000,II,train,0,768,256,0,0.0,0,0.0,56886,86.801147,8507,12.980652,143,0.218201,True,143,0.218201,65536
2905,Class_II_C27F3x10000,II,train,0,896,256,0,0.0,0,0.0,59391,90.623474,6043,9.220886,102,0.15564,True,102,0.15564,65536
2906,Class_II_C27F3x10000,II,train,0,1024,256,0,0.0,0,0.0,59793,91.236877,5544,8.459473,199,0.30365,True,199,0.30365,65536
2907,Class_II_C27F3x10000,II,train,128,0,256,0,0.0,0,0.0,53895,82.237244,11366,17.34314,275,0.419617,True,275,0.419617,65536
2908,Class_II_C27F3x10000,II,train,128,128,256,0,0.0,0,0.0,56004,85.455322,9323,14.225769,209,0.318909,True,209,0.318909,65536
2909,Class_II_C27F3x10000,II,train,128,256,256,0,0.0,0,0.0,58719,89.598083,6562,10.012817,255,0.389099,True,255,0.389099,65536
2910,Class_II_C27F3x10000,II,train,128,384,256,0,0.0,0,0.0,62816,95.849609,2539,3.874207,181,0.276184,True,181,0.276184,65536
2911,Class_II_C27F3x10000,II,train,128,512,256,0,0.0,0,0.0,60163,91.801453,5173,7.893372,200,0.305176,True,200,0.305176,65536
2912,Class_II_C27F3x10000,II,train,128,640,256,0,0.0,0,0.0,60276,91.973877,5065,7.728577,195,0.297546,True,195,0.297546,65536
2913,Class_II_C27F3x10000,II,train,128,768,256,0,0.0,0,0.0,57164,87.225342,8098,12.356567,274,0.418091,True,274,0.418091,65536
2914,Class_II_C27F3x10000,II,train,128,896,256,0,0.0,0,0.0,54865,83.717346,10368,15.820312,303,0.462341,True,303,0.462341,65536
2915,Class_II_C27F3x10000,II,train,128,1024,256,0,0.0,0,0.0,56388,86.04126,8920,13.61084,228,0.3479,True,228,0.3479,65536
2916,Class_II_C27F3x10000,II,train,256,0,256,0,0.0,0,0.0,53295,81.321716,12020,18.341064,221,0.337219,True,221,0.337219,65536
2917,Class_II_C27F3x10000,II,train,256,128,256,0,0.0,0,0.0,53433,81.532288,12074,18.423462,29,0.04425,True,29,0.04425,65536
2918,Class_II_C27F3x10000,II,train,256,256,256,0,0.0,0,0.0,56925,86.860657,8608,13.134766,3,0.004578,True,3,0.004578,65536
2919,Class_II_C27F3x10000,II,train,256,384,256,0,0.0,0,0.0,62970,96.084595,2566,3.915405,0,0.0,False,0,0.0,65536
2920,Class_II_C27F3x10000,II,train,256,512,256,0,0.0,0,0.0,60359,92.100525,4778,7.290649,399,0.608826,True,399,0.608826,65536
2921,Class_II_C27F3x10000,II,train,256,640,256,0,0.0,0,0.0,59140,90.240479,5892,8.990479,504,0.769043,True,504,0.769043,65536
2922,Class_II_C27F3x10000,II,train,256,768,256,0,0.0,0,0.0,55908,85.308838,9175,13.999939,453,0.691223,True,453,0.691223,65536
2923,Class_II_C27F3x10000,II,train,256,896,256,0,0.0,0,0.0,53373,81.440735,11786,17.984009,377,0.575256,True,377,0.575256,65536
2924,Class_II_C27F3x10000,II,train,256,1024,256,0,0.0,0,0.0,54079,82.518005,11378,17.36145,79,0.120544,True,79,0.120544,65536
2925,Class_II_C27F3x10000,II,train,384,0,256,0,0.0,0,0.0,52895,80.711365,12346,18.838501,295,0.450134,True,295,0.450134,65536
2926,Class_II_C27F3x10000,II,train,384,128,256,0,0.0,0,0.0,49167,75.022888,16216,24.743652,153,0.233459,True,153,0.233459,65536
2927,Class_II_C27F3x10000,II,train,384,256,256,0,0.0,0,0.0,51805,79.048157,13726,20.944214,5,0.007629,True,5,0.007629,65536
2928,Class_II_C27F3x10000,II,train,384,384,256,0,0.0,0,0.0,55010,83.938599,10331,15.763855,195,0.297546,True,195,0.297546,65536
2929,Class_II_C27F3x10000,II,train,384,512,256,0,0.0,0,0.0,51958,79.281616,13142,20.053101,436,0.665283,True,436,0.665283,65536
2930,Class_II_C27F3x10000,II,train,384,640,256,0,0.0,0,0.0,54353,82.936096,10835,16.532898,348,0.531006,True,348,0.531006,65536
2931,Class_II_C27F3x10000,II,train,384,768,256,0,0.0,0,0.0,57376,87.548828,7908,12.06665,252,0.384521,True,252,0.384521,65536
2932,Class_II_C27F3x10000,II,train,384,896,256,0,0.0,0,0.0,57430,87.631226,7862,11.99646,244,0.372314,True,244,0.372314,65536
2933,Class_II_C27F3x10000,II,train,384,1024,256,0,0.0,0,0.0,56838,86.727905,8580,13.092041,118,0.180054,True,118,0.180054,65536
2934,Class_II_C27F3x10000,II,train,512,0,256,0,0.0,0,0.0,55158,84.164429,10132,15.460205,246,0.375366,True,246,0.375366,65536
2935,Class_II_C27F3x10000,II,train,512,128,256,0,0.0,0,0.0,56920,86.853027,8466,12.918091,150,0.228882,True,150,0.228882,65536
2936,Class_II_C27F3x10000,II,train,512,256,256,0,0.0,0,0.0,58819,89.750671,6715,10.246277,2,0.003052,True,2,0.003052,65536
2937,Class_II_C27F3x10000,II,train,512,384,256,0,0.0,0,0.0,52843,80.632019,12230,18.661499,463,0.706482,True,463,0.706482,65536
2938,Class_II_C27F3x10000,II,train,512,512,256,0,0.0,0,0.0,45194,68.960571,19793,30.201721,549,0.837708,True,549,0.837708,65536
2939,Class_II_C27F3x10000,II,train,512,640,256,0,0.0,0,0.0,45919,70.066833,19529,29.798889,88,0.134277,True,88,0.134277,65536
2940,Class_II_C27F3x10000,II,train,512,768,256,0,0.0,0,0.0,50727,77.403259,14807,22.593689,2,0.003052,True,2,0.003052,65536
2941,Class_II_C27F3x10000,II,train,512,896,256,0,0.0,0,0.0,54527,83.201599,10939,16.691589,70,0.106812,True,70,0.106812,65536
2942,Class_II_C27F3x10000,II,train,512,1024,256,0,0.0,0,0.0,57163,87.223816,8305,12.672424,68,0.10376,True,68,0.10376,65536
2943,Class_II_C27F3x10000,II,train,640,0,256,0,0.0,0,0.0,53862,82.18689,11574,17.660522,100,0.152588,True,100,0.152588,65536
2944,Class_II_C27F3x10000,II,train,640,128,256,0,0.0,0,0.0,56906,86.831665,8421,12.849426,209,0.318909,True,209,0.318909,65536
2945,Class_II_C27F3x10000,II,train,640,256,256,0,0.0,0,0.0,60462,92.25769,4859,7.414246,215,0.328064,True,215,0.328064,65536
2946,Class_II_C27F3x10000,II,train,640,384,256,0,0.0,0,0.0,56882,86.795044,8225,12.550354,429,0.654602,True,429,0.654602,65536
2947,Class_II_C27F3x10000,II,train,640,512,256,0,0.0,0,0.0,54534,83.21228,10599,16.172791,403,0.614929,True,403,0.614929,65536
2948,Class_II_C27F3x10000,II,train,640,640,256,0,0.0,0,0.0,52709,80.427551,12747,19.450378,80,0.12207,True,80,0.12207,65536
2949,Class_II_C27F3x10000,II,train,640,768,256,0,0.0,0,0.0,53767,82.041931,11767,17.955017,2,0.003052,True,2,0.003052,65536
2950,Class_II_C27F3x10000,II,train,640,896,256,0,0.0,0,0.0,57785,88.172913,7749,11.824036,2,0.003052,True,2,0.003052,65536
2951,Class_II_C27F3x10000,II,train,640,1024,256,0,0.0,0,0.0,57727,88.084412,7809,11.915588,0,0.0,False,0,0.0,65536
2952,Class_II_C27F3x10000,II,train,703,0,256,0,0.0,0,0.0,53248,81.25,12188,18.597412,100,0.152588,True,100,0.152588,65536
2953,Class_II_C27F3x10000,II,train,703,128,256,0,0.0,0,0.0,54633,83.363342,10694,16.317749,209,0.318909,True,209,0.318909,65536
2954,Class_II_C27F3x10000,II,train,703,256,256,0,0.0,0,0.0,58833,89.772034,6488,9.899902,215,0.328064,True,215,0.328064,65536
2955,Class_II_C27F3x10000,II,train,703,384,256,0,0.0,0,0.0,57893,88.337708,7230,11.032104,413,0.630188,True,413,0.630188,65536
2956,Class_II_C27F3x10000,II,train,703,512,256,0,0.0,0,0.0,57815,88.218689,7334,11.190796,387,0.590515,True,387,0.590515,65536
2957,Class_II_C27F3x10000,II,train,703,640,256,0,0.0,0,0.0,55676,84.954834,9780,14.923096,80,0.12207,True,80,0.12207,65536
2958,Class_II_C27F3x10000,II,train,703,768,256,0,0.0,0,0.0,57524,87.774658,8012,12.225342,0,0.0,False,0,0.0,65536
2959,Class_II_C27F3x10000,II,train,703,896,256,0,0.0,0,0.0,62640,95.581055,2896,4.418945,0,0.0,False,0,0.0,65536
2960,Class_II_C27F3x10000,II,train,703,1024,256,0,0.0,0,0.0,59443,90.70282,6093,9.29718,0,0.0,False,0,0.0,65536
2961,Class_II_C29F3x10000,II,train,0,0,256,0,0.0,0,0.0,53329,81.373596,12170,18.569946,37,0.056458,True,37,0.056458,65536
2962,Class_II_C29F3x10000,II,train,0,128,256,0,0.0,0,0.0,60368,92.114258,5168,7.885742,0,0.0,False,0,0.0,65536
2963,Class_II_C29F3x10000,II,train,0,256,256,0,0.0,0,0.0,60917,92.951965,4619,7.048035,0,0.0,False,0,0.0,65536
2964,Class_II_C29F3x10000,II,train,0,384,256,0,0.0,0,0.0,59109,90.193176,6427,9.806824,0,0.0,False,0,0.0,65536
2965,Class_II_C29F3x10000,II,train,0,512,256,0,0.0,0,0.0,57164,87.225342,8372,12.774658,0,0.0,False,0,0.0,65536
2966,Class_II_C29F3x10000,II,train,0,640,256,0,0.0,0,0.0,54033,82.447815,11503,17.552185,0,0.0,False,0,0.0,65536
2967,Class_II_C29F3x10000,II,train,0,768,256,0,0.0,0,0.0,53370,81.436157,12166,18.563843,0,0.0,False,0,0.0,65536
2968,Class_II_C29F3x10000,II,train,0,896,256,0,0.0,0,0.0,56659,86.454773,8877,13.545227,0,0.0,False,0,0.0,65536
2969,Class_II_C29F3x10000,II,train,0,1024,256,0,0.0,0,0.0,56674,86.477661,8862,13.522339,0,0.0,False,0,0.0,65536
2970,Class_II_C29F3x10000,II,train,128,0,256,0,0.0,0,0.0,54538,83.218384,10961,16.725159,37,0.056458,True,37,0.056458,65536
2971,Class_II_C29F3x10000,II,train,128,128,256,0,0.0,0,0.0,56085,85.578918,9451,14.421082,0,0.0,False,0,0.0,65536
2972,Class_II_C29F3x10000,II,train,128,256,256,0,0.0,0,0.0,57159,87.217712,8377,12.782288,0,0.0,False,0,0.0,65536
2973,Class_II_C29F3x10000,II,train,128,384,256,0,0.0,0,0.0,56787,86.650085,8749,13.349915,0,0.0,False,0,0.0,65536
2974,Class_II_C29F3x10000,II,train,128,512,256,0,0.0,0,0.0,53393,81.471252,12143,18.528748,0,0.0,False,0,0.0,65536
2975,Class_II_C29F3x10000,II,train,128,640,256,0,0.0,0,0.0,53507,81.645203,12029,18.354797,0,0.0,False,0,0.0,65536
2976,Class_II_C29F3x10000,II,train,128,768,256,0,0.0,0,0.0,55193,84.217834,10343,15.782166,0,0.0,False,0,0.0,65536
2977,Class_II_C29F3x10000,II,train,128,896,256,0,0.0,0,0.0,55700,84.991455,9836,15.008545,0,0.0,False,0,0.0,65536
2978,Class_II_C29F3x10000,II,train,128,1024,256,0,0.0,0,0.0,58454,89.193726,7082,10.806274,0,0.0,False,0,0.0,65536
2979,Class_II_C29F3x10000,II,train,256,0,256,0,0.0,0,0.0,58349,89.033508,7187,10.966492,0,0.0,False,0,0.0,65536
2980,Class_II_C29F3x10000,II,train,256,128,256,0,0.0,0,0.0,55119,84.104919,10417,15.895081,0,0.0,False,0,0.0,65536
2981,Class_II_C29F3x10000,II,train,256,256,256,0,0.0,0,0.0,54865,83.717346,10671,16.282654,0,0.0,False,0,0.0,65536
2982,Class_II_C29F3x10000,II,train,256,384,256,0,0.0,0,0.0,54991,83.909607,10545,16.090393,0,0.0,False,0,0.0,65536
2983,Class_II_C29F3x10000,II,train,256,512,256,0,0.0,0,0.0,53131,81.071472,12405,18.928528,0,0.0,False,0,0.0,65536
2984,Class_II_C29F3x10000,II,train,256,640,256,0,0.0,0,0.0,55088,84.057617,10448,15.942383,0,0.0,False,0,0.0,65536
2985,Class_II_C29F3x10000,II,train,256,768,256,0,0.0,0,0.0,55062,84.017944,10474,15.982056,0,0.0,False,0,0.0,65536
2986,Class_II_C29F3x10000,II,train,256,896,256,0,0.0,0,0.0,53402,81.484985,12134,18.515015,0,0.0,False,0,0.0,65536
2987,Class_II_C29F3x10000,II,train,256,1024,256,0,0.0,0,0.0,54954,83.853149,10582,16.146851,0,0.0,False,0,0.0,65536
2988,Class_II_C29F3x10000,II,train,384,0,256,0,0.0,0,0.0,60228,91.900635,5308,8.099365,0,0.0,False,0,0.0,65536
2989,Class_II_C29F3x10000,II,train,384,128,256,0,0.0,0,0.0,58397,89.10675,7139,10.89325,0,0.0,False,0,0.0,65536
2990,Class_II_C29F3x10000,II,train,384,256,256,0,0.0,0,0.0,55368,84.484863,10168,15.515137,0,0.0,False,0,0.0,65536
2991,Class_II_C29F3x10000,II,train,384,384,256,0,0.0,0,0.0,56895,86.81488,8641,13.18512,0,0.0,False,0,0.0,65536
2992,Class_II_C29F3x10000,II,train,384,512,256,0,0.0,0,0.0,58033,88.551331,7503,11.448669,0,0.0,False,0,0.0,65536
2993,Class_II_C29F3x10000,II,train,384,640,256,0,0.0,0,0.0,57689,88.026428,7847,11.973572,0,0.0,False,0,0.0,65536
2994,Class_II_C29F3x10000,II,train,384,768,256,0,0.0,0,0.0,54482,83.132935,11054,16.867065,0,0.0,False,0,0.0,65536
2995,Class_II_C29F3x10000,II,train,384,896,256,0,0.0,0,0.0,50642,77.27356,14808,22.595215,86,0.131226,True,86,0.131226,65536
2996,Class_II_C29F3x10000,II,train,384,1024,256,0,0.0,0,0.0,49137,74.977112,16313,24.891663,86,0.131226,True,86,0.131226,65536
2997,Class_II_C29F3x10000,II,train,512,0,256,0,0.0,0,0.0,57392,87.573242,8144,12.426758,0,0.0,False,0,0.0,65536
2998,Class_II_C29F3x10000,II,train,512,128,256,0,0.0,0,0.0,55843,85.209656,9693,14.790344,0,0.0,False,0,0.0,65536
2999,Class_II_C29F3x10000,II,train,512,256,256,0,0.0,0,0.0,57623,87.92572,7913,12.07428,0,0.0,False,0,0.0,65536
3000,Class_II_C29F3x10000,II,train,512,384,256,0,0.0,0,0.0,60447,92.234802,5089,7.765198,0,0.0,False,0,0.0,65536
3001,Class_II_C29F3x10000,II,train,512,512,256,0,0.0,0,0.0,60922,92.959595,4614,7.040405,0,0.0,False,0,0.0,65536
3002,Class_II_C29F3x10000,II,train,512,640,256,0,0.0,0,0.0,58538,89.321899,6998,10.678101,0,0.0,False,0,0.0,65536
3003,Class_II_C29F3x10000,II,train,512,768,256,0,0.0,0,0.0,51755,78.971863,13781,21.028137,0,0.0,False,0,0.0,65536
3004,Class_II_C29F3x10000,II,train,512,896,256,0,0.0,0,0.0,49129,74.964905,16321,24.90387,86,0.131226,True,86,0.131226,65536
3005,Class_II_C29F3x10000,II,train,512,1024,256,0,0.0,0,0.0,53395,81.474304,12055,18.39447,86,0.131226,True,86,0.131226,65536
3006,Class_II_C29F3x10000,II,train,640,0,256,0,0.0,0,0.0,57023,87.010193,8513,12.989807,0,0.0,False,0,0.0,65536
3007,Class_II_C29F3x10000,II,train,640,128,256,0,0.0,0,0.0,57701,88.044739,7835,11.955261,0,0.0,False,0,0.0,65536
3008,Class_II_C29F3x10000,II,train,640,256,256,0,0.0,0,0.0,59936,91.455078,5600,8.544922,0,0.0,False,0,0.0,65536
3009,Class_II_C29F3x10000,II,train,640,384,256,0,0.0,0,0.0,59217,90.357971,6319,9.642029,0,0.0,False,0,0.0,65536
3010,Class_II_C29F3x10000,II,train,640,512,256,0,0.0,0,0.0,56837,86.726379,8699,13.273621,0,0.0,False,0,0.0,65536
3011,Class_II_C29F3x10000,II,train,640,640,256,0,0.0,0,0.0,56405,86.0672,9131,13.9328,0,0.0,False,0,0.0,65536
3012,Class_II_C29F3x10000,II,train,640,768,256,0,0.0,0,0.0,53545,81.703186,11991,18.296814,0,0.0,False,0,0.0,65536
3013,Class_II_C29F3x10000,II,train,640,896,256,0,0.0,0,0.0,54461,83.100891,11075,16.899109,0,0.0,False,0,0.0,65536
3014,Class_II_C29F3x10000,II,train,640,1024,256,0,0.0,0,0.0,60742,92.684937,4794,7.315063,0,0.0,False,0,0.0,65536
3015,Class_II_C29F3x10000,II,train,703,0,256,0,0.0,0,0.0,57116,87.1521,8420,12.8479,0,0.0,False,0,0.0,65536
3016,Class_II_C29F3x10000,II,train,703,128,256,0,0.0,0,0.0,59172,90.289307,6364,9.710693,0,0.0,False,0,0.0,65536
3017,Class_II_C29F3x10000,II,train,703,256,256,0,0.0,0,0.0,60556,92.401123,4980,7.598877,0,0.0,False,0,0.0,65536
3018,Class_II_C29F3x10000,II,train,703,384,256,0,0.0,0,0.0,58055,88.5849,7481,11.4151,0,0.0,False,0,0.0,65536
3019,Class_II_C29F3x10000,II,train,703,512,256,0,0.0,0,0.0,55120,84.106445,10416,15.893555,0,0.0,False,0,0.0,65536
3020,Class_II_C29F3x10000,II,train,703,640,256,0,0.0,0,0.0,56660,86.456299,8876,13.543701,0,0.0,False,0,0.0,65536
3021,Class_II_C29F3x10000,II,train,703,768,256,0,0.0,0,0.0,56235,85.8078,9301,14.1922,0,0.0,False,0,0.0,65536
3022,Class_II_C29F3x10000,II,train,703,896,256,0,0.0,0,0.0,55114,84.09729,10422,15.90271,0,0.0,False,0,0.0,65536
3023,Class_II_C29F3x10000,II,train,703,1024,256,0,0.0,0,0.0,60063,91.648865,5473,8.351135,0,0.0,False,0,0.0,65536
3024,Class_II_C30F3x10000,II,train,0,0,256,0,0.0,0,0.0,56821,86.701965,8680,13.244629,35,0.053406,True,35,0.053406,65536
3025,Class_II_C30F3x10000,II,train,0,128,256,0,0.0,0,0.0,54482,83.132935,11054,16.867065,0,0.0,False,0,0.0,65536
3026,Class_II_C30F3x10000,II,train,0,256,256,0,0.0,0,0.0,57881,88.319397,7637,11.653137,18,0.027466,True,18,0.027466,65536
3027,Class_II_C30F3x10000,II,train,0,384,256,0,0.0,0,0.0,59602,90.945435,5865,8.94928,69,0.105286,True,69,0.105286,65536
3028,Class_II_C30F3x10000,II,train,0,512,256,0,0.0,0,0.0,56072,85.559082,9413,14.363098,51,0.07782,True,51,0.07782,65536
3029,Class_II_C30F3x10000,II,train,0,640,256,0,0.0,0,0.0,55901,85.298157,9635,14.701843,0,0.0,False,0,0.0,65536
3030,Class_II_C30F3x10000,II,train,0,768,256,0,0.0,0,0.0,56864,86.767578,8658,13.21106,14,0.021362,True,14,0.021362,65536
3031,Class_II_C30F3x10000,II,train,0,896,256,0,0.0,0,0.0,52993,80.860901,12489,19.056702,54,0.082397,True,54,0.082397,65536
3032,Class_II_C30F3x10000,II,train,0,1024,256,0,0.0,0,0.0,52539,80.168152,12859,19.621277,138,0.210571,True,138,0.210571,65536
3033,Class_II_C30F3x10000,II,train,128,0,256,0,0.0,0,0.0,53831,82.139587,11679,17.82074,26,0.039673,True,26,0.039673,65536
3034,Class_II_C30F3x10000,II,train,128,128,256,0,0.0,0,0.0,56524,86.248779,9012,13.751221,0,0.0,False,0,0.0,65536
3035,Class_II_C30F3x10000,II,train,128,256,256,0,0.0,0,0.0,59381,90.608215,6120,9.338379,35,0.053406,True,35,0.053406,65536
3036,Class_II_C30F3x10000,II,train,128,384,256,0,0.0,0,0.0,61756,94.232178,3713,5.665588,67,0.102234,True,67,0.102234,65536
3037,Class_II_C30F3x10000,II,train,128,512,256,0,0.0,0,0.0,60388,92.144775,5097,7.777405,51,0.07782,True,51,0.07782,65536
3038,Class_II_C30F3x10000,II,train,128,640,256,0,0.0,0,0.0,56678,86.483765,8802,13.430786,56,0.085449,True,56,0.085449,65536
3039,Class_II_C30F3x10000,II,train,128,768,256,0,0.0,0,0.0,57229,87.324524,8256,12.597656,51,0.07782,True,51,0.07782,65536
3040,Class_II_C30F3x10000,II,train,128,896,256,0,0.0,0,0.0,55043,83.988953,10451,15.94696,42,0.064087,True,42,0.064087,65536
3041,Class_II_C30F3x10000,II,train,128,1024,256,0,0.0,0,0.0,52519,80.137634,12934,19.735718,83,0.126648,True,83,0.126648,65536
3042,Class_II_C30F3x10000,II,train,256,0,256,0,0.0,0,0.0,50385,76.881409,15125,23.078918,26,0.039673,True,26,0.039673,65536
3043,Class_II_C30F3x10000,II,train,256,128,256,0,0.0,0,0.0,53503,81.639099,12033,18.360901,0,0.0,False,0,0.0,65536
3044,Class_II_C30F3x10000,II,train,256,256,256,0,0.0,0,0.0,57239,87.339783,8251,12.590027,46,0.07019,True,46,0.07019,65536
3045,Class_II_C30F3x10000,II,train,256,384,256,0,0.0,0,0.0,58535,89.317322,6927,10.569763,74,0.112915,True,74,0.112915,65536
3046,Class_II_C30F3x10000,II,train,256,512,256,0,0.0,0,0.0,55054,84.005737,10435,15.922546,47,0.071716,True,47,0.071716,65536
3047,Class_II_C30F3x10000,II,train,256,640,256,0,0.0,0,0.0,51066,77.920532,14414,21.994019,56,0.085449,True,56,0.085449,65536
3048,Class_II_C30F3x10000,II,train,256,768,256,0,0.0,0,0.0,54980,83.892822,10424,15.905762,132,0.201416,True,132,0.201416,65536
3049,Class_II_C30F3x10000,II,train,256,896,256,0,0.0,0,0.0,59026,90.066528,6415,9.788513,95,0.144958,True,95,0.144958,65536
3050,Class_II_C30F3x10000,II,train,256,1024,256,0,0.0,0,0.0,55441,84.596252,10084,15.386963,11,0.016785,True,11,0.016785,65536
3051,Class_II_C30F3x10000,II,train,384,0,256,0,0.0,0,0.0,53544,81.70166,11992,18.29834,0,0.0,False,0,0.0,65536
3052,Class_II_C30F3x10000,II,train,384,128,256,0,0.0,0,0.0,53367,81.43158,12149,18.537903,20,0.030518,True,20,0.030518,65536
3053,Class_II_C30F3x10000,II,train,384,256,256,0,0.0,0,0.0,54204,82.70874,11283,17.216492,49,0.074768,True,49,0.074768,65536
3054,Class_II_C30F3x10000,II,train,384,384,256,0,0.0,0,0.0,52952,80.79834,12527,19.114685,57,0.086975,True,57,0.086975,65536
3055,Class_II_C30F3x10000,II,train,384,512,256,0,0.0,0,0.0,47954,73.171997,17546,26.773071,36,0.054932,True,36,0.054932,65536
3056,Class_II_C30F3x10000,II,train,384,640,256,0,0.0,0,0.0,42879,65.428162,22638,34.542847,19,0.028992,True,19,0.028992,65536
3057,Class_II_C30F3x10000,II,train,384,768,256,0,0.0,0,0.0,49090,74.905396,16340,24.932861,106,0.161743,True,106,0.161743,65536
3058,Class_II_C30F3x10000,II,train,384,896,256,0,0.0,0,0.0,57600,87.890625,7821,11.933899,115,0.175476,True,115,0.175476,65536
3059,Class_II_C30F3x10000,II,train,384,1024,256,0,0.0,0,0.0,56418,86.087036,9085,13.86261,33,0.050354,True,33,0.050354,65536
3060,Class_II_C30F3x10000,II,train,512,0,256,0,0.0,0,0.0,57175,87.242126,8328,12.70752,33,0.050354,True,33,0.050354,65536
3061,Class_II_C30F3x10000,II,train,512,128,256,0,0.0,0,0.0,57811,88.212585,7705,11.756897,20,0.030518,True,20,0.030518,65536
3062,Class_II_C30F3x10000,II,train,512,256,256,0,0.0,0,0.0,55110,84.091187,10406,15.878296,20,0.030518,True,20,0.030518,65536
3063,Class_II_C30F3x10000,II,train,512,384,256,0,0.0,0,0.0,56815,86.69281,8721,13.30719,0,0.0,False,0,0.0,65536
3064,Class_II_C30F3x10000,II,train,512,512,256,0,0.0,0,0.0,55017,83.94928,10511,16.038513,8,0.012207,True,8,0.012207,65536
3065,Class_II_C30F3x10000,II,train,512,640,256,0,0.0,0,0.0,47825,72.975159,17636,26.9104,75,0.114441,True,75,0.114441,65536
3066,Class_II_C30F3x10000,II,train,512,768,256,0,0.0,0,0.0,50997,77.815247,14462,22.067261,77,0.117493,True,77,0.117493,65536
3067,Class_II_C30F3x10000,II,train,512,896,256,0,0.0,0,0.0,56541,86.274719,8944,13.647461,51,0.07782,True,51,0.07782,65536
3068,Class_II_C30F3x10000,II,train,512,1024,256,0,0.0,0,0.0,56606,86.373901,8880,13.549805,50,0.076294,True,50,0.076294,65536
3069,Class_II_C30F3x10000,II,train,640,0,256,0,0.0,0,0.0,53854,82.174683,11630,17.745972,52,0.079346,True,52,0.079346,65536
3070,Class_II_C30F3x10000,II,train,640,128,256,0,0.0,0,0.0,59290,90.46936,6227,9.501648,19,0.028992,True,19,0.028992,65536
3071,Class_II_C30F3x10000,II,train,640,256,256,0,0.0,0,0.0,60752,92.700195,4784,7.299805,0,0.0,False,0,0.0,65536
3072,Class_II_C30F3x10000,II,train,640,384,256,0,0.0,0,0.0,61514,93.862915,4022,6.137085,0,0.0,False,0,0.0,65536
3073,Class_II_C30F3x10000,II,train,640,512,256,0,0.0,0,0.0,56902,86.825562,8634,13.174438,0,0.0,False,0,0.0,65536
3074,Class_II_C30F3x10000,II,train,640,640,256,0,0.0,0,0.0,52559,80.198669,12921,19.715881,56,0.085449,True,56,0.085449,65536
3075,Class_II_C30F3x10000,II,train,640,768,256,0,0.0,0,0.0,58314,88.980103,7156,10.919189,66,0.100708,True,66,0.100708,65536
3076,Class_II_C30F3x10000,II,train,640,896,256,0,0.0,0,0.0,59020,90.057373,6455,9.849548,61,0.093079,True,61,0.093079,65536
3077,Class_II_C30F3x10000,II,train,640,1024,256,0,0.0,0,0.0,56715,86.540222,8759,13.365173,62,0.094604,True,62,0.094604,65536
3078,Class_II_C30F3x10000,II,train,703,0,256,0,0.0,0,0.0,53283,81.303406,12178,18.582153,75,0.114441,True,75,0.114441,65536
3079,Class_II_C30F3x10000,II,train,703,128,256,0,0.0,0,0.0,59009,90.040588,6453,9.846497,74,0.112915,True,74,0.112915,65536
3080,Class_II_C30F3x10000,II,train,703,256,256,0,0.0,0,0.0,62643,95.585632,2893,4.414368,0,0.0,False,0,0.0,65536
3081,Class_II_C30F3x10000,II,train,703,384,256,0,0.0,0,0.0,61931,94.499207,3605,5.500793,0,0.0,False,0,0.0,65536
3082,Class_II_C30F3x10000,II,train,703,512,256,0,0.0,0,0.0,56800,86.669922,8736,13.330078,0,0.0,False,0,0.0,65536
3083,Class_II_C30F3x10000,II,train,703,640,256,0,0.0,0,0.0,53970,82.351685,11510,17.562866,56,0.085449,True,56,0.085449,65536
3084,Class_II_C30F3x10000,II,train,703,768,256,0,0.0,0,0.0,58474,89.224243,6975,10.643005,87,0.132751,True,87,0.132751,65536
3085,Class_II_C30F3x10000,II,train,703,896,256,0,0.0,0,0.0,59147,90.25116,6294,9.603882,95,0.144958,True,95,0.144958,65536
3086,Class_II_C30F3x10000,II,train,703,1024,256,0,0.0,0,0.0,56653,86.445618,8808,13.439941,75,0.114441,True,75,0.114441,65536
3087,Class_II_C35F3_x10000_2,II,train,0,0,256,0,0.0,0,0.0,50335,76.805115,14687,22.410583,514,0.784302,True,514,0.784302,65536
3088,Class_II_C35F3_x10000_2,II,train,0,128,256,0,0.0,0,0.0,51046,77.890015,14186,21.646118,304,0.463867,True,304,0.463867,65536
3089,Class_II_C35F3_x10000_2,II,train,0,256,256,0,0.0,0,0.0,49789,75.971985,15486,23.629761,261,0.398254,True,261,0.398254,65536
3090,Class_II_C35F3_x10000_2,II,train,0,384,256,0,0.0,0,0.0,54881,83.74176,10515,16.044617,140,0.213623,True,140,0.213623,65536
3091,Class_II_C35F3_x10000_2,II,train,0,512,256,0,0.0,0,0.0,54430,83.053589,10948,16.705322,158,0.241089,True,158,0.241089,65536
3092,Class_II_C35F3_x10000_2,II,train,0,640,256,0,0.0,0,0.0,53471,81.590271,11834,18.057251,231,0.352478,True,231,0.352478,65536
3093,Class_II_C35F3_x10000_2,II,train,0,768,256,0,0.0,0,0.0,54327,82.896423,10991,16.770935,218,0.332642,True,218,0.332642,65536
3094,Class_II_C35F3_x10000_2,II,train,0,896,256,0,0.0,0,0.0,53665,81.886292,11591,17.686462,280,0.427246,True,280,0.427246,65536
3095,Class_II_C35F3_x10000_2,II,train,0,1024,256,0,0.0,0,0.0,53890,82.229614,11165,17.036438,481,0.733948,True,481,0.733948,65536
3096,Class_II_C35F3_x10000_2,II,train,128,0,256,0,0.0,0,0.0,53864,82.189941,11218,17.11731,454,0.692749,True,454,0.692749,65536
3097,Class_II_C35F3_x10000_2,II,train,128,128,256,0,0.0,0,0.0,53563,81.730652,11672,17.810059,301,0.45929,True,301,0.45929,65536
3098,Class_II_C35F3_x10000_2,II,train,128,256,256,0,0.0,0,0.0,51822,79.074097,13387,20.426941,327,0.498962,True,327,0.498962,65536
3099,Class_II_C35F3_x10000_2,II,train,128,384,256,0,0.0,0,0.0,53105,81.031799,12245,18.684387,186,0.283813,True,186,0.283813,65536
3100,Class_II_C35F3_x10000_2,II,train,128,512,256,0,0.0,0,0.0,53006,80.880737,12430,18.966675,100,0.152588,True,100,0.152588,65536
3101,Class_II_C35F3_x10000_2,II,train,128,640,256,0,0.0,0,0.0,51531,78.630066,13786,21.035767,219,0.334167,True,219,0.334167,65536
3102,Class_II_C35F3_x10000_2,II,train,128,768,256,0,0.0,0,0.0,55249,84.303284,10101,15.412903,186,0.283813,True,186,0.283813,65536
3103,Class_II_C35F3_x10000_2,II,train,128,896,256,0,0.0,0,0.0,57709,88.056946,7741,11.811829,86,0.131226,True,86,0.131226,65536
3104,Class_II_C35F3_x10000_2,II,train,128,1024,256,0,0.0,0,0.0,57184,87.255859,8057,12.294006,295,0.450134,True,295,0.450134,65536
3105,Class_II_C35F3_x10000_2,II,train,256,0,256,0,0.0,0,0.0,55631,84.886169,9649,14.723206,256,0.390625,True,256,0.390625,65536
3106,Class_II_C35F3_x10000_2,II,train,256,128,256,0,0.0,0,0.0,55162,84.170532,10190,15.548706,184,0.280762,True,184,0.280762,65536
3107,Class_II_C35F3_x10000_2,II,train,256,256,256,0,0.0,0,0.0,52629,80.305481,12651,19.303894,256,0.390625,True,256,0.390625,65536
3108,Class_II_C35F3_x10000_2,II,train,256,384,256,0,0.0,0,0.0,50180,76.568604,15169,23.146057,187,0.285339,True,187,0.285339,65536
3109,Class_II_C35F3_x10000_2,II,train,256,512,256,0,0.0,0,0.0,52168,79.602051,13217,20.167542,151,0.230408,True,151,0.230408,65536
3110,Class_II_C35F3_x10000_2,II,train,256,640,256,0,0.0,0,0.0,53883,82.218933,11282,17.214966,371,0.566101,True,371,0.566101,65536
3111,Class_II_C35F3_x10000_2,II,train,256,768,256,0,0.0,0,0.0,54041,82.460022,11133,16.98761,362,0.552368,True,362,0.552368,65536
3112,Class_II_C35F3_x10000_2,II,train,256,896,256,0,0.0,0,0.0,54529,83.204651,10865,16.578674,142,0.216675,True,142,0.216675,65536
3113,Class_II_C35F3_x10000_2,II,train,256,1024,256,0,0.0,0,0.0,55541,84.74884,9827,14.994812,168,0.256348,True,168,0.256348,65536
3114,Class_II_C35F3_x10000_2,II,train,384,0,256,0,0.0,0,0.0,56146,85.671997,9052,13.812256,338,0.515747,True,338,0.515747,65536
3115,Class_II_C35F3_x10000_2,II,train,384,128,256,0,0.0,0,0.0,56602,86.367798,8858,13.516235,76,0.115967,True,76,0.115967,65536
3116,Class_II_C35F3_x10000_2,II,train,384,256,256,0,0.0,0,0.0,55339,84.440613,10052,15.338135,145,0.221252,True,145,0.221252,65536
3117,Class_II_C35F3_x10000_2,II,train,384,384,256,0,0.0,0,0.0,50017,76.319885,14809,22.596741,710,1.083374,True,710,1.083374,65536
3118,Class_II_C35F3_x10000_2,II,train,384,512,256,0,0.0,0,0.0,51040,77.880859,13683,20.878601,813,1.24054,True,813,1.24054,65536
3119,Class_II_C35F3_x10000_2,II,train,384,640,256,0,0.0,0,0.0,57613,87.910461,7457,11.378479,466,0.71106,True,466,0.71106,65536
3120,Class_II_C35F3_x10000_2,II,train,384,768,256,0,0.0,0,0.0,56307,85.917664,8901,13.581848,328,0.500488,True,328,0.500488,65536
3121,Class_II_C35F3_x10000_2,II,train,384,896,256,0,0.0,0,0.0,52904,80.725098,12502,19.076538,130,0.198364,True,130,0.198364,65536
3122,Class_II_C35F3_x10000_2,II,train,384,1024,256,0,0.0,0,0.0,50900,77.667236,14378,21.939087,258,0.393677,True,258,0.393677,65536
3123,Class_II_C35F3_x10000_2,II,train,512,0,256,0,0.0,0,0.0,57270,87.387085,7938,12.112427,328,0.500488,True,328,0.500488,65536
3124,Class_II_C35F3_x10000_2,II,train,512,128,256,0,0.0,0,0.0,58399,89.109802,6922,10.562134,215,0.328064,True,215,0.328064,65536
3125,Class_II_C35F3_x10000_2,II,train,512,256,256,0,0.0,0,0.0,54841,83.680725,10301,15.718079,394,0.601196,True,394,0.601196,65536
3126,Class_II_C35F3_x10000_2,II,train,512,384,256,0,0.0,0,0.0,50873,77.626038,13726,20.944214,937,1.429749,True,937,1.429749,65536
3127,Class_II_C35F3_x10000_2,II,train,512,512,256,0,0.0,0,0.0,49527,75.572205,15104,23.046875,905,1.38092,True,905,1.38092,65536
3128,Class_II_C35F3_x10000_2,II,train,512,640,256,0,0.0,0,0.0,54014,82.418823,11222,17.123413,300,0.457764,True,300,0.457764,65536
3129,Class_II_C35F3_x10000_2,II,train,512,768,256,0,0.0,0,0.0,55628,84.881592,9652,14.727783,256,0.390625,True,256,0.390625,65536
3130,Class_II_C35F3_x10000_2,II,train,512,896,256,0,0.0,0,0.0,52075,79.460144,13113,20.00885,348,0.531006,True,348,0.531006,65536
3131,Class_II_C35F3_x10000_2,II,train,512,1024,256,0,0.0,0,0.0,50053,76.374817,15099,23.039246,384,0.585938,True,384,0.585938,65536
3132,Class_II_C35F3_x10000_2,II,train,640,0,256,0,0.0,0,0.0,54243,82.76825,10955,16.716003,338,0.515747,True,338,0.515747,65536
3133,Class_II_C35F3_x10000_2,II,train,640,128,256,0,0.0,0,0.0,54024,82.434082,11148,17.010498,364,0.55542,True,364,0.55542,65536
3134,Class_II_C35F3_x10000_2,II,train,640,256,256,0,0.0,0,0.0,50283,76.725769,14668,22.381592,585,0.892639,True,585,0.892639,65536
3135,Class_II_C35F3_x10000_2,II,train,640,384,256,0,0.0,0,0.0,50773,77.47345,14049,21.437073,714,1.089478,True,714,1.089478,65536
3136,Class_II_C35F3_x10000_2,II,train,640,512,256,0,0.0,0,0.0,55118,84.103394,10012,15.2771,406,0.619507,True,406,0.619507,65536
3137,Class_II_C35F3_x10000_2,II,train,640,640,256,0,0.0,0,0.0,56000,85.449219,9437,14.399719,99,0.151062,True,99,0.151062,65536
3138,Class_II_C35F3_x10000_2,II,train,640,768,256,0,0.0,0,0.0,54761,83.558655,10453,15.950012,322,0.491333,True,322,0.491333,65536
3139,Class_II_C35F3_x10000_2,II,train,640,896,256,0,0.0,0,0.0,52022,79.379272,12896,19.677734,618,0.942993,True,618,0.942993,65536
3140,Class_II_C35F3_x10000_2,II,train,640,1024,256,0,0.0,0,0.0,49243,75.138855,15691,23.942566,602,0.918579,True,602,0.918579,65536
3141,Class_II_C35F3_x10000_2,II,train,703,0,256,0,0.0,0,0.0,52322,79.837036,12741,19.441223,473,0.721741,True,473,0.721741,65536
3142,Class_II_C35F3_x10000_2,II,train,703,128,256,0,0.0,0,0.0,53883,82.218933,11355,17.326355,298,0.454712,True,298,0.454712,65536
3143,Class_II_C35F3_x10000_2,II,train,703,256,256,0,0.0,0,0.0,52141,79.560852,12891,19.670105,504,0.769043,True,504,0.769043,65536
3144,Class_II_C35F3_x10000_2,II,train,703,384,256,0,0.0,0,0.0,51895,79.185486,12986,19.815063,655,0.999451,True,655,0.999451,65536
3145,Class_II_C35F3_x10000_2,II,train,703,512,256,0,0.0,0,0.0,57231,87.327576,7919,12.083435,386,0.588989,True,386,0.588989,65536
3146,Class_II_C35F3_x10000_2,II,train,703,640,256,0,0.0,0,0.0,57844,88.262939,7540,11.505127,152,0.231934,True,152,0.231934,65536
3147,Class_II_C35F3_x10000_2,II,train,703,768,256,0,0.0,0,0.0,55396,84.527588,9763,14.897156,377,0.575256,True,377,0.575256,65536
3148,Class_II_C35F3_x10000_2,II,train,703,896,256,0,0.0,0,0.0,53368,81.433105,11470,17.501831,698,1.065063,True,698,1.065063,65536
3149,Class_II_C35F3_x10000_2,II,train,703,1024,256,0,0.0,0,0.0,47792,72.924805,16908,25.799561,836,1.275635,True,836,1.275635,65536
3150,Class_I_C103F1x10000,I,train,0,0,256,0,0.0,10041,15.32135,55495,84.67865,0,0.0,0,0.0,False,0,0.0,65536
3151,Class_I_C103F1x10000,I,train,0,128,256,0,0.0,9990,15.24353,55546,84.75647,0,0.0,0,0.0,False,0,0.0,65536
3152,Class_I_C103F1x10000,I,train,0,256,256,0,0.0,8884,13.555908,56652,86.444092,0,0.0,0,0.0,False,0,0.0,65536
3153,Class_I_C103F1x10000,I,train,0,384,256,0,0.0,16491,25.163269,49045,74.836731,0,0.0,0,0.0,False,0,0.0,65536
3154,Class_I_C103F1x10000,I,train,0,512,256,0,0.0,21511,32.823181,44025,67.176819,0,0.0,0,0.0,False,0,0.0,65536
3155,Class_I_C103F1x10000,I,train,0,640,256,0,0.0,16486,25.15564,49050,74.84436,0,0.0,0,0.0,False,0,0.0,65536
3156,Class_I_C103F1x10000,I,train,0,768,256,0,0.0,11630,17.745972,53906,82.254028,0,0.0,0,0.0,False,0,0.0,65536
3157,Class_I_C103F1x10000,I,train,0,896,256,0,0.0,8298,12.661743,57238,87.338257,0,0.0,0,0.0,False,0,0.0,65536
3158,Class_I_C103F1x10000,I,train,0,1024,256,0,0.0,13979,21.330261,51557,78.669739,0,0.0,0,0.0,False,0,0.0,65536
3159,Class_I_C103F1x10000,I,train,128,0,256,0,0.0,8388,12.799072,57148,87.200928,0,0.0,0,0.0,False,0,0.0,65536
3160,Class_I_C103F1x10000,I,train,128,128,256,0,0.0,11520,17.578125,54016,82.421875,0,0.0,0,0.0,False,0,0.0,65536
3161,Class_I_C103F1x10000,I,train,128,256,256,0,0.0,11826,18.045044,53710,81.954956,0,0.0,0,0.0,False,0,0.0,65536
3162,Class_I_C103F1x10000,I,train,128,384,256,0,0.0,17722,27.041626,47814,72.958374,0,0.0,0,0.0,False,0,0.0,65536
3163,Class_I_C103F1x10000,I,train,128,512,256,0,0.0,19909,30.378723,45627,69.621277,0,0.0,0,0.0,False,0,0.0,65536
3164,Class_I_C103F1x10000,I,train,128,640,256,0,0.0,15108,23.052979,50428,76.947021,0,0.0,0,0.0,False,0,0.0,65536
3165,Class_I_C103F1x10000,I,train,128,768,256,0,0.0,12541,19.136047,52995,80.863953,0,0.0,0,0.0,False,0,0.0,65536
3166,Class_I_C103F1x10000,I,train,128,896,256,0,0.0,9832,15.002441,55704,84.997559,0,0.0,0,0.0,False,0,0.0,65536
3167,Class_I_C103F1x10000,I,train,128,1024,256,0,0.0,11933,18.208313,53603,81.791687,0,0.0,0,0.0,False,0,0.0,65536
3168,Class_I_C103F1x10000,I,train,256,0,256,0,0.0,12238,18.673706,53298,81.326294,0,0.0,0,0.0,False,0,0.0,65536
3169,Class_I_C103F1x10000,I,train,256,128,256,0,0.0,13065,19.935608,52471,80.064392,0,0.0,0,0.0,False,0,0.0,65536
3170,Class_I_C103F1x10000,I,train,256,256,256,0,0.0,12847,19.602966,52689,80.397034,0,0.0,0,0.0,False,0,0.0,65536
3171,Class_I_C103F1x10000,I,train,256,384,256,0,0.0,13057,19.923401,52479,80.076599,0,0.0,0,0.0,False,0,0.0,65536
3172,Class_I_C103F1x10000,I,train,256,512,256,0,0.0,11583,17.674255,53953,82.325745,0,0.0,0,0.0,False,0,0.0,65536
3173,Class_I_C103F1x10000,I,train,256,640,256,0,0.0,15863,24.205017,49673,75.794983,0,0.0,0,0.0,False,0,0.0,65536
3174,Class_I_C103F1x10000,I,train,256,768,256,0,0.0,19382,29.574585,46154,70.425415,0,0.0,0,0.0,False,0,0.0,65536
3175,Class_I_C103F1x10000,I,train,256,896,256,0,0.0,14787,22.563171,50749,77.436829,0,0.0,0,0.0,False,0,0.0,65536
3176,Class_I_C103F1x10000,I,train,256,1024,256,0,0.0,10668,16.278076,54868,83.721924,0,0.0,0,0.0,False,0,0.0,65536
3177,Class_I_C103F1x10000,I,train,384,0,256,0,0.0,10223,15.59906,55313,84.40094,0,0.0,0,0.0,False,0,0.0,65536
3178,Class_I_C103F1x10000,I,train,384,128,256,0,0.0,11936,18.212891,53600,81.787109,0,0.0,0,0.0,False,0,0.0,65536
3179,Class_I_C103F1x10000,I,train,384,256,256,0,0.0,12920,19.714355,52616,80.285645,0,0.0,0,0.0,False,0,0.0,65536
3180,Class_I_C103F1x10000,I,train,384,384,256,0,0.0,9476,14.459229,56060,85.540771,0,0.0,0,0.0,False,0,0.0,65536
3181,Class_I_C103F1x10000,I,train,384,512,256,0,0.0,6667,10.173035,58869,89.826965,0,0.0,0,0.0,False,0,0.0,65536
3182,Class_I_C103F1x10000,I,train,384,640,256,0,0.0,8601,13.124084,56935,86.875916,0,0.0,0,0.0,False,0,0.0,65536
3183,Class_I_C103F1x10000,I,train,384,768,256,0,0.0,17671,26.963806,47865,73.036194,0,0.0,0,0.0,False,0,0.0,65536
3184,Class_I_C103F1x10000,I,train,384,896,256,0,0.0,18354,28.005981,47182,71.994019,0,0.0,0,0.0,False,0,0.0,65536
3185,Class_I_C103F1x10000,I,train,384,1024,256,0,0.0,12169,18.56842,53367,81.43158,0,0.0,0,0.0,False,0,0.0,65536
3186,Class_I_C103F1x10000,I,train,512,0,256,0,0.0,11556,17.633057,53980,82.366943,0,0.0,0,0.0,False,0,0.0,65536
3187,Class_I_C103F1x10000,I,train,512,128,256,0,0.0,13054,19.918823,52482,80.081177,0,0.0,0,0.0,False,0,0.0,65536
3188,Class_I_C103F1x10000,I,train,512,256,256,0,0.0,8323,12.69989,57213,87.30011,0,0.0,0,0.0,False,0,0.0,65536
3189,Class_I_C103F1x10000,I,train,512,384,256,0,0.0,6389,9.74884,59147,90.25116,0,0.0,0,0.0,False,0,0.0,65536
3190,Class_I_C103F1x10000,I,train,512,512,256,0,0.0,6358,9.701538,59178,90.298462,0,0.0,0,0.0,False,0,0.0,65536
3191,Class_I_C103F1x10000,I,train,512,640,256,0,0.0,6222,9.494019,59314,90.505981,0,0.0,0,0.0,False,0,0.0,65536
3192,Class_I_C103F1x10000,I,train,512,768,256,0,0.0,13039,19.895935,52497,80.104065,0,0.0,0,0.0,False,0,0.0,65536
3193,Class_I_C103F1x10000,I,train,512,896,256,0,0.0,16972,25.897217,48564,74.102783,0,0.0,0,0.0,False,0,0.0,65536
3194,Class_I_C103F1x10000,I,train,512,1024,256,0,0.0,16737,25.538635,48799,74.461365,0,0.0,0,0.0,False,0,0.0,65536
3195,Class_I_C103F1x10000,I,train,640,0,256,0,0.0,13637,20.808411,51899,79.191589,0,0.0,0,0.0,False,0,0.0,65536
3196,Class_I_C103F1x10000,I,train,640,128,256,0,0.0,12032,18.359375,53504,81.640625,0,0.0,0,0.0,False,0,0.0,65536
3197,Class_I_C103F1x10000,I,train,640,256,256,0,0.0,4908,7.489014,60628,92.510986,0,0.0,0,0.0,False,0,0.0,65536
3198,Class_I_C103F1x10000,I,train,640,384,256,0,0.0,5006,7.63855,60530,92.36145,0,0.0,0,0.0,False,0,0.0,65536
3199,Class_I_C103F1x10000,I,train,640,512,256,0,0.0,6469,9.870911,59067,90.129089,0,0.0,0,0.0,False,0,0.0,65536
3200,Class_I_C103F1x10000,I,train,640,640,256,0,0.0,7797,11.897278,57739,88.102722,0,0.0,0,0.0,False,0,0.0,65536
3201,Class_I_C103F1x10000,I,train,640,768,256,0,0.0,8323,12.69989,57213,87.30011,0,0.0,0,0.0,False,0,0.0,65536
3202,Class_I_C103F1x10000,I,train,640,896,256,0,0.0,10598,16.171265,54938,83.828735,0,0.0,0,0.0,False,0,0.0,65536
3203,Class_I_C103F1x10000,I,train,640,1024,256,0,0.0,13401,20.448303,52135,79.551697,0,0.0,0,0.0,False,0,0.0,65536
3204,Class_I_C103F1x10000,I,train,703,0,256,0,0.0,13173,20.100403,52363,79.899597,0,0.0,0,0.0,False,0,0.0,65536
3205,Class_I_C103F1x10000,I,train,703,128,256,0,0.0,11847,18.077087,53689,81.922913,0,0.0,0,0.0,False,0,0.0,65536
3206,Class_I_C103F1x10000,I,train,703,256,256,0,0.0,8389,12.800598,57147,87.199402,0,0.0,0,0.0,False,0,0.0,65536
3207,Class_I_C103F1x10000,I,train,703,384,256,0,0.0,8065,12.306213,57471,87.693787,0,0.0,0,0.0,False,0,0.0,65536
3208,Class_I_C103F1x10000,I,train,703,512,256,0,0.0,7919,12.083435,57617,87.916565,0,0.0,0,0.0,False,0,0.0,65536
3209,Class_I_C103F1x10000,I,train,703,640,256,0,0.0,7892,12.042236,57644,87.957764,0,0.0,0,0.0,False,0,0.0,65536
3210,Class_I_C103F1x10000,I,train,703,768,256,0,0.0,6906,10.53772,58630,89.46228,0,0.0,0,0.0,False,0,0.0,65536
3211,Class_I_C103F1x10000,I,train,703,896,256,0,0.0,8512,12.988281,57024,87.011719,0,0.0,0,0.0,False,0,0.0,65536
3212,Class_I_C103F1x10000,I,train,703,1024,256,0,0.0,12264,18.713379,53272,81.286621,0,0.0,0,0.0,False,0,0.0,65536
3213,Class_I_C103F1x10000_2,I,test,0,0,256,0,0.0,11080,16.906738,53964,82.342529,492,0.750732,0,0.0,False,0,0.0,65536
3214,Class_I_C103F1x10000_2,I,test,0,128,256,0,0.0,9080,13.85498,56289,85.890198,167,0.254822,0,0.0,False,0,0.0,65536
3215,Class_I_C103F1x10000_2,I,test,0,256,256,0,0.0,10168,15.515137,55119,84.104919,249,0.379944,0,0.0,False,0,0.0,65536
3216,Class_I_C103F1x10000_2,I,test,0,384,256,0,0.0,14663,22.373962,50517,77.082825,356,0.543213,0,0.0,False,0,0.0,65536
3217,Class_I_C103F1x10000_2,I,test,0,512,256,0,0.0,12006,18.319702,52949,80.793762,581,0.886536,0,0.0,False,0,0.0,65536
3218,Class_I_C103F1x10000_2,I,test,0,640,256,0,0.0,8267,12.614441,56638,86.422729,631,0.96283,0,0.0,False,0,0.0,65536
3219,Class_I_C103F1x10000_2,I,test,0,768,256,0,0.0,6798,10.372925,58229,88.850403,509,0.776672,0,0.0,False,0,0.0,65536
3220,Class_I_C103F1x10000_2,I,test,0,896,256,0,0.0,8058,12.295532,56746,86.587524,732,1.116943,0,0.0,False,0,0.0,65536
3221,Class_I_C103F1x10000_2,I,test,0,1024,256,0,0.0,7936,12.109375,57109,87.141418,491,0.749207,0,0.0,False,0,0.0,65536
3222,Class_I_C103F1x10000_2,I,test,128,0,256,0,0.0,10549,16.096497,54551,83.23822,436,0.665283,0,0.0,False,0,0.0,65536
3223,Class_I_C103F1x10000_2,I,test,128,128,256,0,0.0,10466,15.969849,54741,83.528137,329,0.502014,0,0.0,False,0,0.0,65536
3224,Class_I_C103F1x10000_2,I,test,128,256,256,0,0.0,11755,17.936707,53511,81.651306,270,0.411987,0,0.0,False,0,0.0,65536
3225,Class_I_C103F1x10000_2,I,test,128,384,256,0,0.0,15647,23.875427,49691,75.822449,198,0.302124,0,0.0,False,0,0.0,65536
3226,Class_I_C103F1x10000_2,I,test,128,512,256,0,0.0,14331,21.867371,50908,77.679443,297,0.453186,0,0.0,False,0,0.0,65536
3227,Class_I_C103F1x10000_2,I,test,128,640,256,0,0.0,9526,14.535522,55467,84.635925,543,0.828552,0,0.0,False,0,0.0,65536
3228,Class_I_C103F1x10000_2,I,test,128,768,256,0,0.0,7919,12.083435,56883,86.79657,734,1.119995,0,0.0,False,0,0.0,65536
3229,Class_I_C103F1x10000_2,I,test,128,896,256,0,0.0,8059,12.297058,56872,86.779785,605,0.923157,0,0.0,False,0,0.0,65536
3230,Class_I_C103F1x10000_2,I,test,128,1024,256,0,0.0,12229,18.659973,53135,81.077576,172,0.262451,0,0.0,False,0,0.0,65536
3231,Class_I_C103F1x10000_2,I,test,256,0,256,0,0.0,13606,20.761108,51497,78.578186,433,0.660706,0,0.0,False,0,0.0,65536
3232,Class_I_C103F1x10000_2,I,test,256,128,256,0,0.0,12746,19.448853,52339,79.862976,451,0.688171,0,0.0,False,0,0.0,65536
3233,Class_I_C103F1x10000_2,I,test,256,256,256,0,0.0,13176,20.10498,52056,79.431152,304,0.463867,0,0.0,False,0,0.0,65536
3234,Class_I_C103F1x10000_2,I,test,256,384,256,0,0.0,15117,23.066711,49980,76.263428,439,0.669861,0,0.0,False,0,0.0,65536
3235,Class_I_C103F1x10000_2,I,test,256,512,256,0,0.0,14191,21.653748,50993,77.809143,352,0.537109,0,0.0,False,0,0.0,65536
3236,Class_I_C103F1x10000_2,I,test,256,640,256,0,0.0,10278,15.682983,54935,83.824158,323,0.492859,0,0.0,False,0,0.0,65536
3237,Class_I_C103F1x10000_2,I,test,256,768,256,0,0.0,9680,14.770508,55157,84.162903,699,1.066589,0,0.0,False,0,0.0,65536
3238,Class_I_C103F1x10000_2,I,test,256,896,256,0,0.0,9285,14.167786,55558,84.77478,693,1.057434,0,0.0,False,0,0.0,65536
3239,Class_I_C103F1x10000_2,I,test,256,1024,256,0,0.0,12496,19.067383,52723,80.448914,317,0.483704,0,0.0,False,0,0.0,65536
3240,Class_I_C103F1x10000_2,I,test,384,0,256,0,0.0,15900,24.261475,48998,74.765015,638,0.973511,0,0.0,False,0,0.0,65536
3241,Class_I_C103F1x10000_2,I,test,384,128,256,0,0.0,13568,20.703125,51685,78.865051,283,0.431824,0,0.0,False,0,0.0,65536
3242,Class_I_C103F1x10000_2,I,test,384,256,256,0,0.0,10310,15.731812,55080,84.04541,146,0.222778,0,0.0,False,0,0.0,65536
3243,Class_I_C103F1x10000_2,I,test,384,384,256,0,0.0,10468,15.9729,54716,83.48999,352,0.537109,0,0.0,False,0,0.0,65536
3244,Class_I_C103F1x10000_2,I,test,384,512,256,0,0.0,9069,13.838196,56082,85.574341,385,0.587463,0,0.0,False,0,0.0,65536
3245,Class_I_C103F1x10000_2,I,test,384,640,256,0,0.0,7084,10.809326,58186,88.78479,266,0.405884,0,0.0,False,0,0.0,65536
3246,Class_I_C103F1x10000_2,I,test,384,768,256,0,0.0,6252,9.539795,58835,89.775085,449,0.68512,0,0.0,False,0,0.0,65536
3247,Class_I_C103F1x10000_2,I,test,384,896,256,0,0.0,6866,10.476685,58093,88.642883,577,0.880432,0,0.0,False,0,0.0,65536
3248,Class_I_C103F1x10000_2,I,test,384,1024,256,0,0.0,8067,12.309265,57132,87.176514,337,0.514221,0,0.0,False,0,0.0,65536
3249,Class_I_C103F1x10000_2,I,test,512,0,256,0,0.0,8922,13.613892,56106,85.610962,508,0.775146,0,0.0,False,0,0.0,65536
3250,Class_I_C103F1x10000_2,I,test,512,128,256,0,0.0,10485,15.99884,54873,83.729553,178,0.271606,0,0.0,False,0,0.0,65536
3251,Class_I_C103F1x10000_2,I,test,512,256,256,0,0.0,8737,13.331604,56650,86.44104,149,0.227356,0,0.0,False,0,0.0,65536
3252,Class_I_C103F1x10000_2,I,test,512,384,256,0,0.0,6634,10.122681,58654,89.498901,248,0.378418,0,0.0,False,0,0.0,65536
3253,Class_I_C103F1x10000_2,I,test,512,512,256,0,0.0,6212,9.47876,58939,89.933777,385,0.587463,0,0.0,False,0,0.0,65536
3254,Class_I_C103F1x10000_2,I,test,512,640,256,0,0.0,8657,13.209534,56437,86.116028,442,0.674438,0,0.0,False,0,0.0,65536
3255,Class_I_C103F1x10000_2,I,test,512,768,256,0,0.0,8225,12.550354,56795,86.662292,516,0.787354,0,0.0,False,0,0.0,65536
3256,Class_I_C103F1x10000_2,I,test,512,896,256,0,0.0,6851,10.453796,58127,88.694763,558,0.85144,0,0.0,False,0,0.0,65536
3257,Class_I_C103F1x10000_2,I,test,512,1024,256,0,0.0,10050,15.335083,55142,84.140015,344,0.524902,0,0.0,False,0,0.0,65536
3258,Class_I_C103F1x10000_2,I,test,640,0,256,0,0.0,8502,12.973022,56783,86.643982,251,0.382996,0,0.0,False,0,0.0,65536
3259,Class_I_C103F1x10000_2,I,test,640,128,256,0,0.0,8052,12.286377,57243,87.345886,241,0.367737,0,0.0,False,0,0.0,65536
3260,Class_I_C103F1x10000_2,I,test,640,256,256,0,0.0,9353,14.271545,55819,85.173035,364,0.55542,0,0.0,False,0,0.0,65536
3261,Class_I_C103F1x10000_2,I,test,640,384,256,0,0.0,7661,11.689758,57564,87.835693,311,0.474548,0,0.0,False,0,0.0,65536
3262,Class_I_C103F1x10000_2,I,test,640,512,256,0,0.0,9309,14.204407,55819,85.173035,408,0.622559,0,0.0,False,0,0.0,65536
3263,Class_I_C103F1x10000_2,I,test,640,640,256,0,0.0,11055,16.868591,54081,82.521057,400,0.610352,0,0.0,False,0,0.0,65536
3264,Class_I_C103F1x10000_2,I,test,640,768,256,0,0.0,10052,15.338135,55136,84.130859,348,0.531006,0,0.0,False,0,0.0,65536
3265,Class_I_C103F1x10000_2,I,test,640,896,256,0,0.0,9720,14.831543,55400,84.533691,416,0.634766,0,0.0,False,0,0.0,65536
3266,Class_I_C103F1x10000_2,I,test,640,1024,256,0,0.0,11740,17.913818,53513,81.654358,283,0.431824,0,0.0,False,0,0.0,65536
3267,Class_I_C103F1x10000_2,I,test,703,0,256,0,0.0,10099,15.409851,55094,84.066772,343,0.523376,0,0.0,False,0,0.0,65536
3268,Class_I_C103F1x10000_2,I,test,703,128,256,0,0.0,6318,9.640503,59055,90.110779,163,0.248718,0,0.0,False,0,0.0,65536
3269,Class_I_C103F1x10000_2,I,test,703,256,256,0,0.0,8448,12.890625,56671,86.473083,417,0.636292,0,0.0,False,0,0.0,65536
3270,Class_I_C103F1x10000_2,I,test,703,384,256,0,0.0,8577,13.087463,56464,86.157227,495,0.75531,0,0.0,False,0,0.0,65536
3271,Class_I_C103F1x10000_2,I,test,703,512,256,0,0.0,10357,15.803528,54698,83.462524,481,0.733948,0,0.0,False,0,0.0,65536
3272,Class_I_C103F1x10000_2,I,test,703,640,256,0,0.0,12101,18.464661,52972,80.828857,463,0.706482,0,0.0,False,0,0.0,65536
3273,Class_I_C103F1x10000_2,I,test,703,768,256,0,0.0,11325,17.280579,53793,82.081604,418,0.637817,0,0.0,False,0,0.0,65536
3274,Class_I_C103F1x10000_2,I,test,703,896,256,0,0.0,10501,16.023254,54590,83.297729,445,0.679016,0,0.0,False,0,0.0,65536
3275,Class_I_C103F1x10000_2,I,test,703,1024,256,0,0.0,11405,17.402649,53887,82.225037,244,0.372314,0,0.0,False,0,0.0,65536
3276,Class_I_C103F1x15000,I,train,0,0,256,0,0.0,11074,16.897583,54462,83.102417,0,0.0,0,0.0,False,0,0.0,65536
3277,Class_I_C103F1x15000,I,train,0,128,256,0,0.0,6872,10.48584,58664,89.51416,0,0.0,0,0.0,False,0,0.0,65536
3278,Class_I_C103F1x15000,I,train,0,256,256,0,0.0,6031,9.202576,59505,90.797424,0,0.0,0,0.0,False,0,0.0,65536
3279,Class_I_C103F1x15000,I,train,0,384,256,0,0.0,10751,16.404724,54785,83.595276,0,0.0,0,0.0,False,0,0.0,65536
3280,Class_I_C103F1x15000,I,train,0,512,256,0,0.0,10683,16.300964,54853,83.699036,0,0.0,0,0.0,False,0,0.0,65536
3281,Class_I_C103F1x15000,I,train,0,640,256,0,0.0,8358,12.753296,57178,87.246704,0,0.0,0,0.0,False,0,0.0,65536
3282,Class_I_C103F1x15000,I,train,0,768,256,0,0.0,8187,12.492371,57349,87.507629,0,0.0,0,0.0,False,0,0.0,65536
3283,Class_I_C103F1x15000,I,train,0,896,256,0,0.0,4955,7.56073,60581,92.43927,0,0.0,0,0.0,False,0,0.0,65536
3284,Class_I_C103F1x15000,I,train,0,1024,256,0,0.0,10835,16.532898,54701,83.467102,0,0.0,0,0.0,False,0,0.0,65536
3285,Class_I_C103F1x15000,I,train,128,0,256,0,0.0,10179,15.531921,55357,84.468079,0,0.0,0,0.0,False,0,0.0,65536
3286,Class_I_C103F1x15000,I,train,128,128,256,0,0.0,10996,16.778564,54540,83.221436,0,0.0,0,0.0,False,0,0.0,65536
3287,Class_I_C103F1x15000,I,train,128,256,256,0,0.0,8270,12.619019,57266,87.380981,0,0.0,0,0.0,False,0,0.0,65536
3288,Class_I_C103F1x15000,I,train,128,384,256,0,0.0,11081,16.908264,54455,83.091736,0,0.0,0,0.0,False,0,0.0,65536
3289,Class_I_C103F1x15000,I,train,128,512,256,0,0.0,14264,21.765137,51272,78.234863,0,0.0,0,0.0,False,0,0.0,65536
3290,Class_I_C103F1x15000,I,train,128,640,256,0,0.0,14856,22.668457,50680,77.331543,0,0.0,0,0.0,False,0,0.0,65536
3291,Class_I_C103F1x15000,I,train,128,768,256,0,0.0,13664,20.849609,51872,79.150391,0,0.0,0,0.0,False,0,0.0,65536
3292,Class_I_C103F1x15000,I,train,128,896,256,0,0.0,8168,12.463379,57368,87.536621,0,0.0,0,0.0,False,0,0.0,65536
3293,Class_I_C103F1x15000,I,train,128,1024,256,0,0.0,12494,19.064331,53042,80.935669,0,0.0,0,0.0,False,0,0.0,65536
3294,Class_I_C103F1x15000,I,train,256,0,256,0,0.0,8562,13.064575,56974,86.935425,0,0.0,0,0.0,False,0,0.0,65536
3295,Class_I_C103F1x15000,I,train,256,128,256,0,0.0,12088,18.444824,53448,81.555176,0,0.0,0,0.0,False,0,0.0,65536
3296,Class_I_C103F1x15000,I,train,256,256,256,0,0.0,10562,16.116333,54974,83.883667,0,0.0,0,0.0,False,0,0.0,65536
3297,Class_I_C103F1x15000,I,train,256,384,256,0,0.0,18634,28.433228,46902,71.566772,0,0.0,0,0.0,False,0,0.0,65536
3298,Class_I_C103F1x15000,I,train,256,512,256,0,0.0,18418,28.103638,47118,71.896362,0,0.0,0,0.0,False,0,0.0,65536
3299,Class_I_C103F1x15000,I,train,256,640,256,0,0.0,11718,17.880249,53818,82.119751,0,0.0,0,0.0,False,0,0.0,65536
3300,Class_I_C103F1x15000,I,train,256,768,256,0,0.0,11938,18.215942,53598,81.784058,0,0.0,0,0.0,False,0,0.0,65536
3301,Class_I_C103F1x15000,I,train,256,896,256,0,0.0,9310,14.205933,56226,85.794067,0,0.0,0,0.0,False,0,0.0,65536
3302,Class_I_C103F1x15000,I,train,256,1024,256,0,0.0,12901,19.685364,52635,80.314636,0,0.0,0,0.0,False,0,0.0,65536
3303,Class_I_C103F1x15000,I,train,384,0,256,0,0.0,9649,14.723206,55887,85.276794,0,0.0,0,0.0,False,0,0.0,65536
3304,Class_I_C103F1x15000,I,train,384,128,256,0,0.0,8039,12.266541,57497,87.733459,0,0.0,0,0.0,False,0,0.0,65536
3305,Class_I_C103F1x15000,I,train,384,256,256,0,0.0,11385,17.372131,54151,82.627869,0,0.0,0,0.0,False,0,0.0,65536
3306,Class_I_C103F1x15000,I,train,384,384,256,0,0.0,19376,29.56543,46160,70.43457,0,0.0,0,0.0,False,0,0.0,65536
3307,Class_I_C103F1x15000,I,train,384,512,256,0,0.0,15155,23.124695,50381,76.875305,0,0.0,0,0.0,False,0,0.0,65536
3308,Class_I_C103F1x15000,I,train,384,640,256,0,0.0,7613,11.616516,57923,88.383484,0,0.0,0,0.0,False,0,0.0,65536
3309,Class_I_C103F1x15000,I,train,384,768,256,0,0.0,10794,16.470337,54742,83.529663,0,0.0,0,0.0,False,0,0.0,65536
3310,Class_I_C103F1x15000,I,train,384,896,256,0,0.0,10847,16.551208,54689,83.448792,0,0.0,0,0.0,False,0,0.0,65536
3311,Class_I_C103F1x15000,I,train,384,1024,256,0,0.0,15895,24.253845,49641,75.746155,0,0.0,0,0.0,False,0,0.0,65536
3312,Class_I_C103F1x15000,I,train,512,0,256,0,0.0,13878,21.176147,51658,78.823853,0,0.0,0,0.0,False,0,0.0,65536
3313,Class_I_C103F1x15000,I,train,512,128,256,0,0.0,10726,16.366577,54810,83.633423,0,0.0,0,0.0,False,0,0.0,65536
3314,Class_I_C103F1x15000,I,train,512,256,256,0,0.0,8294,12.65564,57242,87.34436,0,0.0,0,0.0,False,0,0.0,65536
3315,Class_I_C103F1x15000,I,train,512,384,256,0,0.0,9599,14.646912,55937,85.353088,0,0.0,0,0.0,False,0,0.0,65536
3316,Class_I_C103F1x15000,I,train,512,512,256,0,0.0,10419,15.898132,55117,84.101868,0,0.0,0,0.0,False,0,0.0,65536
3317,Class_I_C103F1x15000,I,train,512,640,256,0,0.0,10484,15.997314,55052,84.002686,0,0.0,0,0.0,False,0,0.0,65536
3318,Class_I_C103F1x15000,I,train,512,768,256,0,0.0,10776,16.442871,54760,83.557129,0,0.0,0,0.0,False,0,0.0,65536
3319,Class_I_C103F1x15000,I,train,512,896,256,0,0.0,10194,15.55481,55342,84.44519,0,0.0,0,0.0,False,0,0.0,65536
3320,Class_I_C103F1x15000,I,train,512,1024,256,0,0.0,12393,18.910217,53143,81.089783,0,0.0,0,0.0,False,0,0.0,65536
3321,Class_I_C103F1x15000,I,train,640,0,256,0,0.0,13529,20.643616,52007,79.356384,0,0.0,0,0.0,False,0,0.0,65536
3322,Class_I_C103F1x15000,I,train,640,128,256,0,0.0,13958,21.298218,51578,78.701782,0,0.0,0,0.0,False,0,0.0,65536
3323,Class_I_C103F1x15000,I,train,640,256,256,0,0.0,8728,13.317871,56808,86.682129,0,0.0,0,0.0,False,0,0.0,65536
3324,Class_I_C103F1x15000,I,train,640,384,256,0,0.0,8530,13.015747,57006,86.984253,0,0.0,0,0.0,False,0,0.0,65536
3325,Class_I_C103F1x15000,I,train,640,512,256,0,0.0,8737,13.331604,56799,86.668396,0,0.0,0,0.0,False,0,0.0,65536
3326,Class_I_C103F1x15000,I,train,640,640,256,0,0.0,9986,15.237427,55550,84.762573,0,0.0,0,0.0,False,0,0.0,65536
3327,Class_I_C103F1x15000,I,train,640,768,256,0,0.0,8803,13.432312,56733,86.567688,0,0.0,0,0.0,False,0,0.0,65536
3328,Class_I_C103F1x15000,I,train,640,896,256,0,0.0,7654,11.679077,57882,88.320923,0,0.0,0,0.0,False,0,0.0,65536
3329,Class_I_C103F1x15000,I,train,640,1024,256,0,0.0,16705,25.489807,48831,74.510193,0,0.0,0,0.0,False,0,0.0,65536
3330,Class_I_C103F1x15000,I,train,703,0,256,0,0.0,12236,18.670654,53300,81.329346,0,0.0,0,0.0,False,0,0.0,65536
3331,Class_I_C103F1x15000,I,train,703,128,256,0,0.0,10413,15.888977,55123,84.111023,0,0.0,0,0.0,False,0,0.0,65536
3332,Class_I_C103F1x15000,I,train,703,256,256,0,0.0,9244,14.105225,56292,85.894775,0,0.0,0,0.0,False,0,0.0,65536
3333,Class_I_C103F1x15000,I,train,703,384,256,0,0.0,8649,13.197327,56887,86.802673,0,0.0,0,0.0,False,0,0.0,65536
3334,Class_I_C103F1x15000,I,train,703,512,256,0,0.0,8130,12.405396,57406,87.594604,0,0.0,0,0.0,False,0,0.0,65536
3335,Class_I_C103F1x15000,I,train,703,640,256,0,0.0,11281,17.21344,54255,82.78656,0,0.0,0,0.0,False,0,0.0,65536
3336,Class_I_C103F1x15000,I,train,703,768,256,0,0.0,11053,16.86554,54483,83.13446,0,0.0,0,0.0,False,0,0.0,65536
3337,Class_I_C103F1x15000,I,train,703,896,256,0,0.0,8110,12.374878,57426,87.625122,0,0.0,0,0.0,False,0,0.0,65536
3338,Class_I_C103F1x15000,I,train,703,1024,256,0,0.0,15408,23.510742,50128,76.489258,0,0.0,0,0.0,False,0,0.0,65536
3339,Class_I_C103F1x20000,I,val,0,0,256,0,0.0,8599,13.121033,56389,86.042786,548,0.836182,0,0.0,False,0,0.0,65536
3340,Class_I_C103F1x20000,I,val,0,128,256,0,0.0,6259,9.550476,58936,89.929199,341,0.520325,0,0.0,False,0,0.0,65536
3341,Class_I_C103F1x20000,I,val,0,256,256,0,0.0,10019,15.287781,55152,84.155273,365,0.556946,0,0.0,False,0,0.0,65536
3342,Class_I_C103F1x20000,I,val,0,384,256,0,0.0,16369,24.977112,48898,74.612427,269,0.410461,0,0.0,False,0,0.0,65536
3343,Class_I_C103F1x20000,I,val,0,512,256,0,0.0,14316,21.844482,50738,77.420044,482,0.735474,0,0.0,False,0,0.0,65536
3344,Class_I_C103F1x20000,I,val,0,640,256,0,0.0,11829,18.049622,53225,81.214905,482,0.735474,0,0.0,False,0,0.0,65536
3345,Class_I_C103F1x20000,I,val,0,768,256,0,0.0,9684,14.776611,55852,85.223389,0,0.0,0,0.0,False,0,0.0,65536
3346,Class_I_C103F1x20000,I,val,0,896,256,0,0.0,7088,10.81543,58448,89.18457,0,0.0,0,0.0,False,0,0.0,65536
3347,Class_I_C103F1x20000,I,val,0,1024,256,0,0.0,6813,10.395813,58723,89.604187,0,0.0,0,0.0,False,0,0.0,65536
3348,Class_I_C103F1x20000,I,val,128,0,256,0,0.0,9480,14.465332,55822,85.177612,234,0.357056,0,0.0,False,0,0.0,65536
3349,Class_I_C103F1x20000,I,val,128,128,256,0,0.0,6959,10.618591,58308,88.970947,269,0.410461,0,0.0,False,0,0.0,65536
3350,Class_I_C103F1x20000,I,val,128,256,256,0,0.0,9487,14.476013,55823,85.179138,226,0.344849,0,0.0,False,0,0.0,65536
3351,Class_I_C103F1x20000,I,val,128,384,256,0,0.0,16417,25.050354,48838,74.520874,281,0.428772,0,0.0,False,0,0.0,65536
3352,Class_I_C103F1x20000,I,val,128,512,256,0,0.0,16522,25.210571,47910,73.104858,1104,1.68457,0,0.0,False,0,0.0,65536
3353,Class_I_C103F1x20000,I,val,128,640,256,0,0.0,13550,20.675659,51163,78.068542,823,1.255798,0,0.0,False,0,0.0,65536
3354,Class_I_C103F1x20000,I,val,128,768,256,0,0.0,15183,23.167419,50353,76.832581,0,0.0,0,0.0,False,0,0.0,65536
3355,Class_I_C103F1x20000,I,val,128,896,256,0,0.0,12458,19.009399,53073,80.982971,5,0.007629,0,0.0,False,0,0.0,65536
3356,Class_I_C103F1x20000,I,val,128,1024,256,0,0.0,9373,14.302063,56158,85.690308,5,0.007629,0,0.0,False,0,0.0,65536
3357,Class_I_C103F1x20000,I,val,256,0,256,0,0.0,18397,28.071594,47054,71.798706,85,0.1297,0,0.0,False,0,0.0,65536
3358,Class_I_C103F1x20000,I,val,256,128,256,0,0.0,9014,13.754272,56376,86.022949,146,0.222778,0,0.0,False,0,0.0,65536
3359,Class_I_C103F1x20000,I,val,256,256,256,0,0.0,5728,8.740234,59678,91.061401,130,0.198364,0,0.0,False,0,0.0,65536
3360,Class_I_C103F1x20000,I,val,256,384,256,0,0.0,6041,9.217834,58829,89.76593,666,1.016235,0,0.0,False,0,0.0,65536
3361,Class_I_C103F1x20000,I,val,256,512,256,0,0.0,9335,14.24408,55173,84.187317,1028,1.568604,0,0.0,False,0,0.0,65536
3362,Class_I_C103F1x20000,I,val,256,640,256,0,0.0,6475,9.880066,58699,89.567566,362,0.552368,0,0.0,False,0,0.0,65536
3363,Class_I_C103F1x20000,I,val,256,768,256,0,0.0,10927,16.673279,54609,83.326721,0,0.0,0,0.0,False,0,0.0,65536
3364,Class_I_C103F1x20000,I,val,256,896,256,0,0.0,17594,26.846313,47414,72.348022,528,0.805664,0,0.0,False,0,0.0,65536
3365,Class_I_C103F1x20000,I,val,256,1024,256,0,0.0,16042,24.478149,48966,74.716187,528,0.805664,0,0.0,False,0,0.0,65536
3366,Class_I_C103F1x20000,I,val,384,0,256,0,0.0,24986,38.12561,40550,61.87439,0,0.0,0,0.0,False,0,0.0,65536
3367,Class_I_C103F1x20000,I,val,384,128,256,0,0.0,20053,30.59845,45483,69.40155,0,0.0,0,0.0,False,0,0.0,65536
3368,Class_I_C103F1x20000,I,val,384,256,256,0,0.0,8773,13.386536,56380,86.029053,383,0.584412,0,0.0,False,0,0.0,65536
3369,Class_I_C103F1x20000,I,val,384,384,256,0,0.0,5619,8.573914,59149,90.254211,768,1.171875,0,0.0,False,0,0.0,65536
3370,Class_I_C103F1x20000,I,val,384,512,256,0,0.0,5157,7.868958,59994,91.543579,385,0.587463,0,0.0,False,0,0.0,65536
3371,Class_I_C103F1x20000,I,val,384,640,256,0,0.0,3479,5.308533,62057,94.691467,0,0.0,0,0.0,False,0,0.0,65536
3372,Class_I_C103F1x20000,I,val,384,768,256,0,0.0,6575,10.032654,58508,89.276123,453,0.691223,0,0.0,False,0,0.0,65536
3373,Class_I_C103F1x20000,I,val,384,896,256,0,0.0,13881,21.180725,50679,77.330017,976,1.489258,0,0.0,False,0,0.0,65536
3374,Class_I_C103F1x20000,I,val,384,1024,256,0,0.0,18438,28.134155,46575,71.06781,523,0.798035,0,0.0,False,0,0.0,65536
3375,Class_I_C103F1x20000,I,val,512,0,256,0,0.0,17077,26.057434,48120,73.425293,339,0.517273,0,0.0,False,0,0.0,65536
3376,Class_I_C103F1x20000,I,val,512,128,256,0,0.0,17597,26.850891,47939,73.149109,0,0.0,0,0.0,False,0,0.0,65536
3377,Class_I_C103F1x20000,I,val,512,256,256,0,0.0,7669,11.701965,57484,87.713623,383,0.584412,0,0.0,False,0,0.0,65536
3378,Class_I_C103F1x20000,I,val,512,384,256,0,0.0,11240,17.150879,53818,82.119751,478,0.72937,0,0.0,False,0,0.0,65536
3379,Class_I_C103F1x20000,I,val,512,512,256,0,0.0,12738,19.436646,52487,80.088806,311,0.474548,0,0.0,False,0,0.0,65536
3380,Class_I_C103F1x20000,I,val,512,640,256,0,0.0,8821,13.459778,56253,85.835266,462,0.704956,0,0.0,False,0,0.0,65536
3381,Class_I_C103F1x20000,I,val,512,768,256,0,0.0,8912,13.598633,55901,85.298157,723,1.10321,0,0.0,False,0,0.0,65536
3382,Class_I_C103F1x20000,I,val,512,896,256,0,0.0,8647,13.194275,56412,86.077881,477,0.727844,0,0.0,False,0,0.0,65536
3383,Class_I_C103F1x20000,I,val,512,1024,256,0,0.0,19288,29.431152,46248,70.568848,0,0.0,0,0.0,False,0,0.0,65536
3384,Class_I_C103F1x20000,I,val,640,0,256,0,0.0,7239,11.045837,57958,88.43689,339,0.517273,0,0.0,False,0,0.0,65536
3385,Class_I_C103F1x20000,I,val,640,128,256,0,0.0,13373,20.405579,52163,79.594421,0,0.0,0,0.0,False,0,0.0,65536
3386,Class_I_C103F1x20000,I,val,640,256,256,0,0.0,12136,18.518066,53400,81.481934,0,0.0,0,0.0,False,0,0.0,65536
3387,Class_I_C103F1x20000,I,val,640,384,256,0,0.0,15039,22.947693,50402,76.907349,95,0.144958,0,0.0,False,0,0.0,65536
3388,Class_I_C103F1x20000,I,val,640,512,256,0,0.0,26990,41.183472,38235,58.34198,311,0.474548,0,0.0,False,0,0.0,65536
3389,Class_I_C103F1x20000,I,val,640,640,256,0,0.0,22762,34.732056,41983,64.060974,791,1.20697,0,0.0,False,0,0.0,65536
3390,Class_I_C103F1x20000,I,val,640,768,256,0,0.0,11836,18.060303,53101,81.025696,599,0.914001,0,0.0,False,0,0.0,65536
3391,Class_I_C103F1x20000,I,val,640,896,256,0,0.0,5481,8.363342,60031,91.600037,24,0.036621,0,0.0,False,0,0.0,65536
3392,Class_I_C103F1x20000,I,val,640,1024,256,0,0.0,13789,21.040344,51452,78.509521,295,0.450134,0,0.0,False,0,0.0,65536
3393,Class_I_C103F1x20000,I,val,703,0,256,0,0.0,4120,6.286621,61282,93.508911,134,0.204468,0,0.0,False,0,0.0,65536
3394,Class_I_C103F1x20000,I,val,703,128,256,0,0.0,10570,16.12854,54966,83.87146,0,0.0,0,0.0,False,0,0.0,65536
3395,Class_I_C103F1x20000,I,val,703,256,256,0,0.0,10552,16.101074,54984,83.898926,0,0.0,0,0.0,False,0,0.0,65536
3396,Class_I_C103F1x20000,I,val,703,384,256,0,0.0,8851,13.505554,56590,86.349487,95,0.144958,0,0.0,False,0,0.0,65536
3397,Class_I_C103F1x20000,I,val,703,512,256,0,0.0,24457,37.31842,40768,62.207031,311,0.474548,0,0.0,False,0,0.0,65536
3398,Class_I_C103F1x20000,I,val,703,640,256,0,0.0,27074,41.311646,37671,57.481384,791,1.20697,0,0.0,False,0,0.0,65536
3399,Class_I_C103F1x20000,I,val,703,768,256,0,0.0,15569,23.756409,49392,75.366211,575,0.87738,0,0.0,False,0,0.0,65536
3400,Class_I_C103F1x20000,I,val,703,896,256,0,0.0,12207,18.626404,53329,81.373596,0,0.0,0,0.0,False,0,0.0,65536
3401,Class_I_C103F1x20000,I,val,703,1024,256,0,0.0,16788,25.616455,48426,73.892212,322,0.491333,0,0.0,False,0,0.0,65536
3402,Class_I_C104F1x10000,I,train,0,0,256,0,0.0,9309,14.204407,52824,80.603027,3403,5.192566,0,0.0,False,0,0.0,65536
3403,Class_I_C104F1x10000,I,train,0,128,256,0,0.0,12278,18.734741,47362,72.268677,5896,8.996582,0,0.0,False,0,0.0,65536
3404,Class_I_C104F1x10000,I,train,0,256,256,0,0.0,11256,17.175293,46730,71.304321,7550,11.520386,0,0.0,False,0,0.0,65536
3405,Class_I_C104F1x10000,I,train,0,384,256,0,0.0,13182,20.114136,48753,74.391174,3601,5.49469,0,0.0,False,0,0.0,65536
3406,Class_I_C104F1x10000,I,train,0,512,256,0,0.0,15548,23.724365,48570,74.111938,1418,2.163696,0,0.0,False,0,0.0,65536
3407,Class_I_C104F1x10000,I,train,0,640,256,0,0.0,18649,28.456116,44566,68.002319,2321,3.541565,0,0.0,False,0,0.0,65536
3408,Class_I_C104F1x10000,I,train,0,768,256,0,0.0,16453,25.105286,41463,63.267517,7620,11.627197,0,0.0,False,0,0.0,65536
3409,Class_I_C104F1x10000,I,train,0,896,256,0,0.0,12011,18.327332,45296,69.116211,8229,12.556458,0,0.0,False,0,0.0,65536
3410,Class_I_C104F1x10000,I,train,0,1024,256,0,0.0,13096,19.98291,47002,71.71936,5438,8.297729,0,0.0,False,0,0.0,65536
3411,Class_I_C104F1x10000,I,train,128,0,256,0,0.0,9923,15.141296,51777,79.005432,3836,5.853271,0,0.0,False,0,0.0,65536
3412,Class_I_C104F1x10000,I,train,128,128,256,0,0.0,13743,20.970154,48899,74.613953,2894,4.415894,0,0.0,False,0,0.0,65536
3413,Class_I_C104F1x10000,I,train,128,256,256,0,0.0,12997,19.831848,46911,71.580505,5628,8.587646,0,0.0,False,0,0.0,65536
3414,Class_I_C104F1x10000,I,train,128,384,256,0,0.0,15093,23.03009,44186,67.422485,6257,9.547424,0,0.0,False,0,0.0,65536
3415,Class_I_C104F1x10000,I,train,128,512,256,0,0.0,19392,29.589844,42810,65.322876,3334,5.08728,0,0.0,False,0,0.0,65536
3416,Class_I_C104F1x10000,I,train,128,640,256,0,0.0,20558,31.369019,43996,67.132568,982,1.498413,0,0.0,False,0,0.0,65536
3417,Class_I_C104F1x10000,I,train,128,768,256,0,0.0,18843,28.752136,44380,67.718506,2313,3.529358,0,0.0,False,0,0.0,65536
3418,Class_I_C104F1x10000,I,train,128,896,256,0,0.0,13941,21.272278,48166,73.495483,3429,5.232239,0,0.0,False,0,0.0,65536
3419,Class_I_C104F1x10000,I,train,128,1024,256,0,0.0,17951,27.391052,43393,66.212463,4192,6.396484,0,0.0,False,0,0.0,65536
3420,Class_I_C104F1x10000,I,train,256,0,256,0,0.0,9689,14.784241,50903,77.671814,4944,7.543945,0,0.0,False,0,0.0,65536
3421,Class_I_C104F1x10000,I,train,256,128,256,0,0.0,10160,15.50293,51480,78.552246,3896,5.944824,0,0.0,False,0,0.0,65536
3422,Class_I_C104F1x10000,I,train,256,256,256,0,0.0,12968,19.787598,46389,70.783997,6179,9.428406,0,0.0,False,0,0.0,65536
3423,Class_I_C104F1x10000,I,train,256,384,256,0,0.0,20589,31.416321,38615,58.921814,6332,9.661865,0,0.0,False,0,0.0,65536
3424,Class_I_C104F1x10000,I,train,256,512,256,0,0.0,23639,36.070251,38096,58.129883,3801,5.799866,0,0.0,False,0,0.0,65536
3425,Class_I_C104F1x10000,I,train,256,640,256,0,0.0,21693,33.100891,42861,65.400696,982,1.498413,0,0.0,False,0,0.0,65536
3426,Class_I_C104F1x10000,I,train,256,768,256,0,0.0,20876,31.854248,42248,64.465332,2412,3.68042,0,0.0,False,0,0.0,65536
3427,Class_I_C104F1x10000,I,train,256,896,256,0,0.0,18663,28.477478,42527,64.891052,4346,6.63147,0,0.0,False,0,0.0,65536
3428,Class_I_C104F1x10000,I,train,256,1024,256,0,0.0,20379,31.095886,41592,63.464355,3565,5.439758,0,0.0,False,0,0.0,65536
3429,Class_I_C104F1x10000,I,train,384,0,256,0,0.0,8610,13.137817,50464,77.001953,6462,9.860229,0,0.0,False,0,0.0,65536
3430,Class_I_C104F1x10000,I,train,384,128,256,0,0.0,9556,14.581299,51443,78.495789,4537,6.922913,0,0.0,False,0,0.0,65536
3431,Class_I_C104F1x10000,I,train,384,256,256,0,0.0,15844,24.176025,44818,68.386841,4874,7.437134,0,0.0,False,0,0.0,65536
3432,Class_I_C104F1x10000,I,train,384,384,256,0,0.0,21033,32.093811,41451,63.249207,3052,4.656982,0,0.0,False,0,0.0,65536
3433,Class_I_C104F1x10000,I,train,384,512,256,0,0.0,21441,32.71637,42914,65.481567,1181,1.802063,0,0.0,False,0,0.0,65536
3434,Class_I_C104F1x10000,I,train,384,640,256,0,0.0,21027,32.084656,41131,62.760925,3378,5.154419,0,0.0,False,0,0.0,65536
3435,Class_I_C104F1x10000,I,train,384,768,256,0,0.0,21016,32.067871,39141,59.724426,5379,8.207703,0,0.0,False,0,0.0,65536
3436,Class_I_C104F1x10000,I,train,384,896,256,0,0.0,18602,28.384399,39587,60.404968,7347,11.210632,0,0.0,False,0,0.0,65536
3437,Class_I_C104F1x10000,I,train,384,1024,256,0,0.0,16014,24.435425,43504,66.381836,6018,9.182739,0,0.0,False,0,0.0,65536
3438,Class_I_C104F1x10000,I,train,512,0,256,0,0.0,9712,14.819336,51825,79.078674,3999,6.10199,0,0.0,False,0,0.0,65536
3439,Class_I_C104F1x10000,I,train,512,128,256,0,0.0,12058,18.399048,50004,76.300049,3474,5.300903,0,0.0,False,0,0.0,65536
3440,Class_I_C104F1x10000,I,train,512,256,256,0,0.0,15006,22.897339,47312,72.192383,3218,4.910278,0,0.0,False,0,0.0,65536
3441,Class_I_C104F1x10000,I,train,512,384,256,0,0.0,15774,24.069214,46493,70.942688,3269,4.988098,0,0.0,False,0,0.0,65536
3442,Class_I_C104F1x10000,I,train,512,512,256,0,0.0,19013,29.011536,44320,67.626953,2203,3.361511,0,0.0,False,0,0.0,65536
3443,Class_I_C104F1x10000,I,train,512,640,256,0,0.0,19374,29.562378,41946,64.004517,4216,6.433105,0,0.0,False,0,0.0,65536
3444,Class_I_C104F1x10000,I,train,512,768,256,0,0.0,20160,30.761719,40490,61.782837,4886,7.455444,0,0.0,False,0,0.0,65536
3445,Class_I_C104F1x10000,I,train,512,896,256,0,0.0,16322,24.905396,40849,62.330627,8365,12.763977,0,0.0,False,0,0.0,65536
3446,Class_I_C104F1x10000,I,train,512,1024,256,0,0.0,14036,21.417236,43333,66.120911,8167,12.461853,0,0.0,False,0,0.0,65536
3447,Class_I_C104F1x10000,I,train,640,0,256,0,0.0,14481,22.096252,50120,76.477051,935,1.426697,0,0.0,False,0,0.0,65536
3448,Class_I_C104F1x10000,I,train,640,128,256,0,0.0,13431,20.49408,48403,73.857117,3702,5.648804,0,0.0,False,0,0.0,65536
3449,Class_I_C104F1x10000,I,train,640,256,256,0,0.0,9223,14.073181,50215,76.622009,6098,9.30481,0,0.0,False,0,0.0,65536
3450,Class_I_C104F1x10000,I,train,640,384,256,0,0.0,13216,20.166016,47537,72.535706,4783,7.298279,0,0.0,False,0,0.0,65536
3451,Class_I_C104F1x10000,I,train,640,512,256,0,0.0,20284,30.950928,40490,61.782837,4762,7.266235,0,0.0,False,0,0.0,65536
3452,Class_I_C104F1x10000,I,train,640,640,256,0,0.0,18670,28.488159,41439,63.230896,5427,8.280945,0,0.0,False,0,0.0,65536
3453,Class_I_C104F1x10000,I,train,640,768,256,0,0.0,20646,31.503296,41103,62.718201,3787,5.778503,0,0.0,False,0,0.0,65536
3454,Class_I_C104F1x10000,I,train,640,896,256,0,0.0,18751,28.611755,39705,60.585022,7080,10.803223,0,0.0,False,0,0.0,65536
3455,Class_I_C104F1x10000,I,train,640,1024,256,0,0.0,12252,18.695068,45068,68.768311,8216,12.536621,0,0.0,False,0,0.0,65536
3456,Class_I_C104F1x10000,I,train,703,0,256,0,0.0,11708,17.86499,52304,79.80957,1524,2.325439,0,0.0,False,0,0.0,65536
3457,Class_I_C104F1x10000,I,train,703,128,256,0,0.0,10565,16.120911,50389,76.887512,4582,6.991577,0,0.0,False,0,0.0,65536
3458,Class_I_C104F1x10000,I,train,703,256,256,0,0.0,7351,11.216736,50824,77.55127,7361,11.231995,0,0.0,False,0,0.0,65536
3459,Class_I_C104F1x10000,I,train,703,384,256,0,0.0,11322,17.276001,49366,75.326538,4848,7.397461,0,0.0,False,0,0.0,65536
3460,Class_I_C104F1x10000,I,train,703,512,256,0,0.0,19254,29.379272,42165,64.338684,4117,6.282043,0,0.0,False,0,0.0,65536
3461,Class_I_C104F1x10000,I,train,703,640,256,0,0.0,20240,30.883789,38858,59.292603,6438,9.823608,0,0.0,False,0,0.0,65536
3462,Class_I_C104F1x10000,I,train,703,768,256,0,0.0,23920,36.499023,35987,54.911804,5629,8.589172,0,0.0,False,0,0.0,65536
3463,Class_I_C104F1x10000,I,train,703,896,256,0,0.0,22996,35.089111,36462,55.636597,6078,9.274292,0,0.0,False,0,0.0,65536
3464,Class_I_C104F1x10000,I,train,703,1024,256,0,0.0,15247,23.265076,44356,67.681885,5933,9.05304,0,0.0,False,0,0.0,65536
3465,Class_I_C104F1x15000,I,train,0,0,256,0,0.0,18895,28.831482,39682,60.549927,6800,10.375977,159,0.242615,True,159,0.242615,65536
3466,Class_I_C104F1x15000,I,train,0,128,256,0,0.0,28272,43.139648,34117,52.058411,3045,4.646301,102,0.15564,True,102,0.15564,65536
3467,Class_I_C104F1x15000,I,train,0,256,256,0,0.0,31718,48.397827,33817,51.600647,1,0.001526,0,0.0,False,0,0.0,65536
3468,Class_I_C104F1x15000,I,train,0,384,256,0,0.0,17771,27.116394,41509,63.337708,6256,9.545898,0,0.0,False,0,0.0,65536
3469,Class_I_C104F1x15000,I,train,0,512,256,0,0.0,17532,26.751709,40987,62.541199,7017,10.707092,0,0.0,False,0,0.0,65536
3470,Class_I_C104F1x15000,I,train,0,640,256,0,0.0,24973,38.105774,33185,50.636292,7142,10.897827,236,0.360107,True,236,0.360107,65536
3471,Class_I_C104F1x15000,I,train,0,768,256,0,0.0,20268,30.926514,36846,56.222534,8186,12.490845,236,0.360107,True,236,0.360107,65536
3472,Class_I_C104F1x15000,I,train,0,896,256,0,0.0,23701,36.164856,38624,58.935547,3109,4.743958,102,0.15564,True,102,0.15564,65536
3473,Class_I_C104F1x15000,I,train,0,1024,256,0,0.0,30110,45.944214,33352,50.891113,1972,3.009033,102,0.15564,True,102,0.15564,65536
3474,Class_I_C104F1x15000,I,train,128,0,256,0,0.0,17522,26.73645,39024,59.545898,8831,13.475037,159,0.242615,True,159,0.242615,65536
3475,Class_I_C104F1x15000,I,train,128,128,256,0,0.0,32536,49.645996,29206,44.564819,3692,5.633545,102,0.15564,True,102,0.15564,65536
3476,Class_I_C104F1x15000,I,train,128,256,256,0,0.0,29894,45.614624,35642,54.385376,0,0.0,0,0.0,False,0,0.0,65536
3477,Class_I_C104F1x15000,I,train,128,384,256,0,0.0,20844,31.80542,43296,66.064453,1396,2.130127,0,0.0,False,0,0.0,65536
3478,Class_I_C104F1x15000,I,train,128,512,256,0,0.0,26344,40.197754,37007,56.468201,2185,3.334045,0,0.0,False,0,0.0,65536
3479,Class_I_C104F1x15000,I,train,128,640,256,0,0.0,29306,44.717407,35018,53.433228,1212,1.849365,0,0.0,False,0,0.0,65536
3480,Class_I_C104F1x15000,I,train,128,768,256,0,0.0,21905,33.424377,36473,55.653381,7158,10.922241,0,0.0,False,0,0.0,65536
3481,Class_I_C104F1x15000,I,train,128,896,256,0,0.0,17924,27.349854,38911,59.373474,8682,13.247681,19,0.028992,True,19,0.028992,65536
3482,Class_I_C104F1x15000,I,train,128,1024,256,0,0.0,25707,39.225769,37566,57.321167,2244,3.424072,19,0.028992,True,19,0.028992,65536
3483,Class_I_C104F1x15000,I,train,256,0,256,0,0.0,19131,29.191589,39332,60.015869,6997,10.676575,76,0.115967,True,76,0.115967,65536
3484,Class_I_C104F1x15000,I,train,256,128,256,0,0.0,31002,47.305298,29486,44.992065,5048,7.702637,0,0.0,False,0,0.0,65536
3485,Class_I_C104F1x15000,I,train,256,256,256,0,0.0,18747,28.605652,40869,62.361145,5920,9.033203,0,0.0,False,0,0.0,65536
3486,Class_I_C104F1x15000,I,train,256,384,256,0,0.0,24239,36.985779,38485,58.72345,2812,4.290771,0,0.0,False,0,0.0,65536
3487,Class_I_C104F1x15000,I,train,256,512,256,0,0.0,27883,42.546082,35703,54.478455,1950,2.975464,0,0.0,False,0,0.0,65536
3488,Class_I_C104F1x15000,I,train,256,640,256,0,0.0,18255,27.854919,40148,61.260986,6914,10.549927,219,0.334167,True,219,0.334167,65536
3489,Class_I_C104F1x15000,I,train,256,768,256,0,0.0,16286,24.850464,37024,56.494141,11942,18.222046,284,0.43335,True,284,0.43335,65536
3490,Class_I_C104F1x15000,I,train,256,896,256,0,0.0,17668,26.959229,38377,58.558655,9351,14.268494,140,0.213623,True,140,0.213623,65536
3491,Class_I_C104F1x15000,I,train,256,1024,256,0,0.0,21757,33.198547,37590,57.357788,6113,9.327698,76,0.115967,True,76,0.115967,65536
3492,Class_I_C104F1x15000,I,train,384,0,256,0,0.0,21621,32.991028,38050,58.059692,5789,8.833313,76,0.115967,True,76,0.115967,65536
3493,Class_I_C104F1x15000,I,train,384,128,256,0,0.0,24617,37.562561,30004,45.782471,10915,16.654968,0,0.0,False,0,0.0,65536
3494,Class_I_C104F1x15000,I,train,384,256,256,0,0.0,16316,24.89624,35668,54.425049,13552,20.678711,0,0.0,False,0,0.0,65536
3495,Class_I_C104F1x15000,I,train,384,384,256,0,0.0,29255,44.639587,30381,46.357727,5900,9.002686,0,0.0,False,0,0.0,65536
3496,Class_I_C104F1x15000,I,train,384,512,256,0,0.0,30935,47.203064,33440,51.025391,1161,1.771545,0,0.0,False,0,0.0,65536
3497,Class_I_C104F1x15000,I,train,384,640,256,0,0.0,19644,29.974365,37912,57.849121,7720,11.779785,260,0.396729,True,260,0.396729,65536
3498,Class_I_C104F1x15000,I,train,384,768,256,0,0.0,21062,32.138062,32962,50.296021,11112,16.955566,400,0.610352,True,400,0.610352,65536
3499,Class_I_C104F1x15000,I,train,384,896,256,0,0.0,29277,44.673157,30334,46.286011,5710,8.712769,215,0.328064,True,215,0.328064,65536
3500,Class_I_C104F1x15000,I,train,384,1024,256,0,0.0,24262,37.020874,36301,55.39093,4897,7.472229,76,0.115967,True,76,0.115967,65536
3501,Class_I_C104F1x15000,I,train,512,0,256,0,0.0,15507,23.661804,41969,64.039612,8060,12.298584,0,0.0,False,0,0.0,65536
3502,Class_I_C104F1x15000,I,train,512,128,256,0,0.0,16565,25.276184,36059,55.021667,12912,19.702148,0,0.0,False,0,0.0,65536
3503,Class_I_C104F1x15000,I,train,512,256,256,0,0.0,18768,28.637695,35742,54.537964,10954,16.714478,72,0.109863,True,72,0.109863,65536
3504,Class_I_C104F1x15000,I,train,512,384,256,0,0.0,27792,42.407227,31507,48.075867,6165,9.407043,72,0.109863,True,72,0.109863,65536
3505,Class_I_C104F1x15000,I,train,512,512,256,0,0.0,33179,50.627136,30998,47.299194,1359,2.073669,0,0.0,False,0,0.0,65536
3506,Class_I_C104F1x15000,I,train,512,640,256,0,0.0,22765,34.736633,34570,52.749634,8160,12.451172,41,0.062561,True,41,0.062561,65536
3507,Class_I_C104F1x15000,I,train,512,768,256,0,0.0,18183,27.745056,34991,53.392029,12200,18.615723,162,0.247192,True,162,0.247192,65536
3508,Class_I_C104F1x15000,I,train,512,896,256,0,0.0,29599,45.16449,31557,48.152161,4259,6.498718,121,0.184631,True,121,0.184631,65536
3509,Class_I_C104F1x15000,I,train,512,1024,256,0,0.0,27075,41.313171,38304,58.447266,157,0.239563,0,0.0,False,0,0.0,65536
3510,Class_I_C104F1x15000,I,train,640,0,256,0,0.0,10490,16.00647,47075,71.83075,7971,12.162781,0,0.0,False,0,0.0,65536
3511,Class_I_C104F1x15000,I,train,640,128,256,0,0.0,9671,14.756775,46395,70.793152,9470,14.450073,0,0.0,False,0,0.0,65536
3512,Class_I_C104F1x15000,I,train,640,256,256,0,0.0,14101,21.516418,45340,69.18335,6023,9.190369,72,0.109863,True,72,0.109863,65536
3513,Class_I_C104F1x15000,I,train,640,384,256,0,0.0,19938,30.422974,40535,61.851501,4991,7.615662,72,0.109863,True,72,0.109863,65536
3514,Class_I_C104F1x15000,I,train,640,512,256,0,0.0,25320,38.635254,36764,56.097412,3452,5.267334,0,0.0,False,0,0.0,65536
3515,Class_I_C104F1x15000,I,train,640,640,256,0,0.0,19628,29.949951,35477,54.133606,10431,15.916443,0,0.0,False,0,0.0,65536
3516,Class_I_C104F1x15000,I,train,640,768,256,0,0.0,15498,23.648071,39200,59.814453,10792,16.467285,46,0.07019,True,46,0.07019,65536
3517,Class_I_C104F1x15000,I,train,640,896,256,0,0.0,19973,30.476379,40607,61.961365,4910,7.492065,46,0.07019,True,46,0.07019,65536
3518,Class_I_C104F1x15000,I,train,640,1024,256,0,0.0,25611,39.079285,36663,55.943298,3262,4.977417,0,0.0,False,0,0.0,65536
3519,Class_I_C104F1x15000,I,train,703,0,256,0,0.0,10665,16.273499,47256,72.106934,7615,11.619568,0,0.0,False,0,0.0,65536
3520,Class_I_C104F1x15000,I,train,703,128,256,0,0.0,8884,13.555908,48794,74.453735,7858,11.990356,0,0.0,False,0,0.0,65536
3521,Class_I_C104F1x15000,I,train,703,256,256,0,0.0,12714,19.400024,47342,72.238159,5408,8.251953,72,0.109863,True,72,0.109863,65536
3522,Class_I_C104F1x15000,I,train,703,384,256,0,0.0,16130,24.612427,44040,67.199707,5294,8.078003,72,0.109863,True,72,0.109863,65536
3523,Class_I_C104F1x15000,I,train,703,512,256,0,0.0,18869,28.791809,43103,65.769958,3564,5.438232,0,0.0,False,0,0.0,65536
3524,Class_I_C104F1x15000,I,train,703,640,256,0,0.0,16828,25.67749,40426,61.685181,8282,12.637329,0,0.0,False,0,0.0,65536
3525,Class_I_C104F1x15000,I,train,703,768,256,0,0.0,20699,31.584167,37725,57.563782,7103,10.838318,9,0.013733,True,9,0.013733,65536
3526,Class_I_C104F1x15000,I,train,703,896,256,0,0.0,20029,30.561829,38911,59.373474,6472,9.875488,124,0.189209,True,124,0.189209,65536
3527,Class_I_C104F1x15000,I,train,703,1024,256,0,0.0,20727,31.626892,36882,56.277466,7812,11.920166,115,0.175476,True,115,0.175476,65536
3528,Class_I_C104F1x25000,I,train,0,0,256,0,0.0,20240,30.883789,44301,67.597961,995,1.51825,0,0.0,False,0,0.0,65536
3529,Class_I_C104F1x25000,I,train,0,128,256,0,0.0,23806,36.325073,41730,63.674927,0,0.0,0,0.0,False,0,0.0,65536
3530,Class_I_C104F1x25000,I,train,0,256,256,0,0.0,18244,27.838135,45960,70.129395,1332,2.032471,0,0.0,False,0,0.0,65536
3531,Class_I_C104F1x25000,I,train,0,384,256,0,0.0,19005,28.999329,44192,67.431641,2339,3.569031,0,0.0,False,0,0.0,65536
3532,Class_I_C104F1x25000,I,train,0,512,256,0,0.0,16161,24.659729,47819,72.966003,1556,2.374268,0,0.0,False,0,0.0,65536
3533,Class_I_C104F1x25000,I,train,0,640,256,0,0.0,16348,24.945068,44258,67.532349,4929,7.521057,1,0.001526,True,1,0.001526,65536
3534,Class_I_C104F1x25000,I,train,0,768,256,0,0.0,20327,31.016541,35969,54.884338,9239,14.097595,1,0.001526,True,1,0.001526,65536
3535,Class_I_C104F1x25000,I,train,0,896,256,0,0.0,17497,26.698303,39753,60.658264,8286,12.643433,0,0.0,False,0,0.0,65536
3536,Class_I_C104F1x25000,I,train,0,1024,256,0,0.0,13732,20.953369,48046,73.312378,3758,5.734253,0,0.0,False,0,0.0,65536
3537,Class_I_C104F1x25000,I,train,128,0,256,0,0.0,16438,25.082397,48103,73.399353,995,1.51825,0,0.0,False,0,0.0,65536
3538,Class_I_C104F1x25000,I,train,128,128,256,0,0.0,22948,35.015869,42588,64.984131,0,0.0,0,0.0,False,0,0.0,65536
3539,Class_I_C104F1x25000,I,train,128,256,256,0,0.0,17576,26.818848,46618,71.133423,1342,2.047729,0,0.0,False,0,0.0,65536
3540,Class_I_C104F1x25000,I,train,128,384,256,0,0.0,12892,19.671631,46690,71.243286,5954,9.085083,0,0.0,False,0,0.0,65536
3541,Class_I_C104F1x25000,I,train,128,512,256,0,0.0,8459,12.90741,46431,70.848083,10646,16.244507,0,0.0,False,0,0.0,65536
3542,Class_I_C104F1x25000,I,train,128,640,256,0,0.0,15324,23.382568,39915,60.905457,10296,15.710449,1,0.001526,True,1,0.001526,65536
3543,Class_I_C104F1x25000,I,train,128,768,256,0,0.0,20742,31.64978,34997,53.401184,9796,14.94751,1,0.001526,True,1,0.001526,65536
3544,Class_I_C104F1x25000,I,train,128,896,256,0,0.0,12667,19.328308,43846,66.903687,9023,13.768005,0,0.0,False,0,0.0,65536
3545,Class_I_C104F1x25000,I,train,128,1024,256,0,0.0,13468,20.550537,48248,73.620605,3820,5.828857,0,0.0,False,0,0.0,65536
3546,Class_I_C104F1x25000,I,train,256,0,256,0,0.0,20194,30.813599,41692,63.616943,3650,5.569458,0,0.0,False,0,0.0,65536
3547,Class_I_C104F1x25000,I,train,256,128,256,0,0.0,17965,27.412415,45536,69.482422,2035,3.105164,0,0.0,False,0,0.0,65536
3548,Class_I_C104F1x25000,I,train,256,256,256,0,0.0,16114,24.588013,44667,68.156433,4740,7.232666,15,0.022888,True,15,0.022888,65536
3549,Class_I_C104F1x25000,I,train,256,384,256,0,0.0,11624,17.736816,44115,67.314148,9782,14.926147,15,0.022888,True,15,0.022888,65536
3550,Class_I_C104F1x25000,I,train,256,512,256,0,0.0,5403,8.244324,44399,67.747498,15734,24.008179,0,0.0,False,0,0.0,65536
3551,Class_I_C104F1x25000,I,train,256,640,256,0,0.0,13673,20.863342,41421,63.20343,10442,15.933228,0,0.0,False,0,0.0,65536
3552,Class_I_C104F1x25000,I,train,256,768,256,0,0.0,14248,21.740723,42442,64.761353,8634,13.174438,212,0.323486,True,212,0.323486,65536
3553,Class_I_C104F1x25000,I,train,256,896,256,0,0.0,5467,8.34198,49022,74.801636,10835,16.532898,212,0.323486,True,212,0.323486,65536
3554,Class_I_C104F1x25000,I,train,256,1024,256,0,0.0,10420,15.899658,51235,78.178406,3881,5.921936,0,0.0,False,0,0.0,65536
3555,Class_I_C104F1x25000,I,train,384,0,256,0,0.0,26612,40.606689,35165,53.657532,3759,5.735779,0,0.0,False,0,0.0,65536
3556,Class_I_C104F1x25000,I,train,384,128,256,0,0.0,20082,30.6427,43419,66.252136,2035,3.105164,0,0.0,False,0,0.0,65536
3557,Class_I_C104F1x25000,I,train,384,256,256,0,0.0,11240,17.150879,47647,72.703552,6634,10.122681,15,0.022888,True,15,0.022888,65536
3558,Class_I_C104F1x25000,I,train,384,384,256,0,0.0,7265,11.08551,47689,72.767639,10547,16.093445,35,0.053406,True,35,0.053406,65536
3559,Class_I_C104F1x25000,I,train,384,512,256,0,0.0,4568,6.970215,50276,76.715088,10672,16.28418,20,0.030518,True,20,0.030518,65536
3560,Class_I_C104F1x25000,I,train,384,640,256,0,0.0,10700,16.326904,48327,73.74115,6509,9.931946,0,0.0,False,0,0.0,65536
3561,Class_I_C104F1x25000,I,train,384,768,256,0,0.0,9971,15.214539,47394,72.317505,7959,12.14447,212,0.323486,True,212,0.323486,65536
3562,Class_I_C104F1x25000,I,train,384,896,256,0,0.0,11048,16.85791,44178,67.410278,10098,15.408325,212,0.323486,True,212,0.323486,65536
3563,Class_I_C104F1x25000,I,train,384,1024,256,0,0.0,12687,19.358826,47103,71.873474,5746,8.7677,0,0.0,False,0,0.0,65536
3564,Class_I_C104F1x25000,I,train,512,0,256,0,0.0,22686,34.616089,42741,65.21759,109,0.166321,0,0.0,False,0,0.0,65536
3565,Class_I_C104F1x25000,I,train,512,128,256,0,0.0,23969,36.573792,41567,63.426208,0,0.0,0,0.0,False,0,0.0,65536
3566,Class_I_C104F1x25000,I,train,512,256,256,0,0.0,16762,25.576782,46249,70.570374,2525,3.852844,0,0.0,False,0,0.0,65536
3567,Class_I_C104F1x25000,I,train,512,384,256,0,0.0,11529,17.591858,44572,68.011475,9415,14.36615,20,0.030518,True,20,0.030518,65536
3568,Class_I_C104F1x25000,I,train,512,512,256,0,0.0,12231,18.663025,44843,68.424988,8442,12.88147,20,0.030518,True,20,0.030518,65536
3569,Class_I_C104F1x25000,I,train,512,640,256,0,0.0,15664,23.901367,48320,73.730469,1552,2.368164,0,0.0,False,0,0.0,65536
3570,Class_I_C104F1x25000,I,train,512,768,256,0,0.0,14419,22.001648,51117,77.998352,0,0.0,0,0.0,False,0,0.0,65536
3571,Class_I_C104F1x25000,I,train,512,896,256,0,0.0,17997,27.461243,47539,72.538757,0,0.0,0,0.0,False,0,0.0,65536
3572,Class_I_C104F1x25000,I,train,512,1024,256,0,0.0,16239,24.778748,47131,71.916199,2166,3.305054,0,0.0,False,0,0.0,65536
3573,Class_I_C104F1x25000,I,train,640,0,256,0,0.0,21664,33.056641,43872,66.943359,0,0.0,0,0.0,False,0,0.0,65536
3574,Class_I_C104F1x25000,I,train,640,128,256,0,0.0,24963,38.090515,40573,61.909485,0,0.0,0,0.0,False,0,0.0,65536
3575,Class_I_C104F1x25000,I,train,640,256,256,0,0.0,21877,33.381653,43038,65.670776,621,0.947571,0,0.0,False,0,0.0,65536
3576,Class_I_C104F1x25000,I,train,640,384,256,0,0.0,16766,25.582886,43735,66.734314,5035,7.6828,0,0.0,False,0,0.0,65536
3577,Class_I_C104F1x25000,I,train,640,512,256,0,0.0,27207,41.514587,33915,51.750183,4414,6.735229,0,0.0,False,0,0.0,65536
3578,Class_I_C104F1x25000,I,train,640,640,256,0,0.0,28381,43.305969,37155,56.694031,0,0.0,0,0.0,False,0,0.0,65536
3579,Class_I_C104F1x25000,I,train,640,768,256,0,0.0,16496,25.170898,49040,74.829102,0,0.0,0,0.0,False,0,0.0,65536
3580,Class_I_C104F1x25000,I,train,640,896,256,0,0.0,20333,31.025696,45203,68.974304,0,0.0,0,0.0,False,0,0.0,65536
3581,Class_I_C104F1x25000,I,train,640,1024,256,0,0.0,23197,35.395813,42100,64.239502,239,0.364685,0,0.0,False,0,0.0,65536
3582,Class_I_C104F1x25000,I,train,703,0,256,0,0.0,24200,36.92627,41336,63.07373,0,0.0,0,0.0,False,0,0.0,65536
3583,Class_I_C104F1x25000,I,train,703,128,256,0,0.0,26034,39.724731,39502,60.275269,0,0.0,0,0.0,False,0,0.0,65536
3584,Class_I_C104F1x25000,I,train,703,256,256,0,0.0,23675,36.125183,41593,63.465881,268,0.408936,0,0.0,False,0,0.0,65536
3585,Class_I_C104F1x25000,I,train,703,384,256,0,0.0,17612,26.873779,43505,66.383362,4419,6.742859,0,0.0,False,0,0.0,65536
3586,Class_I_C104F1x25000,I,train,703,512,256,0,0.0,31306,47.769165,30079,45.896912,4151,6.333923,0,0.0,False,0,0.0,65536
3587,Class_I_C104F1x25000,I,train,703,640,256,0,0.0,33372,50.921631,32164,49.078369,0,0.0,0,0.0,False,0,0.0,65536
3588,Class_I_C104F1x25000,I,train,703,768,256,0,0.0,17379,26.51825,48157,73.48175,0,0.0,0,0.0,False,0,0.0,65536
3589,Class_I_C104F1x25000,I,train,703,896,256,0,0.0,20920,31.921387,44616,68.078613,0,0.0,0,0.0,False,0,0.0,65536
3590,Class_I_C104F1x25000,I,train,703,1024,256,0,0.0,25836,39.422607,39700,60.577393,0,0.0,0,0.0,False,0,0.0,65536
3591,Class_I_C14F1x20000,I,train,0,0,256,0,0.0,18612,28.399658,46924,71.600342,0,0.0,0,0.0,False,0,0.0,65536
3592,Class_I_C14F1x20000,I,train,0,128,256,0,0.0,18834,28.738403,46702,71.261597,0,0.0,0,0.0,False,0,0.0,65536
3593,Class_I_C14F1x20000,I,train,0,256,256,0,0.0,20075,30.632019,45461,69.367981,0,0.0,0,0.0,False,0,0.0,65536
3594,Class_I_C14F1x20000,I,train,0,384,256,0,0.0,18730,28.579712,46806,71.420288,0,0.0,0,0.0,False,0,0.0,65536
3595,Class_I_C14F1x20000,I,train,0,512,256,0,0.0,13349,20.368958,52187,79.631042,0,0.0,0,0.0,False,0,0.0,65536
3596,Class_I_C14F1x20000,I,train,0,640,256,0,0.0,17336,26.452637,48200,73.547363,0,0.0,0,0.0,False,0,0.0,65536
3597,Class_I_C14F1x20000,I,train,0,704,256,0,0.0,23324,35.5896,42212,64.4104,0,0.0,0,0.0,False,0,0.0,65536
3598,Class_I_C14F1x20000,I,train,128,0,256,0,0.0,17799,27.159119,47737,72.840881,0,0.0,0,0.0,False,0,0.0,65536
3599,Class_I_C14F1x20000,I,train,128,128,256,0,0.0,20685,31.562805,44851,68.437195,0,0.0,0,0.0,False,0,0.0,65536
3600,Class_I_C14F1x20000,I,train,128,256,256,0,0.0,15650,23.880005,49886,76.119995,0,0.0,0,0.0,False,0,0.0,65536
3601,Class_I_C14F1x20000,I,train,128,384,256,0,0.0,14435,22.026062,51101,77.973938,0,0.0,0,0.0,False,0,0.0,65536
3602,Class_I_C14F1x20000,I,train,128,512,256,0,0.0,13663,20.848083,51873,79.151917,0,0.0,0,0.0,False,0,0.0,65536
3603,Class_I_C14F1x20000,I,train,128,640,256,0,0.0,13988,21.343994,51440,78.491211,108,0.164795,0,0.0,False,0,0.0,65536
3604,Class_I_C14F1x20000,I,train,128,704,256,0,0.0,19917,30.39093,45367,69.224548,252,0.384521,0,0.0,False,0,0.0,65536
3605,Class_I_C14F1x20000,I,train,256,0,256,0,0.0,20812,31.756592,44603,68.058777,121,0.184631,0,0.0,False,0,0.0,65536
3606,Class_I_C14F1x20000,I,train,256,128,256,0,0.0,20153,30.751038,44960,68.603516,397,0.605774,26,0.039673,True,26,0.039673,65536
3607,Class_I_C14F1x20000,I,train,256,256,256,0,0.0,15392,23.486328,49753,75.917053,365,0.556946,26,0.039673,True,26,0.039673,65536
3608,Class_I_C14F1x20000,I,train,256,384,256,0,0.0,14339,21.879578,51108,77.984619,89,0.135803,0,0.0,False,0,0.0,65536
3609,Class_I_C14F1x20000,I,train,256,512,256,0,0.0,15495,23.643494,50041,76.356506,0,0.0,0,0.0,False,0,0.0,65536
3610,Class_I_C14F1x20000,I,train,256,640,256,0,0.0,16999,25.938416,48429,73.89679,108,0.164795,0,0.0,False,0,0.0,65536
3611,Class_I_C14F1x20000,I,train,256,704,256,0,0.0,26621,40.620422,38663,58.995056,252,0.384521,0,0.0,False,0,0.0,65536
3612,Class_I_C14F1x20000,I,train,384,0,256,0,0.0,15579,23.771667,49836,76.043701,121,0.184631,0,0.0,False,0,0.0,65536
3613,Class_I_C14F1x20000,I,train,384,128,256,0,0.0,19510,29.769897,45484,69.403076,516,0.787354,26,0.039673,True,26,0.039673,65536
3614,Class_I_C14F1x20000,I,train,384,256,256,0,0.0,17367,26.499939,47659,72.721863,484,0.738525,26,0.039673,True,26,0.039673,65536
3615,Class_I_C14F1x20000,I,train,384,384,256,0,0.0,20405,31.135559,44897,68.507385,208,0.317383,26,0.039673,True,26,0.039673,65536
3616,Class_I_C14F1x20000,I,train,384,512,256,0,0.0,23565,35.957336,41826,63.821411,119,0.18158,26,0.039673,True,26,0.039673,65536
3617,Class_I_C14F1x20000,I,train,384,640,256,0,0.0,19322,29.483032,46000,70.19043,214,0.326538,0,0.0,False,0,0.0,65536
3618,Class_I_C14F1x20000,I,train,384,704,256,0,0.0,25981,39.64386,39341,60.029602,214,0.326538,0,0.0,False,0,0.0,65536
3619,Class_I_C14F1x20000,I,train,447,0,256,0,0.0,15608,23.815918,49928,76.184082,0,0.0,0,0.0,False,0,0.0,65536
3620,Class_I_C14F1x20000,I,train,447,128,256,0,0.0,19102,29.147339,46068,70.294189,340,0.518799,26,0.039673,True,26,0.039673,65536
3621,Class_I_C14F1x20000,I,train,447,256,256,0,0.0,16620,25.360107,48509,74.01886,381,0.58136,26,0.039673,True,26,0.039673,65536
3622,Class_I_C14F1x20000,I,train,447,384,256,0,0.0,20787,31.718445,44500,67.901611,223,0.340271,26,0.039673,True,26,0.039673,65536
3623,Class_I_C14F1x20000,I,train,447,512,256,0,0.0,27244,41.571045,38084,58.111572,182,0.27771,26,0.039673,True,26,0.039673,65536
3624,Class_I_C14F1x20000,I,train,447,640,256,0,0.0,23412,35.723877,41910,63.949585,214,0.326538,0,0.0,False,0,0.0,65536
3625,Class_I_C14F1x20000,I,train,447,704,256,0,0.0,26236,40.032959,39086,59.640503,214,0.326538,0,0.0,False,0,0.0,65536
3626,Class_I_C157F1x15000,I,val,0,0,256,0,0.0,21330,32.546997,44206,67.453003,0,0.0,0,0.0,False,0,0.0,65536
3627,Class_I_C157F1x15000,I,val,0,128,256,0,0.0,27710,42.282104,37826,57.717896,0,0.0,0,0.0,False,0,0.0,65536
3628,Class_I_C157F1x15000,I,val,0,256,256,0,0.0,21999,33.56781,43537,66.43219,0,0.0,0,0.0,False,0,0.0,65536
3629,Class_I_C157F1x15000,I,val,0,384,256,0,0.0,13168,20.092773,52368,79.907227,0,0.0,0,0.0,False,0,0.0,65536
3630,Class_I_C157F1x15000,I,val,0,512,256,0,0.0,14113,21.534729,51423,78.465271,0,0.0,0,0.0,False,0,0.0,65536
3631,Class_I_C157F1x15000,I,val,0,640,256,0,0.0,19646,29.977417,45890,70.022583,0,0.0,0,0.0,False,0,0.0,65536
3632,Class_I_C157F1x15000,I,val,0,768,256,0,0.0,22233,33.924866,43303,66.075134,0,0.0,0,0.0,False,0,0.0,65536
3633,Class_I_C157F1x15000,I,val,0,896,256,0,0.0,19658,29.995728,45878,70.004272,0,0.0,0,0.0,False,0,0.0,65536
3634,Class_I_C157F1x15000,I,val,0,1024,256,0,0.0,22104,33.728027,43432,66.271973,0,0.0,0,0.0,False,0,0.0,65536
3635,Class_I_C157F1x15000,I,val,128,0,256,0,0.0,23345,35.621643,42191,64.378357,0,0.0,0,0.0,False,0,0.0,65536
3636,Class_I_C157F1x15000,I,val,128,128,256,0,0.0,28541,43.55011,36995,56.44989,0,0.0,0,0.0,False,0,0.0,65536
3637,Class_I_C157F1x15000,I,val,128,256,256,0,0.0,22348,34.100342,43188,65.899658,0,0.0,0,0.0,False,0,0.0,65536
3638,Class_I_C157F1x15000,I,val,128,384,256,0,0.0,17121,26.124573,48415,73.875427,0,0.0,0,0.0,False,0,0.0,65536
3639,Class_I_C157F1x15000,I,val,128,512,256,0,0.0,19427,29.64325,46109,70.35675,0,0.0,0,0.0,False,0,0.0,65536
3640,Class_I_C157F1x15000,I,val,128,640,256,0,0.0,20011,30.534363,45525,69.465637,0,0.0,0,0.0,False,0,0.0,65536
3641,Class_I_C157F1x15000,I,val,128,768,256,0,0.0,16968,25.891113,48568,74.108887,0,0.0,0,0.0,False,0,0.0,65536
3642,Class_I_C157F1x15000,I,val,128,896,256,0,0.0,19629,29.951477,45907,70.048523,0,0.0,0,0.0,False,0,0.0,65536
3643,Class_I_C157F1x15000,I,val,128,1024,256,0,0.0,23217,35.426331,42319,64.573669,0,0.0,0,0.0,False,0,0.0,65536
3644,Class_I_C157F1x15000,I,val,256,0,256,0,0.0,21711,33.128357,43825,66.871643,0,0.0,0,0.0,False,0,0.0,65536
3645,Class_I_C157F1x15000,I,val,256,128,256,0,0.0,23569,35.96344,41967,64.03656,0,0.0,0,0.0,False,0,0.0,65536
3646,Class_I_C157F1x15000,I,val,256,256,256,0,0.0,23086,35.22644,42450,64.77356,0,0.0,0,0.0,False,0,0.0,65536
3647,Class_I_C157F1x15000,I,val,256,384,256,0,0.0,21590,32.943726,43946,67.056274,0,0.0,0,0.0,False,0,0.0,65536
3648,Class_I_C157F1x15000,I,val,256,512,256,0,0.0,21122,32.229614,44414,67.770386,0,0.0,0,0.0,False,0,0.0,65536
3649,Class_I_C157F1x15000,I,val,256,640,256,0,0.0,17332,26.446533,48204,73.553467,0,0.0,0,0.0,False,0,0.0,65536
3650,Class_I_C157F1x15000,I,val,256,768,256,0,0.0,16367,24.97406,49169,75.02594,0,0.0,0,0.0,False,0,0.0,65536
3651,Class_I_C157F1x15000,I,val,256,896,256,0,0.0,20712,31.604004,44824,68.395996,0,0.0,0,0.0,False,0,0.0,65536
3652,Class_I_C157F1x15000,I,val,256,1024,256,0,0.0,21723,33.146667,43813,66.853333,0,0.0,0,0.0,False,0,0.0,65536
3653,Class_I_C157F1x15000,I,val,384,0,256,0,0.0,20460,31.219482,45076,68.780518,0,0.0,0,0.0,False,0,0.0,65536
3654,Class_I_C157F1x15000,I,val,384,128,256,0,0.0,21573,32.917786,43963,67.082214,0,0.0,0,0.0,False,0,0.0,65536
3655,Class_I_C157F1x15000,I,val,384,256,256,0,0.0,22876,34.906006,42660,65.093994,0,0.0,0,0.0,False,0,0.0,65536
3656,Class_I_C157F1x15000,I,val,384,384,256,0,0.0,22202,33.877563,43334,66.122437,0,0.0,0,0.0,False,0,0.0,65536
3657,Class_I_C157F1x15000,I,val,384,512,256,0,0.0,16966,25.888062,48570,74.111938,0,0.0,0,0.0,False,0,0.0,65536
3658,Class_I_C157F1x15000,I,val,384,640,256,0,0.0,13375,20.40863,52161,79.59137,0,0.0,0,0.0,False,0,0.0,65536
3659,Class_I_C157F1x15000,I,val,384,768,256,0,0.0,15562,23.745728,49974,76.254272,0,0.0,0,0.0,False,0,0.0,65536
3660,Class_I_C157F1x15000,I,val,384,896,256,0,0.0,17961,27.406311,47575,72.593689,0,0.0,0,0.0,False,0,0.0,65536
3661,Class_I_C157F1x15000,I,val,384,1024,256,0,0.0,18443,28.141785,47093,71.858215,0,0.0,0,0.0,False,0,0.0,65536
3662,Class_I_C157F1x15000,I,val,512,0,256,0,0.0,22741,34.700012,42795,65.299988,0,0.0,0,0.0,False,0,0.0,65536
3663,Class_I_C157F1x15000,I,val,512,128,256,0,0.0,20934,31.942749,44602,68.057251,0,0.0,0,0.0,False,0,0.0,65536
3664,Class_I_C157F1x15000,I,val,512,256,256,0,0.0,19797,30.207825,45739,69.792175,0,0.0,0,0.0,False,0,0.0,65536
3665,Class_I_C157F1x15000,I,val,512,384,256,0,0.0,26580,40.557861,38956,59.442139,0,0.0,0,0.0,False,0,0.0,65536
3666,Class_I_C157F1x15000,I,val,512,512,256,0,0.0,24778,37.808228,40758,62.191772,0,0.0,0,0.0,False,0,0.0,65536
3667,Class_I_C157F1x15000,I,val,512,640,256,0,0.0,26659,40.678406,38877,59.321594,0,0.0,0,0.0,False,0,0.0,65536
3668,Class_I_C157F1x15000,I,val,512,768,256,0,0.0,28280,43.151855,37256,56.848145,0,0.0,0,0.0,False,0,0.0,65536
3669,Class_I_C157F1x15000,I,val,512,896,256,0,0.0,19092,29.13208,46444,70.86792,0,0.0,0,0.0,False,0,0.0,65536
3670,Class_I_C157F1x15000,I,val,512,1024,256,0,0.0,18034,27.5177,47502,72.4823,0,0.0,0,0.0,False,0,0.0,65536
3671,Class_I_C157F1x15000,I,val,640,0,256,0,0.0,20195,30.815125,45341,69.184875,0,0.0,0,0.0,False,0,0.0,65536
3672,Class_I_C157F1x15000,I,val,640,128,256,0,0.0,19080,29.11377,46456,70.88623,0,0.0,0,0.0,False,0,0.0,65536
3673,Class_I_C157F1x15000,I,val,640,256,256,0,0.0,17015,25.96283,48521,74.03717,0,0.0,0,0.0,False,0,0.0,65536
3674,Class_I_C157F1x15000,I,val,640,384,256,0,0.0,17781,27.131653,47755,72.868347,0,0.0,0,0.0,False,0,0.0,65536
3675,Class_I_C157F1x15000,I,val,640,512,256,0,0.0,26602,40.591431,38934,59.408569,0,0.0,0,0.0,False,0,0.0,65536
3676,Class_I_C157F1x15000,I,val,640,640,256,0,0.0,37846,57.748413,27690,42.251587,0,0.0,0,0.0,False,0,0.0,65536
3677,Class_I_C157F1x15000,I,val,640,768,256,0,0.0,41633,63.526917,23903,36.473083,0,0.0,0,0.0,False,0,0.0,65536
3678,Class_I_C157F1x15000,I,val,640,896,256,0,0.0,25714,39.23645,39822,60.76355,0,0.0,0,0.0,False,0,0.0,65536
3679,Class_I_C157F1x15000,I,val,640,1024,256,0,0.0,17668,26.959229,47868,73.040771,0,0.0,0,0.0,False,0,0.0,65536
3680,Class_I_C157F1x15000,I,val,703,0,256,0,0.0,20839,31.797791,44697,68.202209,0,0.0,0,0.0,False,0,0.0,65536
3681,Class_I_C157F1x15000,I,val,703,128,256,0,0.0,20786,31.716919,44750,68.283081,0,0.0,0,0.0,False,0,0.0,65536
3682,Class_I_C157F1x15000,I,val,703,256,256,0,0.0,20009,30.531311,45527,69.468689,0,0.0,0,0.0,False,0,0.0,65536
3683,Class_I_C157F1x15000,I,val,703,384,256,0,0.0,18466,28.17688,47070,71.82312,0,0.0,0,0.0,False,0,0.0,65536
3684,Class_I_C157F1x15000,I,val,703,512,256,0,0.0,21624,32.995605,43912,67.004395,0,0.0,0,0.0,False,0,0.0,65536
3685,Class_I_C157F1x15000,I,val,703,640,256,0,0.0,33102,50.509644,32434,49.490356,0,0.0,0,0.0,False,0,0.0,65536
3686,Class_I_C157F1x15000,I,val,703,768,256,0,0.0,41778,63.748169,23758,36.251831,0,0.0,0,0.0,False,0,0.0,65536
3687,Class_I_C157F1x15000,I,val,703,896,256,0,0.0,26945,41.114807,38591,58.885193,0,0.0,0,0.0,False,0,0.0,65536
3688,Class_I_C157F1x15000,I,val,703,1024,256,0,0.0,17251,26.322937,48285,73.677063,0,0.0,0,0.0,False,0,0.0,65536
3689,Class_I_C157F1x15000_2,I,test,0,0,256,0,0.0,25594,39.053345,39942,60.946655,0,0.0,0,0.0,False,0,0.0,65536
3690,Class_I_C157F1x15000_2,I,test,0,128,256,0,0.0,25639,39.122009,39897,60.877991,0,0.0,0,0.0,False,0,0.0,65536
3691,Class_I_C157F1x15000_2,I,test,0,256,256,0,0.0,21516,32.830811,44020,67.169189,0,0.0,0,0.0,False,0,0.0,65536
3692,Class_I_C157F1x15000_2,I,test,0,384,256,0,0.0,23263,35.496521,42273,64.503479,0,0.0,0,0.0,False,0,0.0,65536
3693,Class_I_C157F1x15000_2,I,test,0,512,256,0,0.0,25630,39.108276,39906,60.891724,0,0.0,0,0.0,False,0,0.0,65536
3694,Class_I_C157F1x15000_2,I,test,0,640,256,0,0.0,21693,33.100891,43843,66.899109,0,0.0,0,0.0,False,0,0.0,65536
3695,Class_I_C157F1x15000_2,I,test,0,768,256,0,0.0,16766,25.582886,48770,74.417114,0,0.0,0,0.0,False,0,0.0,65536
3696,Class_I_C157F1x15000_2,I,test,0,896,256,0,0.0,19312,29.467773,46224,70.532227,0,0.0,0,0.0,False,0,0.0,65536
3697,Class_I_C157F1x15000_2,I,test,0,1024,256,0,0.0,20497,31.27594,45039,68.72406,0,0.0,0,0.0,False,0,0.0,65536
3698,Class_I_C157F1x15000_2,I,test,128,0,256,0,0.0,20590,31.417847,44946,68.582153,0,0.0,0,0.0,False,0,0.0,65536
3699,Class_I_C157F1x15000_2,I,test,128,128,256,0,0.0,21660,33.050537,43876,66.949463,0,0.0,0,0.0,False,0,0.0,65536
3700,Class_I_C157F1x15000_2,I,test,128,256,256,0,0.0,21316,32.525635,44220,67.474365,0,0.0,0,0.0,False,0,0.0,65536
3701,Class_I_C157F1x15000_2,I,test,128,384,256,0,0.0,16861,25.727844,48675,74.272156,0,0.0,0,0.0,False,0,0.0,65536
3702,Class_I_C157F1x15000_2,I,test,128,512,256,0,0.0,15615,23.826599,49921,76.173401,0,0.0,0,0.0,False,0,0.0,65536
3703,Class_I_C157F1x15000_2,I,test,128,640,256,0,0.0,18066,27.566528,47470,72.433472,0,0.0,0,0.0,False,0,0.0,65536
3704,Class_I_C157F1x15000_2,I,test,128,768,256,0,0.0,16135,24.620056,49401,75.379944,0,0.0,0,0.0,False,0,0.0,65536
3705,Class_I_C157F1x15000_2,I,test,128,896,256,0,0.0,16921,25.819397,48615,74.180603,0,0.0,0,0.0,False,0,0.0,65536
3706,Class_I_C157F1x15000_2,I,test,128,1024,256,0,0.0,18183,27.745056,47353,72.254944,0,0.0,0,0.0,False,0,0.0,65536
3707,Class_I_C157F1x15000_2,I,test,256,0,256,0,0.0,21282,32.473755,44254,67.526245,0,0.0,0,0.0,False,0,0.0,65536
3708,Class_I_C157F1x15000_2,I,test,256,128,256,0,0.0,17093,26.081848,48443,73.918152,0,0.0,0,0.0,False,0,0.0,65536
3709,Class_I_C157F1x15000_2,I,test,256,256,256,0,0.0,17795,27.153015,47741,72.846985,0,0.0,0,0.0,False,0,0.0,65536
3710,Class_I_C157F1x15000_2,I,test,256,384,256,0,0.0,16906,25.796509,48630,74.203491,0,0.0,0,0.0,False,0,0.0,65536
3711,Class_I_C157F1x15000_2,I,test,256,512,256,0,0.0,16523,25.212097,49013,74.787903,0,0.0,0,0.0,False,0,0.0,65536
3712,Class_I_C157F1x15000_2,I,test,256,640,256,0,0.0,18062,27.560425,47474,72.439575,0,0.0,0,0.0,False,0,0.0,65536
3713,Class_I_C157F1x15000_2,I,test,256,768,256,0,0.0,17485,26.679993,48051,73.320007,0,0.0,0,0.0,False,0,0.0,65536
3714,Class_I_C157F1x15000_2,I,test,256,896,256,0,0.0,17226,26.28479,48310,73.71521,0,0.0,0,0.0,False,0,0.0,65536
3715,Class_I_C157F1x15000_2,I,test,256,1024,256,0,0.0,17122,26.126099,48414,73.873901,0,0.0,0,0.0,False,0,0.0,65536
3716,Class_I_C157F1x15000_2,I,test,384,0,256,0,0.0,21657,33.045959,43879,66.954041,0,0.0,0,0.0,False,0,0.0,65536
3717,Class_I_C157F1x15000_2,I,test,384,128,256,0,0.0,21116,32.220459,44420,67.779541,0,0.0,0,0.0,False,0,0.0,65536
3718,Class_I_C157F1x15000_2,I,test,384,256,256,0,0.0,17706,27.017212,47830,72.982788,0,0.0,0,0.0,False,0,0.0,65536
3719,Class_I_C157F1x15000_2,I,test,384,384,256,0,0.0,15365,23.445129,50171,76.554871,0,0.0,0,0.0,False,0,0.0,65536
3720,Class_I_C157F1x15000_2,I,test,384,512,256,0,0.0,16845,25.70343,48691,74.29657,0,0.0,0,0.0,False,0,0.0,65536
3721,Class_I_C157F1x15000_2,I,test,384,640,256,0,0.0,17536,26.757812,48000,73.242188,0,0.0,0,0.0,False,0,0.0,65536
3722,Class_I_C157F1x15000_2,I,test,384,768,256,0,0.0,16198,24.716187,49338,75.283813,0,0.0,0,0.0,False,0,0.0,65536
3723,Class_I_C157F1x15000_2,I,test,384,896,256,0,0.0,20467,31.230164,45069,68.769836,0,0.0,0,0.0,False,0,0.0,65536
3724,Class_I_C157F1x15000_2,I,test,384,1024,256,0,0.0,19647,29.978943,45889,70.021057,0,0.0,0,0.0,False,0,0.0,65536
3725,Class_I_C157F1x15000_2,I,test,512,0,256,0,0.0,20050,30.593872,45486,69.406128,0,0.0,0,0.0,False,0,0.0,65536
3726,Class_I_C157F1x15000_2,I,test,512,128,256,0,0.0,18773,28.645325,46763,71.354675,0,0.0,0,0.0,False,0,0.0,65536
3727,Class_I_C157F1x15000_2,I,test,512,256,256,0,0.0,17401,26.551819,48135,73.448181,0,0.0,0,0.0,False,0,0.0,65536
3728,Class_I_C157F1x15000_2,I,test,512,384,256,0,0.0,15726,23.995972,49810,76.004028,0,0.0,0,0.0,False,0,0.0,65536
3729,Class_I_C157F1x15000_2,I,test,512,512,256,0,0.0,21121,32.228088,44415,67.771912,0,0.0,0,0.0,False,0,0.0,65536
3730,Class_I_C157F1x15000_2,I,test,512,640,256,0,0.0,19179,29.264832,46357,70.735168,0,0.0,0,0.0,False,0,0.0,65536
3731,Class_I_C157F1x15000_2,I,test,512,768,256,0,0.0,16841,25.697327,48695,74.302673,0,0.0,0,0.0,False,0,0.0,65536
3732,Class_I_C157F1x15000_2,I,test,512,896,256,0,0.0,18883,28.813171,46653,71.186829,0,0.0,0,0.0,False,0,0.0,65536
3733,Class_I_C157F1x15000_2,I,test,512,1024,256,0,0.0,16371,24.980164,49165,75.019836,0,0.0,0,0.0,False,0,0.0,65536
3734,Class_I_C157F1x15000_2,I,test,640,0,256,0,0.0,20542,31.344604,44994,68.655396,0,0.0,0,0.0,False,0,0.0,65536
3735,Class_I_C157F1x15000_2,I,test,640,128,256,0,0.0,13437,20.503235,52099,79.496765,0,0.0,0,0.0,False,0,0.0,65536
3736,Class_I_C157F1x15000_2,I,test,640,256,256,0,0.0,13852,21.136475,51684,78.863525,0,0.0,0,0.0,False,0,0.0,65536
3737,Class_I_C157F1x15000_2,I,test,640,384,256,0,0.0,18334,27.975464,47202,72.024536,0,0.0,0,0.0,False,0,0.0,65536
3738,Class_I_C157F1x15000_2,I,test,640,512,256,0,0.0,24370,37.185669,41166,62.814331,0,0.0,0,0.0,False,0,0.0,65536
3739,Class_I_C157F1x15000_2,I,test,640,640,256,0,0.0,20151,30.747986,45385,69.252014,0,0.0,0,0.0,False,0,0.0,65536
3740,Class_I_C157F1x15000_2,I,test,640,768,256,0,0.0,20664,31.530762,44872,68.469238,0,0.0,0,0.0,False,0,0.0,65536
3741,Class_I_C157F1x15000_2,I,test,640,896,256,0,0.0,18972,28.948975,46564,71.051025,0,0.0,0,0.0,False,0,0.0,65536
3742,Class_I_C157F1x15000_2,I,test,640,1024,256,0,0.0,18031,27.513123,47505,72.486877,0,0.0,0,0.0,False,0,0.0,65536
3743,Class_I_C157F1x15000_2,I,test,703,0,256,0,0.0,23349,35.627747,42187,64.372253,0,0.0,0,0.0,False,0,0.0,65536
3744,Class_I_C157F1x15000_2,I,test,703,128,256,0,0.0,16685,25.45929,48851,74.54071,0,0.0,0,0.0,False,0,0.0,65536
3745,Class_I_C157F1x15000_2,I,test,703,256,256,0,0.0,13776,21.020508,51760,78.979492,0,0.0,0,0.0,False,0,0.0,65536
3746,Class_I_C157F1x15000_2,I,test,703,384,256,0,0.0,17126,26.132202,48410,73.867798,0,0.0,0,0.0,False,0,0.0,65536
3747,Class_I_C157F1x15000_2,I,test,703,512,256,0,0.0,22765,34.736633,42771,65.263367,0,0.0,0,0.0,False,0,0.0,65536
3748,Class_I_C157F1x15000_2,I,test,703,640,256,0,0.0,19977,30.482483,45559,69.517517,0,0.0,0,0.0,False,0,0.0,65536
3749,Class_I_C157F1x15000_2,I,test,703,768,256,0,0.0,19567,29.856873,45969,70.143127,0,0.0,0,0.0,False,0,0.0,65536
3750,Class_I_C157F1x15000_2,I,test,703,896,256,0,0.0,17778,27.127075,47758,72.872925,0,0.0,0,0.0,False,0,0.0,65536
3751,Class_I_C157F1x15000_2,I,test,703,1024,256,0,0.0,20340,31.036377,45196,68.963623,0,0.0,0,0.0,False,0,0.0,65536
3752,Class_I_C158F1x15000,I,train,0,0,256,0,0.0,24761,37.782288,40775,62.217712,0,0.0,0,0.0,False,0,0.0,65536
3753,Class_I_C158F1x15000,I,train,0,128,256,0,0.0,19992,30.505371,45544,69.494629,0,0.0,0,0.0,False,0,0.0,65536
3754,Class_I_C158F1x15000,I,train,0,256,256,0,0.0,18710,28.549194,46826,71.450806,0,0.0,0,0.0,False,0,0.0,65536
3755,Class_I_C158F1x15000,I,train,0,384,256,0,0.0,19648,29.980469,45888,70.019531,0,0.0,0,0.0,False,0,0.0,65536
3756,Class_I_C158F1x15000,I,train,0,512,256,0,0.0,40526,61.837769,25010,38.162231,0,0.0,0,0.0,False,0,0.0,65536
3757,Class_I_C158F1x15000,I,train,0,640,256,0,0.0,36349,55.464172,29187,44.535828,0,0.0,0,0.0,False,0,0.0,65536
3758,Class_I_C158F1x15000,I,train,0,768,256,0,0.0,30096,45.922852,35440,54.077148,0,0.0,0,0.0,False,0,0.0,65536
3759,Class_I_C158F1x15000,I,train,0,896,256,0,0.0,34302,52.340698,31234,47.659302,0,0.0,0,0.0,False,0,0.0,65536
3760,Class_I_C158F1x15000,I,train,0,1024,256,0,0.0,31245,47.676086,34291,52.323914,0,0.0,0,0.0,False,0,0.0,65536
3761,Class_I_C158F1x15000,I,train,128,0,256,0,0.0,16357,24.958801,49179,75.041199,0,0.0,0,0.0,False,0,0.0,65536
3762,Class_I_C158F1x15000,I,train,128,128,256,0,0.0,23641,36.073303,41895,63.926697,0,0.0,0,0.0,False,0,0.0,65536
3763,Class_I_C158F1x15000,I,train,128,256,256,0,0.0,22896,34.936523,42640,65.063477,0,0.0,0,0.0,False,0,0.0,65536
3764,Class_I_C158F1x15000,I,train,128,384,256,0,0.0,10725,16.365051,54811,83.634949,0,0.0,0,0.0,False,0,0.0,65536
3765,Class_I_C158F1x15000,I,train,128,512,256,0,0.0,23576,35.974121,41960,64.025879,0,0.0,0,0.0,False,0,0.0,65536
3766,Class_I_C158F1x15000,I,train,128,640,256,0,0.0,25046,38.217163,40490,61.782837,0,0.0,0,0.0,False,0,0.0,65536
3767,Class_I_C158F1x15000,I,train,128,768,256,0,0.0,19879,30.332947,45657,69.667053,0,0.0,0,0.0,False,0,0.0,65536
3768,Class_I_C158F1x15000,I,train,128,896,256,0,0.0,29346,44.778442,36190,55.221558,0,0.0,0,0.0,False,0,0.0,65536
3769,Class_I_C158F1x15000,I,train,128,1024,256,0,0.0,33697,51.417542,31839,48.582458,0,0.0,0,0.0,False,0,0.0,65536
3770,Class_I_C158F1x15000,I,train,256,0,256,0,0.0,13974,21.322632,51562,78.677368,0,0.0,0,0.0,False,0,0.0,65536
3771,Class_I_C158F1x15000,I,train,256,128,256,0,0.0,31060,47.393799,34476,52.606201,0,0.0,0,0.0,False,0,0.0,65536
3772,Class_I_C158F1x15000,I,train,256,256,256,0,0.0,37021,56.489563,28515,43.510437,0,0.0,0,0.0,False,0,0.0,65536
3773,Class_I_C158F1x15000,I,train,256,384,256,0,0.0,17401,26.551819,48135,73.448181,0,0.0,0,0.0,False,0,0.0,65536
3774,Class_I_C158F1x15000,I,train,256,512,256,0,0.0,18632,28.430176,46904,71.569824,0,0.0,0,0.0,False,0,0.0,65536
3775,Class_I_C158F1x15000,I,train,256,640,256,0,0.0,18803,28.691101,46733,71.308899,0,0.0,0,0.0,False,0,0.0,65536
3776,Class_I_C158F1x15000,I,train,256,768,256,0,0.0,15058,22.976685,50478,77.023315,0,0.0,0,0.0,False,0,0.0,65536
3777,Class_I_C158F1x15000,I,train,256,896,256,0,0.0,18607,28.392029,46929,71.607971,0,0.0,0,0.0,False,0,0.0,65536
3778,Class_I_C158F1x15000,I,train,256,1024,256,0,0.0,25964,39.61792,39572,60.38208,0,0.0,0,0.0,False,0,0.0,65536
3779,Class_I_C158F1x15000,I,train,384,0,256,0,0.0,22219,33.903503,43317,66.096497,0,0.0,0,0.0,False,0,0.0,65536
3780,Class_I_C158F1x15000,I,train,384,128,256,0,0.0,26023,39.707947,39513,60.292053,0,0.0,0,0.0,False,0,0.0,65536
3781,Class_I_C158F1x15000,I,train,384,256,256,0,0.0,26168,39.929199,39368,60.070801,0,0.0,0,0.0,False,0,0.0,65536
3782,Class_I_C158F1x15000,I,train,384,384,256,0,0.0,18122,27.651978,47414,72.348022,0,0.0,0,0.0,False,0,0.0,65536
3783,Class_I_C158F1x15000,I,train,384,512,256,0,0.0,20525,31.318665,45011,68.681335,0,0.0,0,0.0,False,0,0.0,65536
3784,Class_I_C158F1x15000,I,train,384,640,256,0,0.0,17264,26.342773,48272,73.657227,0,0.0,0,0.0,False,0,0.0,65536
3785,Class_I_C158F1x15000,I,train,384,768,256,0,0.0,17228,26.287842,48308,73.712158,0,0.0,0,0.0,False,0,0.0,65536
3786,Class_I_C158F1x15000,I,train,384,896,256,0,0.0,20576,31.396484,44960,68.603516,0,0.0,0,0.0,False,0,0.0,65536
3787,Class_I_C158F1x15000,I,train,384,1024,256,0,0.0,23963,36.564636,41573,63.435364,0,0.0,0,0.0,False,0,0.0,65536
3788,Class_I_C158F1x15000,I,train,512,0,256,0,0.0,31536,48.120117,34000,51.879883,0,0.0,0,0.0,False,0,0.0,65536
3789,Class_I_C158F1x15000,I,train,512,128,256,0,0.0,25731,39.26239,39805,60.73761,0,0.0,0,0.0,False,0,0.0,65536
3790,Class_I_C158F1x15000,I,train,512,256,256,0,0.0,22260,33.966064,43276,66.033936,0,0.0,0,0.0,False,0,0.0,65536
3791,Class_I_C158F1x15000,I,train,512,384,256,0,0.0,19004,28.997803,46532,71.002197,0,0.0,0,0.0,False,0,0.0,65536
3792,Class_I_C158F1x15000,I,train,512,512,256,0,0.0,23315,35.575867,42221,64.424133,0,0.0,0,0.0,False,0,0.0,65536
3793,Class_I_C158F1x15000,I,train,512,640,256,0,0.0,20974,32.003784,44562,67.996216,0,0.0,0,0.0,False,0,0.0,65536
3794,Class_I_C158F1x15000,I,train,512,768,256,0,0.0,22805,34.797668,42731,65.202332,0,0.0,0,0.0,False,0,0.0,65536
3795,Class_I_C158F1x15000,I,train,512,896,256,0,0.0,28479,43.455505,37057,56.544495,0,0.0,0,0.0,False,0,0.0,65536
3796,Class_I_C158F1x15000,I,train,512,1024,256,0,0.0,28915,44.120789,36621,55.879211,0,0.0,0,0.0,False,0,0.0,65536
3797,Class_I_C158F1x15000,I,train,640,0,256,0,0.0,30648,46.765137,34888,53.234863,0,0.0,0,0.0,False,0,0.0,65536
3798,Class_I_C158F1x15000,I,train,640,128,256,0,0.0,28475,43.449402,37061,56.550598,0,0.0,0,0.0,False,0,0.0,65536
3799,Class_I_C158F1x15000,I,train,640,256,256,0,0.0,32643,49.809265,32893,50.190735,0,0.0,0,0.0,False,0,0.0,65536
3800,Class_I_C158F1x15000,I,train,640,384,256,0,0.0,27412,41.827393,38124,58.172607,0,0.0,0,0.0,False,0,0.0,65536
3801,Class_I_C158F1x15000,I,train,640,512,256,0,0.0,25008,38.15918,40528,61.84082,0,0.0,0,0.0,False,0,0.0,65536
3802,Class_I_C158F1x15000,I,train,640,640,256,0,0.0,28541,43.55011,36995,56.44989,0,0.0,0,0.0,False,0,0.0,65536
3803,Class_I_C158F1x15000,I,train,640,768,256,0,0.0,32857,50.135803,32679,49.864197,0,0.0,0,0.0,False,0,0.0,65536
3804,Class_I_C158F1x15000,I,train,640,896,256,0,0.0,33978,51.846313,31558,48.153687,0,0.0,0,0.0,False,0,0.0,65536
3805,Class_I_C158F1x15000,I,train,640,1024,256,0,0.0,26976,41.162109,38560,58.837891,0,0.0,0,0.0,False,0,0.0,65536
3806,Class_I_C158F1x15000,I,train,703,0,256,0,0.0,31471,48.020935,34065,51.979065,0,0.0,0,0.0,False,0,0.0,65536
3807,Class_I_C158F1x15000,I,train,703,128,256,0,0.0,33937,51.783752,31599,48.216248,0,0.0,0,0.0,False,0,0.0,65536
3808,Class_I_C158F1x15000,I,train,703,256,256,0,0.0,30056,45.861816,35480,54.138184,0,0.0,0,0.0,False,0,0.0,65536
3809,Class_I_C158F1x15000,I,train,703,384,256,0,0.0,25292,38.592529,40244,61.407471,0,0.0,0,0.0,False,0,0.0,65536
3810,Class_I_C158F1x15000,I,train,703,512,256,0,0.0,25460,38.848877,40076,61.151123,0,0.0,0,0.0,False,0,0.0,65536
3811,Class_I_C158F1x15000,I,train,703,640,256,0,0.0,26682,40.713501,38854,59.286499,0,0.0,0,0.0,False,0,0.0,65536
3812,Class_I_C158F1x15000,I,train,703,768,256,0,0.0,32834,50.100708,32702,49.899292,0,0.0,0,0.0,False,0,0.0,65536
3813,Class_I_C158F1x15000,I,train,703,896,256,0,0.0,36019,54.960632,29517,45.039368,0,0.0,0,0.0,False,0,0.0,65536
3814,Class_I_C158F1x15000,I,train,703,1024,256,0,0.0,28255,43.113708,37281,56.886292,0,0.0,0,0.0,False,0,0.0,65536
3815,Class_I_C158F1x20000,I,train,0,0,256,0,0.0,22504,34.338379,43032,65.661621,0,0.0,0,0.0,False,0,0.0,65536
3816,Class_I_C158F1x20000,I,train,0,128,256,0,0.0,28177,42.99469,37359,57.00531,0,0.0,0,0.0,False,0,0.0,65536
3817,Class_I_C158F1x20000,I,train,0,256,256,0,0.0,16301,24.873352,49235,75.126648,0,0.0,0,0.0,False,0,0.0,65536
3818,Class_I_C158F1x20000,I,train,0,384,256,0,0.0,12401,18.922424,52672,80.371094,463,0.706482,0,0.0,False,0,0.0,65536
3819,Class_I_C158F1x20000,I,train,0,512,256,0,0.0,12783,19.50531,52236,79.705811,517,0.788879,0,0.0,False,0,0.0,65536
3820,Class_I_C158F1x20000,I,train,0,640,256,0,0.0,10867,16.581726,54615,83.335876,54,0.082397,0,0.0,False,0,0.0,65536
3821,Class_I_C158F1x20000,I,train,0,768,256,0,0.0,13674,20.864868,51862,79.135132,0,0.0,0,0.0,False,0,0.0,65536
3822,Class_I_C158F1x20000,I,train,0,896,256,0,0.0,13642,20.81604,51753,78.968811,141,0.215149,0,0.0,False,0,0.0,65536
3823,Class_I_C158F1x20000,I,train,0,1024,256,0,0.0,16073,24.525452,49060,74.859619,403,0.614929,0,0.0,False,0,0.0,65536
3824,Class_I_C158F1x20000,I,train,128,0,256,0,0.0,27145,41.419983,38391,58.580017,0,0.0,0,0.0,False,0,0.0,65536
3825,Class_I_C158F1x20000,I,train,128,128,256,0,0.0,24726,37.728882,40810,62.271118,0,0.0,0,0.0,False,0,0.0,65536
3826,Class_I_C158F1x20000,I,train,128,256,256,0,0.0,20798,31.735229,44738,68.264771,0,0.0,0,0.0,False,0,0.0,65536
3827,Class_I_C158F1x20000,I,train,128,384,256,0,0.0,20122,30.703735,45162,68.911743,252,0.384521,0,0.0,False,0,0.0,65536
3828,Class_I_C158F1x20000,I,train,128,512,256,0,0.0,17758,27.096558,47496,72.473145,282,0.430298,0,0.0,False,0,0.0,65536
3829,Class_I_C158F1x20000,I,train,128,640,256,0,0.0,15335,23.399353,50171,76.554871,30,0.045776,0,0.0,False,0,0.0,65536
3830,Class_I_C158F1x20000,I,train,128,768,256,0,0.0,17102,26.095581,48434,73.904419,0,0.0,0,0.0,False,0,0.0,65536
3831,Class_I_C158F1x20000,I,train,128,896,256,0,0.0,16460,25.115967,49076,74.884033,0,0.0,0,0.0,False,0,0.0,65536
3832,Class_I_C158F1x20000,I,train,128,1024,256,0,0.0,18824,28.723145,46712,71.276855,0,0.0,0,0.0,False,0,0.0,65536
3833,Class_I_C158F1x20000,I,train,256,0,256,0,0.0,28708,43.804932,36828,56.195068,0,0.0,0,0.0,False,0,0.0,65536
3834,Class_I_C158F1x20000,I,train,256,128,256,0,0.0,14699,22.428894,50566,77.157593,271,0.413513,0,0.0,False,0,0.0,65536
3835,Class_I_C158F1x20000,I,train,256,256,256,0,0.0,15557,23.738098,49708,75.848389,271,0.413513,0,0.0,False,0,0.0,65536
3836,Class_I_C158F1x20000,I,train,256,384,256,0,0.0,19501,29.756165,45679,69.700623,356,0.543213,0,0.0,False,0,0.0,65536
3837,Class_I_C158F1x20000,I,train,256,512,256,0,0.0,19521,29.786682,45144,68.884277,871,1.329041,0,0.0,False,0,0.0,65536
3838,Class_I_C158F1x20000,I,train,256,640,256,0,0.0,18386,28.05481,46477,70.918274,673,1.026917,0,0.0,False,0,0.0,65536
3839,Class_I_C158F1x20000,I,train,256,768,256,0,0.0,16912,25.805664,48466,73.953247,158,0.241089,0,0.0,False,0,0.0,65536
3840,Class_I_C158F1x20000,I,train,256,896,256,0,0.0,11272,17.199707,54264,82.800293,0,0.0,0,0.0,False,0,0.0,65536
3841,Class_I_C158F1x20000,I,train,256,1024,256,0,0.0,18224,27.807617,47312,72.192383,0,0.0,0,0.0,False,0,0.0,65536
3842,Class_I_C158F1x20000,I,train,384,0,256,0,0.0,20104,30.67627,45432,69.32373,0,0.0,0,0.0,False,0,0.0,65536
3843,Class_I_C158F1x20000,I,train,384,128,256,0,0.0,15452,23.577881,49813,76.008606,271,0.413513,0,0.0,False,0,0.0,65536
3844,Class_I_C158F1x20000,I,train,384,256,256,0,0.0,20796,31.732178,44469,67.854309,271,0.413513,0,0.0,False,0,0.0,65536
3845,Class_I_C158F1x20000,I,train,384,384,256,0,0.0,26037,39.729309,38788,59.185791,711,1.0849,0,0.0,False,0,0.0,65536
3846,Class_I_C158F1x20000,I,train,384,512,256,0,0.0,25485,38.887024,38825,59.242249,1226,1.870728,0,0.0,False,0,0.0,65536
3847,Class_I_C158F1x20000,I,train,384,640,256,0,0.0,20945,31.959534,43661,66.621399,930,1.419067,0,0.0,False,0,0.0,65536
3848,Class_I_C158F1x20000,I,train,384,768,256,0,0.0,21233,32.398987,43573,66.487122,730,1.113892,0,0.0,False,0,0.0,65536
3849,Class_I_C158F1x20000,I,train,384,896,256,0,0.0,27503,41.966248,37718,57.553101,315,0.480652,0,0.0,False,0,0.0,65536
3850,Class_I_C158F1x20000,I,train,384,1024,256,0,0.0,32520,49.621582,33016,50.378418,0,0.0,0,0.0,False,0,0.0,65536
3851,Class_I_C158F1x20000,I,train,512,0,256,0,0.0,16396,25.018311,49140,74.981689,0,0.0,0,0.0,False,0,0.0,65536
3852,Class_I_C158F1x20000,I,train,512,128,256,0,0.0,18536,28.283691,47000,71.716309,0,0.0,0,0.0,False,0,0.0,65536
3853,Class_I_C158F1x20000,I,train,512,256,256,0,0.0,30526,46.578979,35010,53.421021,0,0.0,0,0.0,False,0,0.0,65536
3854,Class_I_C158F1x20000,I,train,512,384,256,0,0.0,31546,48.135376,33635,51.322937,355,0.541687,0,0.0,False,0,0.0,65536
3855,Class_I_C158F1x20000,I,train,512,512,256,0,0.0,24457,37.31842,40724,62.139893,355,0.541687,0,0.0,False,0,0.0,65536
3856,Class_I_C158F1x20000,I,train,512,640,256,0,0.0,16647,25.401306,48632,74.206543,257,0.392151,0,0.0,False,0,0.0,65536
3857,Class_I_C158F1x20000,I,train,512,768,256,0,0.0,17809,27.174377,47130,71.914673,597,0.91095,0,0.0,False,0,0.0,65536
3858,Class_I_C158F1x20000,I,train,512,896,256,0,0.0,29424,44.897461,35772,54.58374,340,0.518799,0,0.0,False,0,0.0,65536
3859,Class_I_C158F1x20000,I,train,512,1024,256,0,0.0,37642,57.437134,27894,42.562866,0,0.0,0,0.0,False,0,0.0,65536
3860,Class_I_C158F1x20000,I,train,640,0,256,0,0.0,24539,37.443542,40997,62.556458,0,0.0,0,0.0,False,0,0.0,65536
3861,Class_I_C158F1x20000,I,train,640,128,256,0,0.0,27221,41.53595,38315,58.46405,0,0.0,0,0.0,False,0,0.0,65536
3862,Class_I_C158F1x20000,I,train,640,256,256,0,0.0,28918,44.125366,36618,55.874634,0,0.0,0,0.0,False,0,0.0,65536
3863,Class_I_C158F1x20000,I,train,640,384,256,0,0.0,23617,36.036682,41919,63.963318,0,0.0,0,0.0,False,0,0.0,65536
3864,Class_I_C158F1x20000,I,train,640,512,256,0,0.0,13498,20.596313,52038,79.403687,0,0.0,0,0.0,False,0,0.0,65536
3865,Class_I_C158F1x20000,I,train,640,640,256,0,0.0,11191,17.076111,53994,82.388306,351,0.535583,0,0.0,False,0,0.0,65536
3866,Class_I_C158F1x20000,I,train,640,768,256,0,0.0,15507,23.661804,49250,75.149536,779,1.18866,0,0.0,False,0,0.0,65536
3867,Class_I_C158F1x20000,I,train,640,896,256,0,0.0,11904,18.164062,53204,81.182861,428,0.653076,0,0.0,False,0,0.0,65536
3868,Class_I_C158F1x20000,I,train,640,1024,256,0,0.0,22083,33.695984,43453,66.304016,0,0.0,0,0.0,False,0,0.0,65536
3869,Class_I_C158F1x20000,I,train,703,0,256,0,0.0,26900,41.046143,38636,58.953857,0,0.0,0,0.0,False,0,0.0,65536
3870,Class_I_C158F1x20000,I,train,703,128,256,0,0.0,28701,43.79425,36835,56.20575,0,0.0,0,0.0,False,0,0.0,65536
3871,Class_I_C158F1x20000,I,train,703,256,256,0,0.0,26617,40.614319,38919,59.385681,0,0.0,0,0.0,False,0,0.0,65536
3872,Class_I_C158F1x20000,I,train,703,384,256,0,0.0,20145,30.738831,45391,69.261169,0,0.0,0,0.0,False,0,0.0,65536
3873,Class_I_C158F1x20000,I,train,703,512,256,0,0.0,13715,20.927429,51821,79.072571,0,0.0,0,0.0,False,0,0.0,65536
3874,Class_I_C158F1x20000,I,train,703,640,256,0,0.0,15161,23.13385,50024,76.330566,351,0.535583,0,0.0,False,0,0.0,65536
3875,Class_I_C158F1x20000,I,train,703,768,256,0,0.0,18349,27.998352,46408,70.812988,779,1.18866,0,0.0,False,0,0.0,65536
3876,Class_I_C158F1x20000,I,train,703,896,256,0,0.0,12462,19.015503,52646,80.331421,428,0.653076,0,0.0,False,0,0.0,65536
3877,Class_I_C158F1x20000,I,train,703,1024,256,0,0.0,15554,23.733521,49982,76.266479,0,0.0,0,0.0,False,0,0.0,65536
3878,Class_I_C158F1x20000_2,I,test,0,0,256,0,0.0,12794,19.522095,52742,80.477905,0,0.0,0,0.0,False,0,0.0,65536
3879,Class_I_C158F1x20000_2,I,test,0,128,256,0,0.0,20881,31.861877,44655,68.138123,0,0.0,0,0.0,False,0,0.0,65536
3880,Class_I_C158F1x20000_2,I,test,0,256,256,0,0.0,24943,38.059998,40593,61.940002,0,0.0,0,0.0,False,0,0.0,65536
3881,Class_I_C158F1x20000_2,I,test,0,384,256,0,0.0,17202,26.248169,48334,73.751831,0,0.0,0,0.0,False,0,0.0,65536
3882,Class_I_C158F1x20000_2,I,test,0,512,256,0,0.0,14391,21.958923,51145,78.041077,0,0.0,0,0.0,False,0,0.0,65536
3883,Class_I_C158F1x20000_2,I,test,0,640,256,0,0.0,22246,33.944702,43290,66.055298,0,0.0,0,0.0,False,0,0.0,65536
3884,Class_I_C158F1x20000_2,I,test,0,768,256,0,0.0,17671,26.963806,47865,73.036194,0,0.0,0,0.0,False,0,0.0,65536
3885,Class_I_C158F1x20000_2,I,test,0,896,256,0,0.0,8048,12.280273,57488,87.719727,0,0.0,0,0.0,False,0,0.0,65536
3886,Class_I_C158F1x20000_2,I,test,0,1024,256,0,0.0,17756,27.093506,47780,72.906494,0,0.0,0,0.0,False,0,0.0,65536
3887,Class_I_C158F1x20000_2,I,test,128,0,256,0,0.0,17373,26.509094,48086,73.373413,77,0.117493,0,0.0,False,0,0.0,65536
3888,Class_I_C158F1x20000_2,I,test,128,128,256,0,0.0,16153,24.647522,48969,74.720764,293,0.447083,121,0.184631,True,121,0.184631,65536
3889,Class_I_C158F1x20000_2,I,test,128,256,256,0,0.0,17884,27.288818,47315,72.19696,216,0.32959,121,0.184631,True,121,0.184631,65536
3890,Class_I_C158F1x20000_2,I,test,128,384,256,0,0.0,17283,26.371765,48253,73.628235,0,0.0,0,0.0,False,0,0.0,65536
3891,Class_I_C158F1x20000_2,I,test,128,512,256,0,0.0,17941,27.375793,47595,72.624207,0,0.0,0,0.0,False,0,0.0,65536
3892,Class_I_C158F1x20000_2,I,test,128,640,256,0,0.0,21171,32.304382,44365,67.695618,0,0.0,0,0.0,False,0,0.0,65536
3893,Class_I_C158F1x20000_2,I,test,128,768,256,0,0.0,17750,27.084351,47786,72.915649,0,0.0,0,0.0,False,0,0.0,65536
3894,Class_I_C158F1x20000_2,I,test,128,896,256,0,0.0,13864,21.154785,51672,78.845215,0,0.0,0,0.0,False,0,0.0,65536
3895,Class_I_C158F1x20000_2,I,test,128,1024,256,0,0.0,17382,26.522827,48154,73.477173,0,0.0,0,0.0,False,0,0.0,65536
3896,Class_I_C158F1x20000_2,I,test,256,0,256,0,0.0,25477,38.874817,39756,60.662842,303,0.462341,0,0.0,False,0,0.0,65536
3897,Class_I_C158F1x20000_2,I,test,256,128,256,0,0.0,20434,31.17981,44688,68.188477,293,0.447083,121,0.184631,True,121,0.184631,65536
3898,Class_I_C158F1x20000_2,I,test,256,256,256,0,0.0,14054,21.444702,51145,78.041077,216,0.32959,121,0.184631,True,121,0.184631,65536
3899,Class_I_C158F1x20000_2,I,test,256,384,256,0,0.0,13601,20.753479,51935,79.246521,0,0.0,0,0.0,False,0,0.0,65536
3900,Class_I_C158F1x20000_2,I,test,256,512,256,0,0.0,15951,24.339294,49585,75.660706,0,0.0,0,0.0,False,0,0.0,65536
3901,Class_I_C158F1x20000_2,I,test,256,640,256,0,0.0,19348,29.522705,46188,70.477295,0,0.0,0,0.0,False,0,0.0,65536
3902,Class_I_C158F1x20000_2,I,test,256,768,256,0,0.0,14509,22.138977,51027,77.861023,0,0.0,0,0.0,False,0,0.0,65536
3903,Class_I_C158F1x20000_2,I,test,256,896,256,0,0.0,14472,22.08252,51064,77.91748,0,0.0,0,0.0,False,0,0.0,65536
3904,Class_I_C158F1x20000_2,I,test,256,1024,256,0,0.0,15334,23.397827,50202,76.602173,0,0.0,0,0.0,False,0,0.0,65536
3905,Class_I_C158F1x20000_2,I,test,384,0,256,0,0.0,19667,30.00946,45582,69.552612,287,0.437927,0,0.0,False,0,0.0,65536
3906,Class_I_C158F1x20000_2,I,test,384,128,256,0,0.0,19032,29.040527,46443,70.866394,61,0.093079,0,0.0,False,0,0.0,65536
3907,Class_I_C158F1x20000_2,I,test,384,256,256,0,0.0,14323,21.855164,51053,77.900696,160,0.244141,0,0.0,False,0,0.0,65536
3908,Class_I_C158F1x20000_2,I,test,384,384,256,0,0.0,12030,18.356323,53346,81.399536,160,0.244141,0,0.0,False,0,0.0,65536
3909,Class_I_C158F1x20000_2,I,test,384,512,256,0,0.0,13520,20.629883,52016,79.370117,0,0.0,0,0.0,False,0,0.0,65536
3910,Class_I_C158F1x20000_2,I,test,384,640,256,0,0.0,18563,28.32489,46973,71.67511,0,0.0,0,0.0,False,0,0.0,65536
3911,Class_I_C158F1x20000_2,I,test,384,768,256,0,0.0,14597,22.273254,50939,77.726746,0,0.0,0,0.0,False,0,0.0,65536
3912,Class_I_C158F1x20000_2,I,test,384,896,256,0,0.0,13868,21.160889,51668,78.839111,0,0.0,0,0.0,False,0,0.0,65536
3913,Class_I_C158F1x20000_2,I,test,384,1024,256,0,0.0,17388,26.531982,48148,73.468018,0,0.0,0,0.0,False,0,0.0,65536
3914,Class_I_C158F1x20000_2,I,test,512,0,256,0,0.0,15341,23.408508,50134,76.498413,61,0.093079,0,0.0,False,0,0.0,65536
3915,Class_I_C158F1x20000_2,I,test,512,128,256,0,0.0,14722,22.463989,50753,77.442932,61,0.093079,0,0.0,False,0,0.0,65536
3916,Class_I_C158F1x20000_2,I,test,512,256,256,0,0.0,12888,19.665527,52488,80.090332,160,0.244141,0,0.0,False,0,0.0,65536
3917,Class_I_C158F1x20000_2,I,test,512,384,256,0,0.0,12733,19.429016,52643,80.326843,160,0.244141,0,0.0,False,0,0.0,65536
3918,Class_I_C158F1x20000_2,I,test,512,512,256,0,0.0,16166,24.667358,49370,75.332642,0,0.0,0,0.0,False,0,0.0,65536
3919,Class_I_C158F1x20000_2,I,test,512,640,256,0,0.0,17194,26.235962,48342,73.764038,0,0.0,0,0.0,False,0,0.0,65536
3920,Class_I_C158F1x20000_2,I,test,512,768,256,0,0.0,15405,23.506165,50131,76.493835,0,0.0,0,0.0,False,0,0.0,65536
3921,Class_I_C158F1x20000_2,I,test,512,896,256,0,0.0,18126,27.658081,47410,72.341919,0,0.0,0,0.0,False,0,0.0,65536
3922,Class_I_C158F1x20000_2,I,test,512,1024,256,0,0.0,21795,33.256531,43741,66.743469,0,0.0,0,0.0,False,0,0.0,65536
3923,Class_I_C158F1x20000_2,I,test,640,0,256,0,0.0,22232,33.92334,43304,66.07666,0,0.0,0,0.0,False,0,0.0,65536
3924,Class_I_C158F1x20000_2,I,test,640,128,256,0,0.0,16128,24.609375,49171,75.028992,237,0.361633,0,0.0,False,0,0.0,65536
3925,Class_I_C158F1x20000_2,I,test,640,256,256,0,0.0,10371,15.82489,54928,83.813477,237,0.361633,0,0.0,False,0,0.0,65536
3926,Class_I_C158F1x20000_2,I,test,640,384,256,0,0.0,19768,30.163574,45768,69.836426,0,0.0,0,0.0,False,0,0.0,65536
3927,Class_I_C158F1x20000_2,I,test,640,512,256,0,0.0,32893,50.190735,32643,49.809265,0,0.0,0,0.0,False,0,0.0,65536
3928,Class_I_C158F1x20000_2,I,test,640,640,256,0,0.0,26822,40.927124,38714,59.072876,0,0.0,0,0.0,False,0,0.0,65536
3929,Class_I_C158F1x20000_2,I,test,640,768,256,0,0.0,19066,29.092407,46470,70.907593,0,0.0,0,0.0,False,0,0.0,65536
3930,Class_I_C158F1x20000_2,I,test,640,896,256,0,0.0,18323,27.958679,47213,72.041321,0,0.0,0,0.0,False,0,0.0,65536
3931,Class_I_C158F1x20000_2,I,test,640,1024,256,0,0.0,19157,29.231262,46379,70.768738,0,0.0,0,0.0,False,0,0.0,65536
3932,Class_I_C158F1x20000_2,I,test,703,0,256,0,0.0,21817,33.2901,43719,66.7099,0,0.0,0,0.0,False,0,0.0,65536
3933,Class_I_C158F1x20000_2,I,test,703,128,256,0,0.0,16225,24.757385,49074,74.880981,237,0.361633,0,0.0,False,0,0.0,65536
3934,Class_I_C158F1x20000_2,I,test,703,256,256,0,0.0,13074,19.949341,52225,79.689026,237,0.361633,0,0.0,False,0,0.0,65536
3935,Class_I_C158F1x20000_2,I,test,703,384,256,0,0.0,20924,31.92749,44612,68.07251,0,0.0,0,0.0,False,0,0.0,65536
3936,Class_I_C158F1x20000_2,I,test,703,512,256,0,0.0,35165,53.657532,30371,46.342468,0,0.0,0,0.0,False,0,0.0,65536
3937,Class_I_C158F1x20000_2,I,test,703,640,256,0,0.0,28932,44.146729,36604,55.853271,0,0.0,0,0.0,False,0,0.0,65536
3938,Class_I_C158F1x20000_2,I,test,703,768,256,0,0.0,19528,29.797363,46008,70.202637,0,0.0,0,0.0,False,0,0.0,65536
3939,Class_I_C158F1x20000_2,I,test,703,896,256,0,0.0,22090,33.706665,43446,66.293335,0,0.0,0,0.0,False,0,0.0,65536
3940,Class_I_C158F1x20000_2,I,test,703,1024,256,0,0.0,21591,32.945251,43945,67.054749,0,0.0,0,0.0,False,0,0.0,65536
3941,Class_I_C26F1x15000,I,val,0,0,256,0,0.0,18145,27.687073,47391,72.312927,0,0.0,0,0.0,False,0,0.0,65536
3942,Class_I_C26F1x15000,I,val,0,128,256,0,0.0,19372,29.559326,46164,70.440674,0,0.0,0,0.0,False,0,0.0,65536
3943,Class_I_C26F1x15000,I,val,0,256,256,0,0.0,17247,26.316833,48289,73.683167,0,0.0,0,0.0,False,0,0.0,65536
3944,Class_I_C26F1x15000,I,val,0,384,256,0,0.0,15626,23.843384,49910,76.156616,0,0.0,0,0.0,False,0,0.0,65536
3945,Class_I_C26F1x15000,I,val,0,512,256,0,0.0,17951,27.391052,47585,72.608948,0,0.0,0,0.0,False,0,0.0,65536
3946,Class_I_C26F1x15000,I,val,0,640,256,0,0.0,22669,34.590149,42867,65.409851,0,0.0,0,0.0,False,0,0.0,65536
3947,Class_I_C26F1x15000,I,val,0,768,256,0,0.0,31972,48.7854,33564,51.2146,0,0.0,0,0.0,False,0,0.0,65536
3948,Class_I_C26F1x15000,I,val,0,896,256,0,0.0,30731,46.891785,34805,53.108215,0,0.0,0,0.0,False,0,0.0,65536
3949,Class_I_C26F1x15000,I,val,0,1024,256,0,0.0,25496,38.903809,40040,61.096191,0,0.0,0,0.0,False,0,0.0,65536
3950,Class_I_C26F1x15000,I,val,128,0,256,0,0.0,14454,22.055054,51082,77.944946,0,0.0,0,0.0,False,0,0.0,65536
3951,Class_I_C26F1x15000,I,val,128,128,256,0,0.0,20813,31.758118,44723,68.241882,0,0.0,0,0.0,False,0,0.0,65536
3952,Class_I_C26F1x15000,I,val,128,256,256,0,0.0,20011,30.534363,45525,69.465637,0,0.0,0,0.0,False,0,0.0,65536
3953,Class_I_C26F1x15000,I,val,128,384,256,0,0.0,20862,31.832886,44674,68.167114,0,0.0,0,0.0,False,0,0.0,65536
3954,Class_I_C26F1x15000,I,val,128,512,256,0,0.0,29023,44.285583,36513,55.714417,0,0.0,0,0.0,False,0,0.0,65536
3955,Class_I_C26F1x15000,I,val,128,640,256,0,0.0,26031,39.720154,39505,60.279846,0,0.0,0,0.0,False,0,0.0,65536
3956,Class_I_C26F1x15000,I,val,128,768,256,0,0.0,20615,31.455994,44921,68.544006,0,0.0,0,0.0,False,0,0.0,65536
3957,Class_I_C26F1x15000,I,val,128,896,256,0,0.0,26578,40.55481,38958,59.44519,0,0.0,0,0.0,False,0,0.0,65536
3958,Class_I_C26F1x15000,I,val,128,1024,256,0,0.0,23885,36.445618,41651,63.554382,0,0.0,0,0.0,False,0,0.0,65536
3959,Class_I_C26F1x15000,I,val,256,0,256,0,0.0,12788,19.512939,52748,80.487061,0,0.0,0,0.0,False,0,0.0,65536
3960,Class_I_C26F1x15000,I,val,256,128,256,0,0.0,18948,28.912354,46588,71.087646,0,0.0,0,0.0,False,0,0.0,65536
3961,Class_I_C26F1x15000,I,val,256,256,256,0,0.0,23656,36.096191,41880,63.903809,0,0.0,0,0.0,False,0,0.0,65536
3962,Class_I_C26F1x15000,I,val,256,384,256,0,0.0,26078,39.79187,39458,60.20813,0,0.0,0,0.0,False,0,0.0,65536
3963,Class_I_C26F1x15000,I,val,256,512,256,0,0.0,29633,45.21637,35903,54.78363,0,0.0,0,0.0,False,0,0.0,65536
3964,Class_I_C26F1x15000,I,val,256,640,256,0,0.0,26597,40.583801,38939,59.416199,0,0.0,0,0.0,False,0,0.0,65536
3965,Class_I_C26F1x15000,I,val,256,768,256,0,0.0,18904,28.845215,46632,71.154785,0,0.0,0,0.0,False,0,0.0,65536
3966,Class_I_C26F1x15000,I,val,256,896,256,0,0.0,23757,36.250305,41779,63.749695,0,0.0,0,0.0,False,0,0.0,65536
3967,Class_I_C26F1x15000,I,val,256,1024,256,0,0.0,25139,38.35907,40397,61.64093,0,0.0,0,0.0,False,0,0.0,65536
3968,Class_I_C26F1x15000,I,val,384,0,256,0,0.0,12563,19.169617,52973,80.830383,0,0.0,0,0.0,False,0,0.0,65536
3969,Class_I_C26F1x15000,I,val,384,128,256,0,0.0,15076,23.00415,50460,76.99585,0,0.0,0,0.0,False,0,0.0,65536
3970,Class_I_C26F1x15000,I,val,384,256,256,0,0.0,19957,30.451965,45579,69.548035,0,0.0,0,0.0,False,0,0.0,65536
3971,Class_I_C26F1x15000,I,val,384,384,256,0,0.0,21055,32.12738,44481,67.87262,0,0.0,0,0.0,False,0,0.0,65536
3972,Class_I_C26F1x15000,I,val,384,512,256,0,0.0,19608,29.919434,45928,70.080566,0,0.0,0,0.0,False,0,0.0,65536
3973,Class_I_C26F1x15000,I,val,384,640,256,0,0.0,20324,31.011963,45212,68.988037,0,0.0,0,0.0,False,0,0.0,65536
3974,Class_I_C26F1x15000,I,val,384,768,256,0,0.0,16935,25.840759,48601,74.159241,0,0.0,0,0.0,False,0,0.0,65536
3975,Class_I_C26F1x15000,I,val,384,896,256,0,0.0,16721,25.514221,48815,74.485779,0,0.0,0,0.0,False,0,0.0,65536
3976,Class_I_C26F1x15000,I,val,384,1024,256,0,0.0,22983,35.069275,42553,64.930725,0,0.0,0,0.0,False,0,0.0,65536
3977,Class_I_C26F1x15000,I,val,512,0,256,0,0.0,17291,26.383972,48245,73.616028,0,0.0,0,0.0,False,0,0.0,65536
3978,Class_I_C26F1x15000,I,val,512,128,256,0,0.0,17164,26.190186,48372,73.809814,0,0.0,0,0.0,False,0,0.0,65536
3979,Class_I_C26F1x15000,I,val,512,256,256,0,0.0,15249,23.268127,50287,76.731873,0,0.0,0,0.0,False,0,0.0,65536
3980,Class_I_C26F1x15000,I,val,512,384,256,0,0.0,13364,20.391846,52172,79.608154,0,0.0,0,0.0,False,0,0.0,65536
3981,Class_I_C26F1x15000,I,val,512,512,256,0,0.0,18226,27.810669,47310,72.189331,0,0.0,0,0.0,False,0,0.0,65536
3982,Class_I_C26F1x15000,I,val,512,640,256,0,0.0,27480,41.931152,38056,58.068848,0,0.0,0,0.0,False,0,0.0,65536
3983,Class_I_C26F1x15000,I,val,512,768,256,0,0.0,28411,43.351746,37125,56.648254,0,0.0,0,0.0,False,0,0.0,65536
3984,Class_I_C26F1x15000,I,val,512,896,256,0,0.0,20688,31.567383,44848,68.432617,0,0.0,0,0.0,False,0,0.0,65536
3985,Class_I_C26F1x15000,I,val,512,1024,256,0,0.0,17295,26.390076,48241,73.609924,0,0.0,0,0.0,False,0,0.0,65536
3986,Class_I_C26F1x15000,I,val,640,0,256,0,0.0,22806,34.799194,42730,65.200806,0,0.0,0,0.0,False,0,0.0,65536
3987,Class_I_C26F1x15000,I,val,640,128,256,0,0.0,22816,34.814453,42720,65.185547,0,0.0,0,0.0,False,0,0.0,65536
3988,Class_I_C26F1x15000,I,val,640,256,256,0,0.0,19656,29.992676,45880,70.007324,0,0.0,0,0.0,False,0,0.0,65536
3989,Class_I_C26F1x15000,I,val,640,384,256,0,0.0,19977,30.482483,45559,69.517517,0,0.0,0,0.0,False,0,0.0,65536
3990,Class_I_C26F1x15000,I,val,640,512,256,0,0.0,22142,33.786011,43394,66.213989,0,0.0,0,0.0,False,0,0.0,65536
3991,Class_I_C26F1x15000,I,val,640,640,256,0,0.0,29237,44.612122,36299,55.387878,0,0.0,0,0.0,False,0,0.0,65536
3992,Class_I_C26F1x15000,I,val,640,768,256,0,0.0,29386,44.839478,36150,55.160522,0,0.0,0,0.0,False,0,0.0,65536
3993,Class_I_C26F1x15000,I,val,640,896,256,0,0.0,20011,30.534363,45525,69.465637,0,0.0,0,0.0,False,0,0.0,65536
3994,Class_I_C26F1x15000,I,val,640,1024,256,0,0.0,17140,26.153564,48396,73.846436,0,0.0,0,0.0,False,0,0.0,65536
3995,Class_I_C26F1x15000,I,val,703,0,256,0,0.0,23263,35.496521,42273,64.503479,0,0.0,0,0.0,False,0,0.0,65536
3996,Class_I_C26F1x15000,I,val,703,128,256,0,0.0,21889,33.399963,43647,66.600037,0,0.0,0,0.0,False,0,0.0,65536
3997,Class_I_C26F1x15000,I,val,703,256,256,0,0.0,18251,27.848816,47285,72.151184,0,0.0,0,0.0,False,0,0.0,65536
3998,Class_I_C26F1x15000,I,val,703,384,256,0,0.0,24594,37.527466,40942,62.472534,0,0.0,0,0.0,False,0,0.0,65536
3999,Class_I_C26F1x15000,I,val,703,512,256,0,0.0,29575,45.127869,35961,54.872131,0,0.0,0,0.0,False,0,0.0,65536
4000,Class_I_C26F1x15000,I,val,703,640,256,0,0.0,29417,44.88678,36119,55.11322,0,0.0,0,0.0,False,0,0.0,65536
4001,Class_I_C26F1x15000,I,val,703,768,256,0,0.0,25477,38.874817,40059,61.125183,0,0.0,0,0.0,False,0,0.0,65536
4002,Class_I_C26F1x15000,I,val,703,896,256,0,0.0,20881,31.861877,44655,68.138123,0,0.0,0,0.0,False,0,0.0,65536
4003,Class_I_C26F1x15000,I,val,703,1024,256,0,0.0,18146,27.688599,47390,72.311401,0,0.0,0,0.0,False,0,0.0,65536
4004,Class_I_C27F1x15000,I,train,0,0,256,0,0.0,15235,23.246765,49636,75.738525,665,1.014709,0,0.0,False,0,0.0,65536
4005,Class_I_C27F1x15000,I,train,0,128,256,0,0.0,6462,9.860229,58409,89.125061,665,1.014709,0,0.0,False,0,0.0,65536
4006,Class_I_C27F1x15000,I,train,0,256,256,0,0.0,17324,26.434326,47286,72.15271,869,1.325989,57,0.086975,True,57,0.086975,65536
4007,Class_I_C27F1x15000,I,train,0,384,256,0,0.0,26458,40.371704,37830,57.723999,1139,1.737976,109,0.166321,True,109,0.166321,65536
4008,Class_I_C27F1x15000,I,train,0,512,256,0,0.0,19389,29.585266,45825,69.923401,270,0.411987,52,0.079346,True,52,0.079346,65536
4009,Class_I_C27F1x15000,I,train,0,640,256,0,0.0,9482,14.468384,56005,85.456848,49,0.074768,0,0.0,False,0,0.0,65536
4010,Class_I_C27F1x15000,I,train,0,768,256,0,0.0,8557,13.056946,56321,85.939026,658,1.004028,0,0.0,False,0,0.0,65536
4011,Class_I_C27F1x15000,I,train,0,896,256,0,0.0,9785,14.930725,55018,83.950806,708,1.080322,25,0.038147,True,25,0.038147,65536
4012,Class_I_C27F1x15000,I,train,0,1024,256,0,0.0,12398,18.917847,52735,80.467224,378,0.576782,25,0.038147,True,25,0.038147,65536
4013,Class_I_C27F1x15000,I,train,128,0,256,0,0.0,8070,12.313843,56458,86.148071,986,1.504517,22,0.033569,True,22,0.033569,65536
4014,Class_I_C27F1x15000,I,train,128,128,256,0,0.0,11294,17.233276,52607,80.271912,1519,2.31781,116,0.177002,True,116,0.177002,65536
4015,Class_I_C27F1x15000,I,train,128,256,256,0,0.0,15569,23.756409,48682,74.282837,1134,1.730347,151,0.230408,True,151,0.230408,65536
4016,Class_I_C27F1x15000,I,train,128,384,256,0,0.0,25653,39.143372,39225,59.8526,601,0.917053,57,0.086975,True,57,0.086975,65536
4017,Class_I_C27F1x15000,I,train,128,512,256,0,0.0,32942,50.265503,32594,49.734497,0,0.0,0,0.0,False,0,0.0,65536
4018,Class_I_C27F1x15000,I,train,128,640,256,0,0.0,18894,28.829956,45441,69.337463,1109,1.6922,92,0.140381,True,92,0.140381,65536
4019,Class_I_C27F1x15000,I,train,128,768,256,0,0.0,13754,20.986938,49619,75.712585,2031,3.09906,132,0.201416,True,132,0.201416,65536
4020,Class_I_C27F1x15000,I,train,128,896,256,0,0.0,15784,24.084473,48538,74.06311,1174,1.791382,40,0.061035,True,40,0.061035,65536
4021,Class_I_C27F1x15000,I,train,128,1024,256,0,0.0,13464,20.544434,51820,79.071045,252,0.384521,0,0.0,False,0,0.0,65536
4022,Class_I_C27F1x15000,I,train,256,0,256,0,0.0,12208,18.62793,52758,80.502319,528,0.805664,42,0.064087,True,42,0.064087,65536
4023,Class_I_C27F1x15000,I,train,256,128,256,0,0.0,14661,22.370911,49678,75.802612,1061,1.618958,136,0.20752,True,136,0.20752,65536
4024,Class_I_C27F1x15000,I,train,256,256,256,0,0.0,10993,16.773987,53916,82.269287,533,0.813293,94,0.143433,True,94,0.143433,65536
4025,Class_I_C27F1x15000,I,train,256,384,256,0,0.0,18603,28.385925,46414,70.822144,519,0.791931,0,0.0,False,0,0.0,65536
4026,Class_I_C27F1x15000,I,train,256,512,256,0,0.0,29042,44.314575,35975,54.893494,519,0.791931,0,0.0,False,0,0.0,65536
4027,Class_I_C27F1x15000,I,train,256,640,256,0,0.0,21062,32.138062,42891,65.446472,1447,2.207947,136,0.20752,True,136,0.20752,65536
4028,Class_I_C27F1x15000,I,train,256,768,256,0,0.0,19690,30.044556,42528,64.892578,3110,4.745483,208,0.317383,True,208,0.317383,65536
4029,Class_I_C27F1x15000,I,train,256,896,256,0,0.0,20195,30.815125,42984,65.588379,2166,3.305054,191,0.291443,True,191,0.291443,65536
4030,Class_I_C27F1x15000,I,train,256,1024,256,0,0.0,15230,23.239136,48678,74.276733,1435,2.189636,193,0.294495,True,193,0.294495,65536
4031,Class_I_C27F1x15000,I,train,384,0,256,0,0.0,17918,27.340698,45751,69.810486,1769,2.69928,98,0.149536,True,98,0.149536,65536
4032,Class_I_C27F1x15000,I,train,384,128,256,0,0.0,9934,15.158081,54148,82.623291,1363,2.079773,91,0.138855,True,91,0.138855,65536
4033,Class_I_C27F1x15000,I,train,384,256,256,0,0.0,3376,5.151367,61698,94.143677,419,0.639343,43,0.065613,True,43,0.065613,65536
4034,Class_I_C27F1x15000,I,train,384,384,256,0,0.0,14478,22.091675,50083,76.420593,940,1.434326,35,0.053406,True,35,0.053406,65536
4035,Class_I_C27F1x15000,I,train,384,512,256,0,0.0,23827,36.357117,40734,62.155151,940,1.434326,35,0.053406,True,35,0.053406,65536
4036,Class_I_C27F1x15000,I,train,384,640,256,0,0.0,16965,25.886536,47610,72.647095,868,1.324463,93,0.141907,True,93,0.141907,65536
4037,Class_I_C27F1x15000,I,train,384,768,256,0,0.0,15838,24.16687,47034,71.768188,2539,3.874207,125,0.190735,True,125,0.190735,65536
4038,Class_I_C27F1x15000,I,train,384,896,256,0,0.0,16659,25.419617,44822,68.392944,3843,5.863953,212,0.323486,True,212,0.323486,65536
4039,Class_I_C27F1x15000,I,train,384,1024,256,0,0.0,17982,27.438354,44126,67.330933,3169,4.83551,259,0.395203,True,259,0.395203,65536
4040,Class_I_C27F1x15000,I,train,512,0,256,0,0.0,22392,34.16748,41309,63.032532,1731,2.641296,104,0.158691,True,104,0.158691,65536
4041,Class_I_C27F1x15000,I,train,512,128,256,0,0.0,6909,10.542297,56348,85.980225,2064,3.149414,215,0.328064,True,215,0.328064,65536
4042,Class_I_C27F1x15000,I,train,512,256,256,0,0.0,5317,8.113098,58319,88.987732,1739,2.653503,161,0.245667,True,161,0.245667,65536
4043,Class_I_C27F1x15000,I,train,512,384,256,0,0.0,12138,18.521118,52361,79.896545,1002,1.528931,35,0.053406,True,35,0.053406,65536
4044,Class_I_C27F1x15000,I,train,512,512,256,0,0.0,16553,25.257874,48527,74.046326,421,0.642395,35,0.053406,True,35,0.053406,65536
4045,Class_I_C27F1x15000,I,train,512,640,256,0,0.0,12176,18.579102,52505,80.116272,806,1.229858,49,0.074768,True,49,0.074768,65536
4046,Class_I_C27F1x15000,I,train,512,768,256,0,0.0,6566,10.018921,57445,87.654114,1476,2.252197,49,0.074768,True,49,0.074768,65536
4047,Class_I_C27F1x15000,I,train,512,896,256,0,0.0,15372,23.455811,47211,72.038269,2892,4.412842,61,0.093079,True,61,0.093079,65536
4048,Class_I_C27F1x15000,I,train,512,1024,256,0,0.0,30187,46.061707,32144,49.047852,3047,4.649353,158,0.241089,True,158,0.241089,65536
4049,Class_I_C27F1x15000,I,train,640,0,256,0,0.0,20923,31.925964,44418,67.776489,169,0.257874,26,0.039673,True,26,0.039673,65536
4050,Class_I_C27F1x15000,I,train,640,128,256,0,0.0,10684,16.30249,53800,82.092285,908,1.385498,144,0.219727,True,144,0.219727,65536
4051,Class_I_C27F1x15000,I,train,640,256,256,0,0.0,16499,25.175476,47351,72.251892,1568,2.392578,118,0.180054,True,118,0.180054,65536
4052,Class_I_C27F1x15000,I,train,640,384,256,0,0.0,15123,23.075867,49584,75.65918,829,1.264954,0,0.0,False,0,0.0,65536
4053,Class_I_C27F1x15000,I,train,640,512,256,0,0.0,11191,17.076111,54345,82.923889,0,0.0,0,0.0,False,0,0.0,65536
4054,Class_I_C27F1x15000,I,train,640,640,256,0,0.0,10974,16.744995,52829,80.610657,1493,2.278137,240,0.366211,True,240,0.366211,65536
4055,Class_I_C27F1x15000,I,train,640,768,256,0,0.0,9246,14.108276,54557,83.247375,1493,2.278137,240,0.366211,True,240,0.366211,65536
4056,Class_I_C27F1x15000,I,train,640,896,256,0,0.0,16025,24.452209,48927,74.656677,565,0.862122,19,0.028992,True,19,0.028992,65536
4057,Class_I_C27F1x15000,I,train,640,1024,256,0,0.0,25484,38.885498,38526,58.786011,1415,2.159119,111,0.169373,True,111,0.169373,65536
4058,Class_I_C27F1x15000,I,train,703,0,256,0,0.0,18924,28.875732,46612,71.124268,0,0.0,0,0.0,False,0,0.0,65536
4059,Class_I_C27F1x15000,I,train,703,128,256,0,0.0,15949,24.336243,48564,74.102783,942,1.437378,81,0.123596,True,81,0.123596,65536
4060,Class_I_C27F1x15000,I,train,703,256,256,0,0.0,18540,28.289795,45278,69.088745,1637,2.497864,81,0.123596,True,81,0.123596,65536
4061,Class_I_C27F1x15000,I,train,703,384,256,0,0.0,15748,24.029541,49093,74.909973,695,1.060486,0,0.0,False,0,0.0,65536
4062,Class_I_C27F1x15000,I,train,703,512,256,0,0.0,15408,23.510742,50128,76.489258,0,0.0,0,0.0,False,0,0.0,65536
4063,Class_I_C27F1x15000,I,train,703,640,256,0,0.0,16360,24.963379,47202,72.024536,1676,2.557373,298,0.454712,True,298,0.454712,65536
4064,Class_I_C27F1x15000,I,train,703,768,256,0,0.0,11779,17.973328,51783,79.014587,1676,2.557373,298,0.454712,True,298,0.454712,65536
4065,Class_I_C27F1x15000,I,train,703,896,256,0,0.0,12592,19.213867,52408,79.968262,517,0.788879,19,0.028992,True,19,0.028992,65536
4066,Class_I_C27F1x15000,I,train,703,1024,256,0,0.0,20369,31.080627,43918,67.01355,1188,1.812744,61,0.093079,True,61,0.093079,65536
4067,Class_I_C27F1x20000,I,train,0,0,256,0,0.0,13073,19.947815,52463,80.052185,0,0.0,0,0.0,False,0,0.0,65536
4068,Class_I_C27F1x20000,I,train,0,128,256,0,0.0,19924,30.401611,45612,69.598389,0,0.0,0,0.0,False,0,0.0,65536
4069,Class_I_C27F1x20000,I,train,0,256,256,0,0.0,18777,28.651428,46759,71.348572,0,0.0,0,0.0,False,0,0.0,65536
4070,Class_I_C27F1x20000,I,train,0,384,256,0,0.0,15117,23.066711,50419,76.933289,0,0.0,0,0.0,False,0,0.0,65536
4071,Class_I_C27F1x20000,I,train,0,512,256,0,0.0,25094,38.290405,40442,61.709595,0,0.0,0,0.0,False,0,0.0,65536
4072,Class_I_C27F1x20000,I,train,0,640,256,0,0.0,26378,40.249634,39158,59.750366,0,0.0,0,0.0,False,0,0.0,65536
4073,Class_I_C27F1x20000,I,train,0,768,256,0,0.0,27106,41.360474,38430,58.639526,0,0.0,0,0.0,False,0,0.0,65536
4074,Class_I_C27F1x20000,I,train,0,896,256,0,0.0,20557,31.367493,44979,68.632507,0,0.0,0,0.0,False,0,0.0,65536
4075,Class_I_C27F1x20000,I,train,0,1024,256,0,0.0,11379,17.362976,54157,82.637024,0,0.0,0,0.0,False,0,0.0,65536
4076,Class_I_C27F1x20000,I,train,128,0,256,0,0.0,21597,32.954407,43939,67.045593,0,0.0,0,0.0,False,0,0.0,65536
4077,Class_I_C27F1x20000,I,train,128,128,256,0,0.0,17651,26.933289,47885,73.066711,0,0.0,0,0.0,False,0,0.0,65536
4078,Class_I_C27F1x20000,I,train,128,256,256,0,0.0,11799,18.003845,53737,81.996155,0,0.0,0,0.0,False,0,0.0,65536
4079,Class_I_C27F1x20000,I,train,128,384,256,0,0.0,21035,32.096863,44501,67.903137,0,0.0,0,0.0,False,0,0.0,65536
4080,Class_I_C27F1x20000,I,train,128,512,256,0,0.0,20672,31.542969,44864,68.457031,0,0.0,0,0.0,False,0,0.0,65536
4081,Class_I_C27F1x20000,I,train,128,640,256,0,0.0,11581,17.671204,53955,82.328796,0,0.0,0,0.0,False,0,0.0,65536
4082,Class_I_C27F1x20000,I,train,128,768,256,0,0.0,18945,28.907776,46591,71.092224,0,0.0,0,0.0,False,0,0.0,65536
4083,Class_I_C27F1x20000,I,train,128,896,256,0,0.0,14082,21.487427,51454,78.512573,0,0.0,0,0.0,False,0,0.0,65536
4084,Class_I_C27F1x20000,I,train,128,1024,256,0,0.0,9129,13.929749,56407,86.070251,0,0.0,0,0.0,False,0,0.0,65536
4085,Class_I_C27F1x20000,I,train,256,0,256,0,0.0,36053,55.012512,29483,44.987488,0,0.0,0,0.0,False,0,0.0,65536
4086,Class_I_C27F1x20000,I,train,256,128,256,0,0.0,24605,37.54425,40931,62.45575,0,0.0,0,0.0,False,0,0.0,65536
4087,Class_I_C27F1x20000,I,train,256,256,256,0,0.0,13830,21.102905,51706,78.897095,0,0.0,0,0.0,False,0,0.0,65536
4088,Class_I_C27F1x20000,I,train,256,384,256,0,0.0,27337,41.712952,38199,58.287048,0,0.0,0,0.0,False,0,0.0,65536
4089,Class_I_C27F1x20000,I,train,256,512,256,0,0.0,25010,38.162231,40526,61.837769,0,0.0,0,0.0,False,0,0.0,65536
4090,Class_I_C27F1x20000,I,train,256,640,256,0,0.0,13248,20.214844,52288,79.785156,0,0.0,0,0.0,False,0,0.0,65536
4091,Class_I_C27F1x20000,I,train,256,768,256,0,0.0,18281,27.894592,47255,72.105408,0,0.0,0,0.0,False,0,0.0,65536
4092,Class_I_C27F1x20000,I,train,256,896,256,0,0.0,16233,24.769592,49303,75.230408,0,0.0,0,0.0,False,0,0.0,65536
4093,Class_I_C27F1x20000,I,train,256,1024,256,0,0.0,14148,21.588135,51388,78.411865,0,0.0,0,0.0,False,0,0.0,65536
4094,Class_I_C27F1x20000,I,train,384,0,256,0,0.0,32333,49.336243,33203,50.663757,0,0.0,0,0.0,False,0,0.0,65536
4095,Class_I_C27F1x20000,I,train,384,128,256,0,0.0,24914,38.015747,40622,61.984253,0,0.0,0,0.0,False,0,0.0,65536
4096,Class_I_C27F1x20000,I,train,384,256,256,0,0.0,19548,29.827881,45988,70.172119,0,0.0,0,0.0,False,0,0.0,65536
4097,Class_I_C27F1x20000,I,train,384,384,256,0,0.0,24994,38.137817,40542,61.862183,0,0.0,0,0.0,False,0,0.0,65536
4098,Class_I_C27F1x20000,I,train,384,512,256,0,0.0,25608,39.074707,39928,60.925293,0,0.0,0,0.0,False,0,0.0,65536
4099,Class_I_C27F1x20000,I,train,384,640,256,0,0.0,18360,28.015137,47176,71.984863,0,0.0,0,0.0,False,0,0.0,65536
4100,Class_I_C27F1x20000,I,train,384,768,256,0,0.0,21324,32.537842,44212,67.462158,0,0.0,0,0.0,False,0,0.0,65536
4101,Class_I_C27F1x20000,I,train,384,896,256,0,0.0,20558,31.369019,44978,68.630981,0,0.0,0,0.0,False,0,0.0,65536
4102,Class_I_C27F1x20000,I,train,384,1024,256,0,0.0,12170,18.569946,53366,81.430054,0,0.0,0,0.0,False,0,0.0,65536
4103,Class_I_C27F1x20000,I,train,512,0,256,0,0.0,23776,36.279297,41760,63.720703,0,0.0,0,0.0,False,0,0.0,65536
4104,Class_I_C27F1x20000,I,train,512,128,256,0,0.0,28134,42.929077,37402,57.070923,0,0.0,0,0.0,False,0,0.0,65536
4105,Class_I_C27F1x20000,I,train,512,256,256,0,0.0,27416,41.833496,38120,58.166504,0,0.0,0,0.0,False,0,0.0,65536
4106,Class_I_C27F1x20000,I,train,512,384,256,0,0.0,23967,36.57074,41569,63.42926,0,0.0,0,0.0,False,0,0.0,65536
4107,Class_I_C27F1x20000,I,train,512,512,256,0,0.0,30569,46.644592,34967,53.355408,0,0.0,0,0.0,False,0,0.0,65536
4108,Class_I_C27F1x20000,I,train,512,640,256,0,0.0,25805,39.375305,39731,60.624695,0,0.0,0,0.0,False,0,0.0,65536
4109,Class_I_C27F1x20000,I,train,512,768,256,0,0.0,19645,29.975891,45891,70.024109,0,0.0,0,0.0,False,0,0.0,65536
4110,Class_I_C27F1x20000,I,train,512,896,256,0,0.0,23192,35.388184,42344,64.611816,0,0.0,0,0.0,False,0,0.0,65536
4111,Class_I_C27F1x20000,I,train,512,1024,256,0,0.0,13464,20.544434,52072,79.455566,0,0.0,0,0.0,False,0,0.0,65536
4112,Class_I_C27F1x20000,I,train,640,0,256,0,0.0,23889,36.451721,41647,63.548279,0,0.0,0,0.0,False,0,0.0,65536
4113,Class_I_C27F1x20000,I,train,640,128,256,0,0.0,27619,42.14325,37917,57.85675,0,0.0,0,0.0,False,0,0.0,65536
4114,Class_I_C27F1x20000,I,train,640,256,256,0,0.0,21295,32.493591,44241,67.506409,0,0.0,0,0.0,False,0,0.0,65536
4115,Class_I_C27F1x20000,I,train,640,384,256,0,0.0,24569,37.489319,40967,62.510681,0,0.0,0,0.0,False,0,0.0,65536
4116,Class_I_C27F1x20000,I,train,640,512,256,0,0.0,30742,46.908569,34794,53.091431,0,0.0,0,0.0,False,0,0.0,65536
4117,Class_I_C27F1x20000,I,train,640,640,256,0,0.0,24821,37.87384,40715,62.12616,0,0.0,0,0.0,False,0,0.0,65536
4118,Class_I_C27F1x20000,I,train,640,768,256,0,0.0,21677,33.076477,43859,66.923523,0,0.0,0,0.0,False,0,0.0,65536
4119,Class_I_C27F1x20000,I,train,640,896,256,0,0.0,21826,33.303833,43710,66.696167,0,0.0,0,0.0,False,0,0.0,65536
4120,Class_I_C27F1x20000,I,train,640,1024,256,0,0.0,15077,23.005676,50459,76.994324,0,0.0,0,0.0,False,0,0.0,65536
4121,Class_I_C27F1x20000,I,train,703,0,256,0,0.0,21966,33.517456,43570,66.482544,0,0.0,0,0.0,False,0,0.0,65536
4122,Class_I_C27F1x20000,I,train,703,128,256,0,0.0,25798,39.364624,39738,60.635376,0,0.0,0,0.0,False,0,0.0,65536
4123,Class_I_C27F1x20000,I,train,703,256,256,0,0.0,20235,30.87616,45301,69.12384,0,0.0,0,0.0,False,0,0.0,65536
4124,Class_I_C27F1x20000,I,train,703,384,256,0,0.0,28025,42.762756,37511,57.237244,0,0.0,0,0.0,False,0,0.0,65536
4125,Class_I_C27F1x20000,I,train,703,512,256,0,0.0,30507,46.549988,35029,53.450012,0,0.0,0,0.0,False,0,0.0,65536
4126,Class_I_C27F1x20000,I,train,703,640,256,0,0.0,21583,32.933044,43953,67.066956,0,0.0,0,0.0,False,0,0.0,65536
4127,Class_I_C27F1x20000,I,train,703,768,256,0,0.0,18763,28.630066,46773,71.369934,0,0.0,0,0.0,False,0,0.0,65536
4128,Class_I_C27F1x20000,I,train,703,896,256,0,0.0,16982,25.912476,48554,74.087524,0,0.0,0,0.0,False,0,0.0,65536
4129,Class_I_C27F1x20000,I,train,703,1024,256,0,0.0,14354,21.902466,51182,78.097534,0,0.0,0,0.0,False,0,0.0,65536
4130,Class_I_C28F1x15000,I,train,0,0,256,0,0.0,19741,30.122375,45162,68.911743,633,0.965881,0,0.0,False,0,0.0,65536
4131,Class_I_C28F1x15000,I,train,0,128,256,0,0.0,10324,15.753174,55212,84.246826,0,0.0,0,0.0,False,0,0.0,65536
4132,Class_I_C28F1x15000,I,train,0,256,256,0,0.0,20543,31.34613,44760,68.29834,233,0.35553,0,0.0,False,0,0.0,65536
4133,Class_I_C28F1x15000,I,train,0,384,256,0,0.0,28262,43.12439,37041,56.520081,233,0.35553,0,0.0,False,0,0.0,65536
4134,Class_I_C28F1x15000,I,train,0,512,256,0,0.0,29617,45.191956,35919,54.808044,0,0.0,0,0.0,False,0,0.0,65536
4135,Class_I_C28F1x15000,I,train,0,640,256,0,0.0,20911,31.907654,44625,68.092346,0,0.0,0,0.0,False,0,0.0,65536
4136,Class_I_C28F1x15000,I,train,0,768,256,0,0.0,10403,15.873718,54885,83.747864,248,0.378418,0,0.0,False,0,0.0,65536
4137,Class_I_C28F1x15000,I,train,0,896,256,0,0.0,13728,20.947266,51076,77.935791,732,1.116943,0,0.0,False,0,0.0,65536
4138,Class_I_C28F1x15000,I,train,0,1024,256,0,0.0,15114,23.062134,49446,75.448608,976,1.489258,0,0.0,False,0,0.0,65536
4139,Class_I_C28F1x15000,I,train,128,0,256,0,0.0,12879,19.651794,52441,80.018616,216,0.32959,0,0.0,False,0,0.0,65536
4140,Class_I_C28F1x15000,I,train,128,128,256,0,0.0,20169,30.775452,45367,69.224548,0,0.0,0,0.0,False,0,0.0,65536
4141,Class_I_C28F1x15000,I,train,128,256,256,0,0.0,21789,33.247375,43307,66.081238,440,0.671387,0,0.0,False,0,0.0,65536
4142,Class_I_C28F1x15000,I,train,128,384,256,0,0.0,13189,20.124817,51819,79.069519,528,0.805664,0,0.0,False,0,0.0,65536
4143,Class_I_C28F1x15000,I,train,128,512,256,0,0.0,12898,19.680786,52307,79.814148,331,0.505066,0,0.0,False,0,0.0,65536
4144,Class_I_C28F1x15000,I,train,128,640,256,0,0.0,11896,18.151855,53397,81.477356,243,0.370789,0,0.0,False,0,0.0,65536
4145,Class_I_C28F1x15000,I,train,128,768,256,0,0.0,8377,12.782288,56911,86.839294,248,0.378418,0,0.0,False,0,0.0,65536
4146,Class_I_C28F1x15000,I,train,128,896,256,0,0.0,16361,24.964905,48784,74.438477,391,0.596619,0,0.0,False,0,0.0,65536
4147,Class_I_C28F1x15000,I,train,128,1024,256,0,0.0,29884,45.599365,35509,54.182434,143,0.218201,0,0.0,False,0,0.0,65536
4148,Class_I_C28F1x15000,I,train,256,0,256,0,0.0,18487,28.208923,47049,71.791077,0,0.0,0,0.0,False,0,0.0,65536
4149,Class_I_C28F1x15000,I,train,256,128,256,0,0.0,29868,45.574951,35668,54.425049,0,0.0,0,0.0,False,0,0.0,65536
4150,Class_I_C28F1x15000,I,train,256,256,256,0,0.0,29079,44.371033,36250,55.31311,207,0.315857,0,0.0,False,0,0.0,65536
4151,Class_I_C28F1x15000,I,train,256,384,256,0,0.0,9913,15.126038,55328,84.423828,295,0.450134,0,0.0,False,0,0.0,65536
4152,Class_I_C28F1x15000,I,train,256,512,256,0,0.0,7390,11.276245,57815,88.218689,331,0.505066,0,0.0,False,0,0.0,65536
4153,Class_I_C28F1x15000,I,train,256,640,256,0,0.0,9853,15.034485,55440,84.594727,243,0.370789,0,0.0,False,0,0.0,65536
4154,Class_I_C28F1x15000,I,train,256,768,256,0,0.0,8484,12.945557,57052,87.054443,0,0.0,0,0.0,False,0,0.0,65536
4155,Class_I_C28F1x15000,I,train,256,896,256,0,0.0,16105,24.57428,49431,75.42572,0,0.0,0,0.0,False,0,0.0,65536
4156,Class_I_C28F1x15000,I,train,256,1024,256,0,0.0,33356,50.897217,32180,49.102783,0,0.0,0,0.0,False,0,0.0,65536
4157,Class_I_C28F1x15000,I,train,384,0,256,0,0.0,20394,31.118774,44904,68.518066,238,0.363159,0,0.0,False,0,0.0,65536
4158,Class_I_C28F1x15000,I,train,384,128,256,0,0.0,28683,43.766785,36615,55.870056,238,0.363159,0,0.0,False,0,0.0,65536
4159,Class_I_C28F1x15000,I,train,384,256,256,0,0.0,21346,32.571411,44190,67.428589,0,0.0,0,0.0,False,0,0.0,65536
4160,Class_I_C28F1x15000,I,train,384,384,256,0,0.0,10665,16.273499,54871,83.726501,0,0.0,0,0.0,False,0,0.0,65536
4161,Class_I_C28F1x15000,I,train,384,512,256,0,0.0,15104,23.046875,50432,76.953125,0,0.0,0,0.0,False,0,0.0,65536
4162,Class_I_C28F1x15000,I,train,384,640,256,0,0.0,21625,32.997131,43911,67.002869,0,0.0,0,0.0,False,0,0.0,65536
4163,Class_I_C28F1x15000,I,train,384,768,256,0,0.0,20638,31.491089,44898,68.508911,0,0.0,0,0.0,False,0,0.0,65536
4164,Class_I_C28F1x15000,I,train,384,896,256,0,0.0,20190,30.807495,45346,69.192505,0,0.0,0,0.0,False,0,0.0,65536
4165,Class_I_C28F1x15000,I,train,384,1024,256,0,0.0,19739,30.119324,45797,69.880676,0,0.0,0,0.0,False,0,0.0,65536
4166,Class_I_C28F1x15000,I,train,512,0,256,0,0.0,16135,24.620056,48831,74.510193,570,0.869751,0,0.0,False,0,0.0,65536
4167,Class_I_C28F1x15000,I,train,512,128,256,0,0.0,15736,24.01123,49473,75.489807,327,0.498962,0,0.0,False,0,0.0,65536
4168,Class_I_C28F1x15000,I,train,512,256,256,0,0.0,12452,19.000244,53084,80.999756,0,0.0,0,0.0,False,0,0.0,65536
4169,Class_I_C28F1x15000,I,train,512,384,256,0,0.0,10731,16.374207,54805,83.625793,0,0.0,0,0.0,False,0,0.0,65536
4170,Class_I_C28F1x15000,I,train,512,512,256,0,0.0,20770,31.692505,44766,68.307495,0,0.0,0,0.0,False,0,0.0,65536
4171,Class_I_C28F1x15000,I,train,512,640,256,0,0.0,28415,43.357849,37121,56.642151,0,0.0,0,0.0,False,0,0.0,65536
4172,Class_I_C28F1x15000,I,train,512,768,256,0,0.0,24714,37.710571,40822,62.289429,0,0.0,0,0.0,False,0,0.0,65536
4173,Class_I_C28F1x15000,I,train,512,896,256,0,0.0,18515,28.251648,47021,71.748352,0,0.0,0,0.0,False,0,0.0,65536
4174,Class_I_C28F1x15000,I,train,512,1024,256,0,0.0,8467,12.919617,57069,87.080383,0,0.0,0,0.0,False,0,0.0,65536
4175,Class_I_C28F1x15000,I,train,640,0,256,0,0.0,12815,19.554138,52389,79.93927,332,0.506592,0,0.0,False,0,0.0,65536
4176,Class_I_C28F1x15000,I,train,640,128,256,0,0.0,12312,18.786621,53135,81.077576,89,0.135803,0,0.0,False,0,0.0,65536
4177,Class_I_C28F1x15000,I,train,640,256,256,0,0.0,16693,25.471497,48843,74.528503,0,0.0,0,0.0,False,0,0.0,65536
4178,Class_I_C28F1x15000,I,train,640,384,256,0,0.0,14646,22.348022,50890,77.651978,0,0.0,0,0.0,False,0,0.0,65536
4179,Class_I_C28F1x15000,I,train,640,512,256,0,0.0,24441,37.294006,41095,62.705994,0,0.0,0,0.0,False,0,0.0,65536
4180,Class_I_C28F1x15000,I,train,640,640,256,0,0.0,26588,40.570068,38948,59.429932,0,0.0,0,0.0,False,0,0.0,65536
4181,Class_I_C28F1x15000,I,train,640,768,256,0,0.0,18945,28.907776,46591,71.092224,0,0.0,0,0.0,False,0,0.0,65536
4182,Class_I_C28F1x15000,I,train,640,896,256,0,0.0,15564,23.748779,49972,76.251221,0,0.0,0,0.0,False,0,0.0,65536
4183,Class_I_C28F1x15000,I,train,640,1024,256,0,0.0,13310,20.309448,52226,79.690552,0,0.0,0,0.0,False,0,0.0,65536
4184,Class_I_C28F1x15000,I,train,703,0,256,0,0.0,9497,14.491272,56039,85.508728,0,0.0,0,0.0,False,0,0.0,65536
4185,Class_I_C28F1x15000,I,train,703,128,256,0,0.0,11652,17.779541,53884,82.220459,0,0.0,0,0.0,False,0,0.0,65536
4186,Class_I_C28F1x15000,I,train,703,256,256,0,0.0,16759,25.572205,48777,74.427795,0,0.0,0,0.0,False,0,0.0,65536
4187,Class_I_C28F1x15000,I,train,703,384,256,0,0.0,12535,19.126892,53001,80.873108,0,0.0,0,0.0,False,0,0.0,65536
4188,Class_I_C28F1x15000,I,train,703,512,256,0,0.0,21656,33.044434,43880,66.955566,0,0.0,0,0.0,False,0,0.0,65536
4189,Class_I_C28F1x15000,I,train,703,640,256,0,0.0,25559,38.999939,39977,61.000061,0,0.0,0,0.0,False,0,0.0,65536
4190,Class_I_C28F1x15000,I,train,703,768,256,0,0.0,21931,33.46405,43605,66.53595,0,0.0,0,0.0,False,0,0.0,65536
4191,Class_I_C28F1x15000,I,train,703,896,256,0,0.0,19792,30.200195,45744,69.799805,0,0.0,0,0.0,False,0,0.0,65536
4192,Class_I_C28F1x15000,I,train,703,1024,256,0,0.0,13520,20.629883,52016,79.370117,0,0.0,0,0.0,False,0,0.0,65536
4193,Class_I_C28F1x20000,I,val,0,0,256,0,0.0,8445,12.886047,56633,86.4151,458,0.698853,0,0.0,False,0,0.0,65536
4194,Class_I_C28F1x20000,I,val,0,128,256,0,0.0,12069,18.415833,53009,80.885315,458,0.698853,0,0.0,False,0,0.0,65536
4195,Class_I_C28F1x20000,I,val,0,256,256,0,0.0,10274,15.67688,55262,84.32312,0,0.0,0,0.0,False,0,0.0,65536
4196,Class_I_C28F1x20000,I,val,0,384,256,0,0.0,7099,10.832214,58001,88.502502,436,0.665283,0,0.0,False,0,0.0,65536
4197,Class_I_C28F1x20000,I,val,0,512,256,0,0.0,9836,15.008545,55150,84.152222,550,0.839233,0,0.0,False,0,0.0,65536
4198,Class_I_C28F1x20000,I,val,0,640,256,0,0.0,22352,34.106445,42595,64.994812,589,0.898743,0,0.0,False,0,0.0,65536
4199,Class_I_C28F1x20000,I,val,0,768,256,0,0.0,30468,46.490479,34593,52.784729,475,0.724792,0,0.0,False,0,0.0,65536
4200,Class_I_C28F1x20000,I,val,0,896,256,0,0.0,20378,31.09436,42994,65.603638,2037,3.108215,127,0.193787,True,127,0.193787,65536
4201,Class_I_C28F1x20000,I,val,0,1024,256,0,0.0,38275,58.403015,24722,37.722778,2412,3.68042,127,0.193787,True,127,0.193787,65536
4202,Class_I_C28F1x20000,I,val,128,0,256,0,0.0,24099,36.772156,40847,62.327576,590,0.900269,0,0.0,False,0,0.0,65536
4203,Class_I_C28F1x20000,I,val,128,128,256,0,0.0,19030,29.037476,45916,70.062256,590,0.900269,0,0.0,False,0,0.0,65536
4204,Class_I_C28F1x20000,I,val,128,256,256,0,0.0,7288,11.120605,58046,88.571167,202,0.308228,0,0.0,False,0,0.0,65536
4205,Class_I_C28F1x20000,I,val,128,384,256,0,0.0,6891,10.514832,58007,88.511658,638,0.973511,0,0.0,False,0,0.0,65536
4206,Class_I_C28F1x20000,I,val,128,512,256,0,0.0,14236,21.722412,50271,76.707458,1029,1.570129,0,0.0,False,0,0.0,65536
4207,Class_I_C28F1x20000,I,val,128,640,256,0,0.0,26863,40.989685,37303,56.919861,1370,2.090454,0,0.0,False,0,0.0,65536
4208,Class_I_C28F1x20000,I,val,128,768,256,0,0.0,21532,32.855225,43212,65.936279,792,1.208496,0,0.0,False,0,0.0,65536
4209,Class_I_C28F1x20000,I,val,128,896,256,0,0.0,17465,26.649475,47377,72.291565,567,0.865173,127,0.193787,True,127,0.193787,65536
4210,Class_I_C28F1x20000,I,val,128,1024,256,0,0.0,44805,68.367004,20050,30.593872,554,0.845337,127,0.193787,True,127,0.193787,65536
4211,Class_I_C28F1x20000,I,val,256,0,256,0,0.0,28223,43.06488,35963,54.875183,1350,2.059937,0,0.0,False,0,0.0,65536
4212,Class_I_C28F1x20000,I,val,256,128,256,0,0.0,28213,43.049622,36861,56.245422,462,0.704956,0,0.0,False,0,0.0,65536
4213,Class_I_C28F1x20000,I,val,256,256,256,0,0.0,18749,28.608704,46585,71.083069,202,0.308228,0,0.0,False,0,0.0,65536
4214,Class_I_C28F1x20000,I,val,256,384,256,0,0.0,10430,15.914917,54904,83.776855,202,0.308228,0,0.0,False,0,0.0,65536
4215,Class_I_C28F1x20000,I,val,256,512,256,0,0.0,10107,15.422058,54950,83.847046,479,0.730896,0,0.0,False,0,0.0,65536
4216,Class_I_C28F1x20000,I,val,256,640,256,0,0.0,18978,28.95813,45302,69.125366,1256,1.916504,0,0.0,False,0,0.0,65536
4217,Class_I_C28F1x20000,I,val,256,768,256,0,0.0,16470,25.131226,48274,73.660278,792,1.208496,0,0.0,False,0,0.0,65536
4218,Class_I_C28F1x20000,I,val,256,896,256,0,0.0,20656,31.518555,44865,68.458557,15,0.022888,0,0.0,False,0,0.0,65536
4219,Class_I_C28F1x20000,I,val,256,1024,256,0,0.0,45812,69.903564,19724,30.096436,0,0.0,0,0.0,False,0,0.0,65536
4220,Class_I_C28F1x20000,I,val,384,0,256,0,0.0,26814,40.914917,35916,54.803467,2806,4.281616,0,0.0,False,0,0.0,65536
4221,Class_I_C28F1x20000,I,val,384,128,256,0,0.0,32634,49.795532,32319,49.31488,583,0.889587,0,0.0,False,0,0.0,65536
4222,Class_I_C28F1x20000,I,val,384,256,256,0,0.0,25740,39.276123,39796,60.723877,0,0.0,0,0.0,False,0,0.0,65536
4223,Class_I_C28F1x20000,I,val,384,384,256,0,0.0,12778,19.497681,52758,80.502319,0,0.0,0,0.0,False,0,0.0,65536
4224,Class_I_C28F1x20000,I,val,384,512,256,0,0.0,7551,11.521912,57985,88.478088,0,0.0,0,0.0,False,0,0.0,65536
4225,Class_I_C28F1x20000,I,val,384,640,256,0,0.0,12129,18.507385,53407,81.492615,0,0.0,0,0.0,False,0,0.0,65536
4226,Class_I_C28F1x20000,I,val,384,768,256,0,0.0,15156,23.126221,50380,76.873779,0,0.0,0,0.0,False,0,0.0,65536
4227,Class_I_C28F1x20000,I,val,384,896,256,0,0.0,20783,31.712341,44753,68.287659,0,0.0,0,0.0,False,0,0.0,65536
4228,Class_I_C28F1x20000,I,val,384,1024,256,0,0.0,35282,53.83606,30254,46.16394,0,0.0,0,0.0,False,0,0.0,65536
4229,Class_I_C28F1x20000,I,val,512,0,256,0,0.0,30201,46.083069,33073,50.465393,2262,3.451538,0,0.0,False,0,0.0,65536
4230,Class_I_C28F1x20000,I,val,512,128,256,0,0.0,29606,45.175171,35677,54.438782,253,0.386047,0,0.0,False,0,0.0,65536
4231,Class_I_C28F1x20000,I,val,512,256,256,0,0.0,16646,25.39978,48890,74.60022,0,0.0,0,0.0,False,0,0.0,65536
4232,Class_I_C28F1x20000,I,val,512,384,256,0,0.0,12287,18.748474,53249,81.251526,0,0.0,0,0.0,False,0,0.0,65536
4233,Class_I_C28F1x20000,I,val,512,512,256,0,0.0,15861,24.201965,49675,75.798035,0,0.0,0,0.0,False,0,0.0,65536
4234,Class_I_C28F1x20000,I,val,512,640,256,0,0.0,11540,17.608643,53996,82.391357,0,0.0,0,0.0,False,0,0.0,65536
4235,Class_I_C28F1x20000,I,val,512,768,256,0,0.0,14534,22.177124,51002,77.822876,0,0.0,0,0.0,False,0,0.0,65536
4236,Class_I_C28F1x20000,I,val,512,896,256,0,0.0,19749,30.134583,45787,69.865417,0,0.0,0,0.0,False,0,0.0,65536
4237,Class_I_C28F1x20000,I,val,512,1024,256,0,0.0,24238,36.984253,41298,63.015747,0,0.0,0,0.0,False,0,0.0,65536
4238,Class_I_C28F1x20000,I,val,640,0,256,0,0.0,13195,20.133972,51667,78.837585,674,1.028442,0,0.0,False,0,0.0,65536
4239,Class_I_C28F1x20000,I,val,640,128,256,0,0.0,15229,23.23761,50307,76.76239,0,0.0,0,0.0,False,0,0.0,65536
4240,Class_I_C28F1x20000,I,val,640,256,256,0,0.0,26353,40.211487,39183,59.788513,0,0.0,0,0.0,False,0,0.0,65536
4241,Class_I_C28F1x20000,I,val,640,384,256,0,0.0,32418,49.465942,30819,47.026062,2299,3.507996,0,0.0,False,0,0.0,65536
4242,Class_I_C28F1x20000,I,val,640,512,256,0,0.0,25585,39.039612,37652,57.452393,2299,3.507996,0,0.0,False,0,0.0,65536
4243,Class_I_C28F1x20000,I,val,640,640,256,0,0.0,17294,26.38855,48242,73.61145,0,0.0,0,0.0,False,0,0.0,65536
4244,Class_I_C28F1x20000,I,val,640,768,256,0,0.0,23128,35.290527,42408,64.709473,0,0.0,0,0.0,False,0,0.0,65536
4245,Class_I_C28F1x20000,I,val,640,896,256,0,0.0,22160,33.813477,43376,66.186523,0,0.0,0,0.0,False,0,0.0,65536
4246,Class_I_C28F1x20000,I,val,640,1024,256,0,0.0,27894,42.562866,37642,57.437134,0,0.0,0,0.0,False,0,0.0,65536
4247,Class_I_C28F1x20000,I,val,703,0,256,0,0.0,7295,11.131287,58241,88.868713,0,0.0,0,0.0,False,0,0.0,65536
4248,Class_I_C28F1x20000,I,val,703,128,256,0,0.0,12771,19.487,52765,80.513,0,0.0,0,0.0,False,0,0.0,65536
4249,Class_I_C28F1x20000,I,val,703,256,256,0,0.0,30422,46.420288,35114,53.579712,0,0.0,0,0.0,False,0,0.0,65536
4250,Class_I_C28F1x20000,I,val,703,384,256,0,0.0,37166,56.710815,26040,39.733887,2330,3.555298,0,0.0,False,0,0.0,65536
4251,Class_I_C28F1x20000,I,val,703,512,256,0,0.0,23996,36.61499,39210,59.829712,2330,3.555298,0,0.0,False,0,0.0,65536
4252,Class_I_C28F1x20000,I,val,703,640,256,0,0.0,18074,27.578735,47462,72.421265,0,0.0,0,0.0,False,0,0.0,65536
4253,Class_I_C28F1x20000,I,val,703,768,256,0,0.0,21677,33.076477,43459,66.313171,400,0.610352,0,0.0,False,0,0.0,65536
4254,Class_I_C28F1x20000,I,val,703,896,256,0,0.0,22000,33.569336,43136,65.820312,400,0.610352,0,0.0,False,0,0.0,65536
4255,Class_I_C28F1x20000,I,val,703,1024,256,0,0.0,30699,46.842957,34837,53.157043,0,0.0,0,0.0,False,0,0.0,65536
4256,Class_I_C28F1x9500,I,train,0,0,256,0,0.0,15858,24.197388,49678,75.802612,0,0.0,0,0.0,False,0,0.0,65536
4257,Class_I_C28F1x9500,I,train,0,128,256,0,0.0,22114,33.743286,43422,66.256714,0,0.0,0,0.0,False,0,0.0,65536
4258,Class_I_C28F1x9500,I,train,0,256,256,0,0.0,30818,47.024536,34718,52.975464,0,0.0,0,0.0,False,0,0.0,65536
4259,Class_I_C28F1x9500,I,train,0,384,256,0,0.0,31235,47.660828,34301,52.339172,0,0.0,0,0.0,False,0,0.0,65536
4260,Class_I_C28F1x9500,I,train,0,512,256,0,0.0,27086,41.329956,38450,58.670044,0,0.0,0,0.0,False,0,0.0,65536
4261,Class_I_C28F1x9500,I,train,0,640,256,0,0.0,16024,24.450684,49512,75.549316,0,0.0,0,0.0,False,0,0.0,65536
4262,Class_I_C28F1x9500,I,train,0,768,256,0,0.0,22899,34.941101,42637,65.058899,0,0.0,0,0.0,False,0,0.0,65536
4263,Class_I_C28F1x9500,I,train,0,896,256,0,0.0,25761,39.308167,39775,60.691833,0,0.0,0,0.0,False,0,0.0,65536
4264,Class_I_C28F1x9500,I,train,0,1024,256,0,0.0,16721,25.514221,48815,74.485779,0,0.0,0,0.0,False,0,0.0,65536
4265,Class_I_C28F1x9500,I,train,128,0,256,0,0.0,20030,30.563354,45506,69.436646,0,0.0,0,0.0,False,0,0.0,65536
4266,Class_I_C28F1x9500,I,train,128,128,256,0,0.0,20274,30.935669,45262,69.064331,0,0.0,0,0.0,False,0,0.0,65536
4267,Class_I_C28F1x9500,I,train,128,256,256,0,0.0,24221,36.958313,41315,63.041687,0,0.0,0,0.0,False,0,0.0,65536
4268,Class_I_C28F1x9500,I,train,128,384,256,0,0.0,26903,41.05072,38633,58.94928,0,0.0,0,0.0,False,0,0.0,65536
4269,Class_I_C28F1x9500,I,train,128,512,256,0,0.0,22853,34.870911,42683,65.129089,0,0.0,0,0.0,False,0,0.0,65536
4270,Class_I_C28F1x9500,I,train,128,640,256,0,0.0,16037,24.47052,49499,75.52948,0,0.0,0,0.0,False,0,0.0,65536
4271,Class_I_C28F1x9500,I,train,128,768,256,0,0.0,20373,31.086731,45163,68.913269,0,0.0,0,0.0,False,0,0.0,65536
4272,Class_I_C28F1x9500,I,train,128,896,256,0,0.0,23750,36.239624,41786,63.760376,0,0.0,0,0.0,False,0,0.0,65536
4273,Class_I_C28F1x9500,I,train,128,1024,256,0,0.0,17954,27.39563,47582,72.60437,0,0.0,0,0.0,False,0,0.0,65536
4274,Class_I_C28F1x9500,I,train,256,0,256,0,0.0,22776,34.753418,42760,65.246582,0,0.0,0,0.0,False,0,0.0,65536
4275,Class_I_C28F1x9500,I,train,256,128,256,0,0.0,23255,35.484314,42281,64.515686,0,0.0,0,0.0,False,0,0.0,65536
4276,Class_I_C28F1x9500,I,train,256,256,256,0,0.0,21418,32.681274,44118,67.318726,0,0.0,0,0.0,False,0,0.0,65536
4277,Class_I_C28F1x9500,I,train,256,384,256,0,0.0,19078,29.110718,46458,70.889282,0,0.0,0,0.0,False,0,0.0,65536
4278,Class_I_C28F1x9500,I,train,256,512,256,0,0.0,16696,25.476074,48840,74.523926,0,0.0,0,0.0,False,0,0.0,65536
4279,Class_I_C28F1x9500,I,train,256,640,256,0,0.0,20149,30.744934,45387,69.255066,0,0.0,0,0.0,False,0,0.0,65536
4280,Class_I_C28F1x9500,I,train,256,768,256,0,0.0,18007,27.476501,47529,72.523499,0,0.0,0,0.0,False,0,0.0,65536
4281,Class_I_C28F1x9500,I,train,256,896,256,0,0.0,16013,24.433899,49523,75.566101,0,0.0,0,0.0,False,0,0.0,65536
4282,Class_I_C28F1x9500,I,train,256,1024,256,0,0.0,20266,30.923462,45270,69.076538,0,0.0,0,0.0,False,0,0.0,65536
4283,Class_I_C28F1x9500,I,train,384,0,256,0,0.0,17950,27.389526,47586,72.610474,0,0.0,0,0.0,False,0,0.0,65536
4284,Class_I_C28F1x9500,I,train,384,128,256,0,0.0,25690,39.199829,39846,60.800171,0,0.0,0,0.0,False,0,0.0,65536
4285,Class_I_C28F1x9500,I,train,384,256,256,0,0.0,24950,38.070679,40586,61.929321,0,0.0,0,0.0,False,0,0.0,65536
4286,Class_I_C28F1x9500,I,train,384,384,256,0,0.0,21298,32.498169,44238,67.501831,0,0.0,0,0.0,False,0,0.0,65536
4287,Class_I_C28F1x9500,I,train,384,512,256,0,0.0,17707,27.018738,47829,72.981262,0,0.0,0,0.0,False,0,0.0,65536
4288,Class_I_C28F1x9500,I,train,384,640,256,0,0.0,18133,27.668762,47403,72.331238,0,0.0,0,0.0,False,0,0.0,65536
4289,Class_I_C28F1x9500,I,train,384,768,256,0,0.0,21310,32.516479,44226,67.483521,0,0.0,0,0.0,False,0,0.0,65536
4290,Class_I_C28F1x9500,I,train,384,896,256,0,0.0,18841,28.749084,46695,71.250916,0,0.0,0,0.0,False,0,0.0,65536
4291,Class_I_C28F1x9500,I,train,384,1024,256,0,0.0,20392,31.115723,45144,68.884277,0,0.0,0,0.0,False,0,0.0,65536
4292,Class_I_C28F1x9500,I,train,512,0,256,0,0.0,24252,37.005615,41284,62.994385,0,0.0,0,0.0,False,0,0.0,65536
4293,Class_I_C28F1x9500,I,train,512,128,256,0,0.0,31778,48.48938,33758,51.51062,0,0.0,0,0.0,False,0,0.0,65536
4294,Class_I_C28F1x9500,I,train,512,256,256,0,0.0,32220,49.163818,33316,50.836182,0,0.0,0,0.0,False,0,0.0,65536
4295,Class_I_C28F1x9500,I,train,512,384,256,0,0.0,25755,39.299011,39781,60.700989,0,0.0,0,0.0,False,0,0.0,65536
4296,Class_I_C28F1x9500,I,train,512,512,256,0,0.0,26939,41.105652,38597,58.894348,0,0.0,0,0.0,False,0,0.0,65536
4297,Class_I_C28F1x9500,I,train,512,640,256,0,0.0,25118,38.327026,40418,61.672974,0,0.0,0,0.0,False,0,0.0,65536
4298,Class_I_C28F1x9500,I,train,512,768,256,0,0.0,21193,32.337952,44343,67.662048,0,0.0,0,0.0,False,0,0.0,65536
4299,Class_I_C28F1x9500,I,train,512,896,256,0,0.0,19471,29.710388,46065,70.289612,0,0.0,0,0.0,False,0,0.0,65536
4300,Class_I_C28F1x9500,I,train,512,1024,256,0,0.0,21855,33.348083,43681,66.651917,0,0.0,0,0.0,False,0,0.0,65536
4301,Class_I_C28F1x9500,I,train,640,0,256,0,0.0,24591,37.522888,40945,62.477112,0,0.0,0,0.0,False,0,0.0,65536
4302,Class_I_C28F1x9500,I,train,640,128,256,0,0.0,29212,44.573975,36324,55.426025,0,0.0,0,0.0,False,0,0.0,65536
4303,Class_I_C28F1x9500,I,train,640,256,256,0,0.0,34082,52.005005,31454,47.994995,0,0.0,0,0.0,False,0,0.0,65536
4304,Class_I_C28F1x9500,I,train,640,384,256,0,0.0,30649,46.766663,34887,53.233337,0,0.0,0,0.0,False,0,0.0,65536
4305,Class_I_C28F1x9500,I,train,640,512,256,0,0.0,31081,47.425842,34455,52.574158,0,0.0,0,0.0,False,0,0.0,65536
4306,Class_I_C28F1x9500,I,train,640,640,256,0,0.0,33138,50.564575,32398,49.435425,0,0.0,0,0.0,False,0,0.0,65536
4307,Class_I_C28F1x9500,I,train,640,768,256,0,0.0,20408,31.140137,45128,68.859863,0,0.0,0,0.0,False,0,0.0,65536
4308,Class_I_C28F1x9500,I,train,640,896,256,0,0.0,14671,22.386169,50865,77.613831,0,0.0,0,0.0,False,0,0.0,65536
4309,Class_I_C28F1x9500,I,train,640,1024,256,0,0.0,19263,29.393005,46273,70.606995,0,0.0,0,0.0,False,0,0.0,65536
4310,Class_I_C28F1x9500,I,train,703,0,256,0,0.0,24224,36.962891,41312,63.037109,0,0.0,0,0.0,False,0,0.0,65536
4311,Class_I_C28F1x9500,I,train,703,128,256,0,0.0,31619,48.246765,33917,51.753235,0,0.0,0,0.0,False,0,0.0,65536
4312,Class_I_C28F1x9500,I,train,703,256,256,0,0.0,32311,49.302673,33225,50.697327,0,0.0,0,0.0,False,0,0.0,65536
4313,Class_I_C28F1x9500,I,train,703,384,256,0,0.0,24515,37.406921,41021,62.593079,0,0.0,0,0.0,False,0,0.0,65536
4314,Class_I_C28F1x9500,I,train,703,512,256,0,0.0,24005,36.628723,41531,63.371277,0,0.0,0,0.0,False,0,0.0,65536
4315,Class_I_C28F1x9500,I,train,703,640,256,0,0.0,30439,46.446228,35097,53.553772,0,0.0,0,0.0,False,0,0.0,65536
4316,Class_I_C28F1x9500,I,train,703,768,256,0,0.0,21431,32.701111,44105,67.298889,0,0.0,0,0.0,False,0,0.0,65536
4317,Class_I_C28F1x9500,I,train,703,896,256,0,0.0,14987,22.868347,50549,77.131653,0,0.0,0,0.0,False,0,0.0,65536
4318,Class_I_C28F1x9500,I,train,703,1024,256,0,0.0,19608,29.919434,45928,70.080566,0,0.0,0,0.0,False,0,0.0,65536
4319,Class_I_C29F1x15000,I,test,0,0,256,0,0.0,11857,18.092346,53019,80.900574,655,0.999451,5,0.007629,True,5,0.007629,65536
4320,Class_I_C29F1x15000,I,test,0,128,256,0,0.0,12934,19.735718,49936,76.196289,2661,4.060364,5,0.007629,True,5,0.007629,65536
4321,Class_I_C29F1x15000,I,test,0,256,256,0,0.0,10952,16.711426,51956,79.278564,2628,4.01001,0,0.0,False,0,0.0,65536
4322,Class_I_C29F1x15000,I,test,0,384,256,0,0.0,6411,9.78241,56754,86.599731,2337,3.565979,34,0.05188,True,34,0.05188,65536
4323,Class_I_C29F1x15000,I,test,0,512,256,0,0.0,4845,7.392883,57879,88.316345,2735,4.173279,77,0.117493,True,77,0.117493,65536
4324,Class_I_C29F1x15000,I,test,0,640,256,0,0.0,6124,9.344482,56821,86.701965,2548,3.887939,43,0.065613,True,43,0.065613,65536
4325,Class_I_C29F1x15000,I,test,0,768,256,0,0.0,5835,8.903503,57126,87.167358,2575,3.929138,0,0.0,False,0,0.0,65536
4326,Class_I_C29F1x15000,I,test,0,896,256,0,0.0,8552,13.049316,55758,85.079956,1226,1.870728,0,0.0,False,0,0.0,65536
4327,Class_I_C29F1x15000,I,test,0,1024,256,0,0.0,9812,14.971924,55383,84.507751,341,0.520325,0,0.0,False,0,0.0,65536
4328,Class_I_C29F1x15000,I,test,128,0,256,0,0.0,11552,17.626953,52403,79.960632,1561,2.381897,20,0.030518,True,20,0.030518,65536
4329,Class_I_C29F1x15000,I,test,128,128,256,0,0.0,11101,16.938782,51194,78.115845,3221,4.914856,20,0.030518,True,20,0.030518,65536
4330,Class_I_C29F1x15000,I,test,128,256,256,0,0.0,8589,13.105774,54705,83.473206,2242,3.421021,0,0.0,False,0,0.0,65536
4331,Class_I_C29F1x15000,I,test,128,384,256,0,0.0,5709,8.711243,57729,88.087463,2077,3.16925,21,0.032043,True,21,0.032043,65536
4332,Class_I_C29F1x15000,I,test,128,512,256,0,0.0,5216,7.958984,57876,88.311768,2380,3.631592,64,0.097656,True,64,0.097656,65536
4333,Class_I_C29F1x15000,I,test,128,640,256,0,0.0,7948,12.127686,56018,85.476685,1527,2.330017,43,0.065613,True,43,0.065613,65536
4334,Class_I_C29F1x15000,I,test,128,768,256,0,0.0,8160,12.451172,55380,84.503174,1996,3.045654,0,0.0,False,0,0.0,65536
4335,Class_I_C29F1x15000,I,test,128,896,256,0,0.0,9626,14.68811,54857,83.705139,1053,1.60675,0,0.0,False,0,0.0,65536
4336,Class_I_C29F1x15000,I,test,128,1024,256,0,0.0,11668,17.803955,53868,82.196045,0,0.0,0,0.0,False,0,0.0,65536
4337,Class_I_C29F1x15000,I,test,256,0,256,0,0.0,11632,17.749023,51337,78.334045,2514,3.83606,53,0.080872,True,53,0.080872,65536
4338,Class_I_C29F1x15000,I,test,256,128,256,0,0.0,10209,15.577698,52505,80.116272,2756,4.205322,66,0.100708,True,66,0.100708,65536
4339,Class_I_C29F1x15000,I,test,256,256,256,0,0.0,5107,7.792664,58923,89.909363,1464,2.233887,42,0.064087,True,42,0.064087,65536
4340,Class_I_C29F1x15000,I,test,256,384,256,0,0.0,3486,5.319214,60165,91.804504,1885,2.876282,0,0.0,False,0,0.0,65536
4341,Class_I_C29F1x15000,I,test,256,512,256,0,0.0,4874,7.437134,58871,89.830017,1791,2.732849,0,0.0,False,0,0.0,65536
4342,Class_I_C29F1x15000,I,test,256,640,256,0,0.0,8311,12.68158,56867,86.772156,358,0.546265,0,0.0,False,0,0.0,65536
4343,Class_I_C29F1x15000,I,test,256,768,256,0,0.0,10896,16.625977,54149,82.624817,491,0.749207,0,0.0,False,0,0.0,65536
4344,Class_I_C29F1x15000,I,test,256,896,256,0,0.0,9319,14.219666,55826,85.183716,391,0.596619,0,0.0,False,0,0.0,65536
4345,Class_I_C29F1x15000,I,test,256,1024,256,0,0.0,9631,14.69574,55106,84.085083,794,1.211548,5,0.007629,True,5,0.007629,65536
4346,Class_I_C29F1x15000,I,test,384,0,256,0,0.0,12597,19.221497,50266,76.699829,2603,3.971863,70,0.106812,True,70,0.106812,65536
4347,Class_I_C29F1x15000,I,test,384,128,256,0,0.0,10437,15.925598,53058,80.960083,1995,3.044128,46,0.07019,True,46,0.07019,65536
4348,Class_I_C29F1x15000,I,test,384,256,256,0,0.0,6170,9.414673,58142,88.717651,1182,1.803589,42,0.064087,True,42,0.064087,65536
4349,Class_I_C29F1x15000,I,test,384,384,256,0,0.0,6358,9.701538,57753,88.124084,1425,2.174377,0,0.0,False,0,0.0,65536
4350,Class_I_C29F1x15000,I,test,384,512,256,0,0.0,5938,9.060669,58252,88.885498,1281,1.954651,65,0.099182,True,65,0.099182,65536
4351,Class_I_C29F1x15000,I,test,384,640,256,0,0.0,7227,11.027527,56326,85.946655,1832,2.79541,151,0.230408,True,151,0.230408,65536
4352,Class_I_C29F1x15000,I,test,384,768,256,0,0.0,10786,16.45813,52844,80.633545,1820,2.7771,86,0.131226,True,86,0.131226,65536
4353,Class_I_C29F1x15000,I,test,384,896,256,0,0.0,10471,15.977478,54047,82.469177,1018,1.553345,0,0.0,False,0,0.0,65536
4354,Class_I_C29F1x15000,I,test,384,1024,256,0,0.0,8107,12.3703,55827,85.185242,1576,2.404785,26,0.039673,True,26,0.039673,65536
4355,Class_I_C29F1x15000,I,test,512,0,256,0,0.0,12757,19.465637,51325,78.315735,1417,2.16217,37,0.056458,True,37,0.056458,65536
4356,Class_I_C29F1x15000,I,test,512,128,256,0,0.0,9572,14.605713,54852,83.69751,1112,1.696777,0,0.0,False,0,0.0,65536
4357,Class_I_C29F1x15000,I,test,512,256,256,0,0.0,7143,10.899353,57709,88.056946,684,1.043701,0,0.0,False,0,0.0,65536
4358,Class_I_C29F1x15000,I,test,512,384,256,0,0.0,6753,10.30426,57714,88.064575,1050,1.602173,19,0.028992,True,19,0.028992,65536
4359,Class_I_C29F1x15000,I,test,512,512,256,0,0.0,6801,10.377502,57630,87.936401,1021,1.557922,84,0.128174,True,84,0.128174,65536
4360,Class_I_C29F1x15000,I,test,512,640,256,0,0.0,8365,12.763977,54640,83.374023,2380,3.631592,151,0.230408,True,151,0.230408,65536
4361,Class_I_C29F1x15000,I,test,512,768,256,0,0.0,10927,16.673279,52423,79.99115,2100,3.204346,86,0.131226,True,86,0.131226,65536
4362,Class_I_C29F1x15000,I,test,512,896,256,0,0.0,9985,15.235901,54682,83.43811,869,1.325989,0,0.0,False,0,0.0,65536
4363,Class_I_C29F1x15000,I,test,512,1024,256,0,0.0,7828,11.94458,56669,86.470032,1018,1.553345,21,0.032043,True,21,0.032043,65536
4364,Class_I_C29F1x15000,I,test,640,0,256,0,0.0,9296,14.18457,56015,85.472107,201,0.306702,24,0.036621,True,24,0.036621,65536
4365,Class_I_C29F1x15000,I,test,640,128,256,0,0.0,8096,12.353516,57174,87.240601,226,0.344849,40,0.061035,True,40,0.061035,65536
4366,Class_I_C29F1x15000,I,test,640,256,256,0,0.0,6370,9.719849,58675,89.530945,451,0.688171,40,0.061035,True,40,0.061035,65536
4367,Class_I_C29F1x15000,I,test,640,384,256,0,0.0,6761,10.316467,58064,88.598633,692,1.055908,19,0.028992,True,19,0.028992,65536
4368,Class_I_C29F1x15000,I,test,640,512,256,0,0.0,9524,14.532471,55203,84.233093,747,1.139832,62,0.094604,True,62,0.094604,65536
4369,Class_I_C29F1x15000,I,test,640,640,256,0,0.0,10188,15.545654,54260,82.794189,1045,1.594543,43,0.065613,True,43,0.065613,65536
4370,Class_I_C29F1x15000,I,test,640,768,256,0,0.0,9373,14.302063,54822,83.651733,1291,1.96991,50,0.076294,True,50,0.076294,65536
4371,Class_I_C29F1x15000,I,test,640,896,256,0,0.0,7525,11.482239,57199,87.278748,762,1.16272,50,0.076294,True,50,0.076294,65536
4372,Class_I_C29F1x15000,I,test,640,1024,256,0,0.0,10280,15.686035,55020,83.953857,236,0.360107,0,0.0,False,0,0.0,65536
4373,Class_I_C29F1x15000,I,test,703,0,256,0,0.0,9870,15.060425,55441,84.596252,201,0.306702,24,0.036621,True,24,0.036621,65536
4374,Class_I_C29F1x15000,I,test,703,128,256,0,0.0,8189,12.495422,57081,87.098694,226,0.344849,40,0.061035,True,40,0.061035,65536
4375,Class_I_C29F1x15000,I,test,703,256,256,0,0.0,7806,11.911011,57239,87.339783,451,0.688171,40,0.061035,True,40,0.061035,65536
4376,Class_I_C29F1x15000,I,test,703,384,256,0,0.0,9491,14.482117,55804,85.150146,241,0.367737,0,0.0,False,0,0.0,65536
4377,Class_I_C29F1x15000,I,test,703,512,256,0,0.0,10791,16.465759,54406,83.016968,296,0.45166,43,0.065613,True,43,0.065613,65536
4378,Class_I_C29F1x15000,I,test,703,640,256,0,0.0,9690,14.785767,54891,83.757019,895,1.365662,60,0.091553,True,60,0.091553,65536
4379,Class_I_C29F1x15000,I,test,703,768,256,0,0.0,6013,9.17511,58252,88.885498,1204,1.837158,67,0.102234,True,67,0.102234,65536
4380,Class_I_C29F1x15000,I,test,703,896,256,0,0.0,6685,10.2005,58212,88.824463,589,0.898743,50,0.076294,True,50,0.076294,65536
4381,Class_I_C29F1x15000,I,test,703,1024,256,0,0.0,11971,18.266296,53565,81.733704,0,0.0,0,0.0,False,0,0.0,65536
4382,Class_I_C29F1x20000,I,train,0,0,256,0,0.0,35480,54.138184,29149,44.477844,907,1.383972,0,0.0,False,0,0.0,65536
4383,Class_I_C29F1x20000,I,train,0,128,256,0,0.0,24500,37.384033,40291,61.479187,745,1.13678,0,0.0,False,0,0.0,65536
4384,Class_I_C29F1x20000,I,train,0,256,256,0,0.0,29480,44.98291,35281,53.834534,775,1.182556,0,0.0,False,0,0.0,65536
4385,Class_I_C29F1x20000,I,train,0,384,256,0,0.0,22623,34.519958,42336,64.599609,577,0.880432,0,0.0,False,0,0.0,65536
4386,Class_I_C29F1x20000,I,train,0,512,256,0,0.0,12257,18.702698,52888,80.700684,391,0.596619,0,0.0,False,0,0.0,65536
4387,Class_I_C29F1x20000,I,train,0,640,256,0,0.0,13967,21.311951,51569,78.688049,0,0.0,0,0.0,False,0,0.0,65536
4388,Class_I_C29F1x20000,I,train,0,768,256,0,0.0,12154,18.545532,53382,81.454468,0,0.0,0,0.0,False,0,0.0,65536
4389,Class_I_C29F1x20000,I,train,0,896,256,0,0.0,17772,27.11792,47764,72.88208,0,0.0,0,0.0,False,0,0.0,65536
4390,Class_I_C29F1x20000,I,train,0,1024,256,0,0.0,16998,25.93689,48427,73.893738,111,0.169373,0,0.0,False,0,0.0,65536
4391,Class_I_C29F1x20000,I,train,128,0,256,0,0.0,35680,54.443359,29641,45.228577,215,0.328064,0,0.0,False,0,0.0,65536
4392,Class_I_C29F1x20000,I,train,128,128,256,0,0.0,23868,36.419678,41079,62.68158,589,0.898743,0,0.0,False,0,0.0,65536
4393,Class_I_C29F1x20000,I,train,128,256,256,0,0.0,26029,39.717102,38918,59.384155,589,0.898743,0,0.0,False,0,0.0,65536
4394,Class_I_C29F1x20000,I,train,128,384,256,0,0.0,29161,44.496155,36375,55.503845,0,0.0,0,0.0,False,0,0.0,65536
4395,Class_I_C29F1x20000,I,train,128,512,256,0,0.0,13408,20.458984,52128,79.541016,0,0.0,0,0.0,False,0,0.0,65536
4396,Class_I_C29F1x20000,I,train,128,640,256,0,0.0,6904,10.534668,58632,89.465332,0,0.0,0,0.0,False,0,0.0,65536
4397,Class_I_C29F1x20000,I,train,128,768,256,0,0.0,10544,16.088867,54813,83.638,179,0.273132,0,0.0,False,0,0.0,65536
4398,Class_I_C29F1x20000,I,train,128,896,256,0,0.0,17882,27.285767,47475,72.441101,179,0.273132,0,0.0,False,0,0.0,65536
4399,Class_I_C29F1x20000,I,train,128,1024,256,0,0.0,15351,23.423767,50185,76.576233,0,0.0,0,0.0,False,0,0.0,65536
4400,Class_I_C29F1x20000,I,train,256,0,256,0,0.0,33786,51.553345,31750,48.446655,0,0.0,0,0.0,False,0,0.0,65536
4401,Class_I_C29F1x20000,I,train,256,128,256,0,0.0,23086,35.22644,42342,64.608765,108,0.164795,0,0.0,False,0,0.0,65536
4402,Class_I_C29F1x20000,I,train,256,256,256,0,0.0,12544,19.140625,52760,80.505371,232,0.354004,0,0.0,False,0,0.0,65536
4403,Class_I_C29F1x20000,I,train,256,384,256,0,0.0,20024,30.554199,45388,69.256592,124,0.189209,0,0.0,False,0,0.0,65536
4404,Class_I_C29F1x20000,I,train,256,512,256,0,0.0,14641,22.340393,50432,76.953125,463,0.706482,0,0.0,False,0,0.0,65536
4405,Class_I_C29F1x20000,I,train,256,640,256,0,0.0,10870,16.586304,54203,82.707214,463,0.706482,0,0.0,False,0,0.0,65536
4406,Class_I_C29F1x20000,I,train,256,768,256,0,0.0,13842,21.121216,51515,78.605652,179,0.273132,0,0.0,False,0,0.0,65536
4407,Class_I_C29F1x20000,I,train,256,896,256,0,0.0,15497,23.646545,49860,76.080322,179,0.273132,0,0.0,False,0,0.0,65536
4408,Class_I_C29F1x20000,I,train,256,1024,256,0,0.0,19410,29.61731,46126,70.38269,0,0.0,0,0.0,False,0,0.0,65536
4409,Class_I_C29F1x20000,I,train,384,0,256,0,0.0,32792,50.036621,32744,49.963379,0,0.0,0,0.0,False,0,0.0,65536
4410,Class_I_C29F1x20000,I,train,384,128,256,0,0.0,24030,36.66687,41156,62.799072,350,0.534058,0,0.0,False,0,0.0,65536
4411,Class_I_C29F1x20000,I,train,384,256,256,0,0.0,8714,13.296509,56240,85.81543,582,0.888062,0,0.0,False,0,0.0,65536
4412,Class_I_C29F1x20000,I,train,384,384,256,0,0.0,15672,23.913574,49405,75.386047,459,0.700378,0,0.0,False,0,0.0,65536
4413,Class_I_C29F1x20000,I,train,384,512,256,0,0.0,15199,23.191833,49415,75.401306,922,1.40686,0,0.0,False,0,0.0,65536
4414,Class_I_C29F1x20000,I,train,384,640,256,0,0.0,14896,22.729492,49945,76.210022,695,1.060486,0,0.0,False,0,0.0,65536
4415,Class_I_C29F1x20000,I,train,384,768,256,0,0.0,13466,20.547485,52070,79.452515,0,0.0,0,0.0,False,0,0.0,65536
4416,Class_I_C29F1x20000,I,train,384,896,256,0,0.0,13687,20.884705,51849,79.115295,0,0.0,0,0.0,False,0,0.0,65536
4417,Class_I_C29F1x20000,I,train,384,1024,256,0,0.0,23994,36.611938,41542,63.388062,0,0.0,0,0.0,False,0,0.0,65536
4418,Class_I_C29F1x20000,I,train,512,0,256,0,0.0,19712,30.078125,45824,69.921875,0,0.0,0,0.0,False,0,0.0,65536
4419,Class_I_C29F1x20000,I,train,512,128,256,0,0.0,18339,27.983093,46955,71.647644,242,0.369263,0,0.0,False,0,0.0,65536
4420,Class_I_C29F1x20000,I,train,512,256,256,0,0.0,20423,31.163025,44713,68.226624,400,0.610352,0,0.0,False,0,0.0,65536
4421,Class_I_C29F1x20000,I,train,512,384,256,0,0.0,23640,36.071777,41365,63.117981,531,0.810242,0,0.0,False,0,0.0,65536
4422,Class_I_C29F1x20000,I,train,512,512,256,0,0.0,14920,22.766113,49839,76.048279,777,1.185608,0,0.0,False,0,0.0,65536
4423,Class_I_C29F1x20000,I,train,512,640,256,0,0.0,11851,18.083191,53277,81.29425,408,0.622559,0,0.0,False,0,0.0,65536
4424,Class_I_C29F1x20000,I,train,512,768,256,0,0.0,8150,12.435913,56956,86.907959,430,0.656128,0,0.0,False,0,0.0,65536
4425,Class_I_C29F1x20000,I,train,512,896,256,0,0.0,16296,24.865723,48814,74.484253,426,0.650024,0,0.0,False,0,0.0,65536
4426,Class_I_C29F1x20000,I,train,512,1024,256,0,0.0,26552,40.515137,38984,59.484863,0,0.0,0,0.0,False,0,0.0,65536
4427,Class_I_C29F1x20000,I,train,640,0,256,0,0.0,21912,33.435059,43425,66.261292,199,0.30365,0,0.0,False,0,0.0,65536
4428,Class_I_C29F1x20000,I,train,640,128,256,0,0.0,20756,31.671143,44581,68.025208,199,0.30365,0,0.0,False,0,0.0,65536
4429,Class_I_C29F1x20000,I,train,640,256,256,0,0.0,25208,38.464355,40278,61.459351,50,0.076294,0,0.0,False,0,0.0,65536
4430,Class_I_C29F1x20000,I,train,640,384,256,0,0.0,22166,33.822632,43174,65.878296,196,0.299072,0,0.0,False,0,0.0,65536
4431,Class_I_C29F1x20000,I,train,640,512,256,0,0.0,13011,19.85321,52207,79.66156,318,0.485229,0,0.0,False,0,0.0,65536
4432,Class_I_C29F1x20000,I,train,640,640,256,0,0.0,10916,16.656494,54444,83.074951,176,0.268555,0,0.0,False,0,0.0,65536
4433,Class_I_C29F1x20000,I,train,640,768,256,0,0.0,6204,9.466553,58827,89.762878,505,0.770569,0,0.0,False,0,0.0,65536
4434,Class_I_C29F1x20000,I,train,640,896,256,0,0.0,11047,16.856384,53742,82.003784,747,1.139832,0,0.0,False,0,0.0,65536
4435,Class_I_C29F1x20000,I,train,640,1024,256,0,0.0,18780,28.656006,46510,70.968628,246,0.375366,0,0.0,False,0,0.0,65536
4436,Class_I_C29F1x20000,I,train,703,0,256,0,0.0,20753,31.666565,44584,68.029785,199,0.30365,0,0.0,False,0,0.0,65536
4437,Class_I_C29F1x20000,I,train,703,128,256,0,0.0,19952,30.444336,45385,69.252014,199,0.30365,0,0.0,False,0,0.0,65536
4438,Class_I_C29F1x20000,I,train,703,256,256,0,0.0,21997,33.564758,43534,66.427612,5,0.007629,0,0.0,False,0,0.0,65536
4439,Class_I_C29F1x20000,I,train,703,384,256,0,0.0,19024,29.02832,46507,70.96405,5,0.007629,0,0.0,False,0,0.0,65536
4440,Class_I_C29F1x20000,I,train,703,512,256,0,0.0,13885,21.186829,51651,78.813171,0,0.0,0,0.0,False,0,0.0,65536
4441,Class_I_C29F1x20000,I,train,703,640,256,0,0.0,10954,16.714478,54582,83.285522,0,0.0,0,0.0,False,0,0.0,65536
4442,Class_I_C29F1x20000,I,train,703,768,256,0,0.0,6219,9.489441,59028,90.06958,289,0.440979,0,0.0,False,0,0.0,65536
4443,Class_I_C29F1x20000,I,train,703,896,256,0,0.0,13121,20.021057,51880,79.162598,535,0.816345,0,0.0,False,0,0.0,65536
4444,Class_I_C29F1x20000,I,train,703,1024,256,0,0.0,23500,35.858154,41790,63.766479,246,0.375366,0,0.0,False,0,0.0,65536
4445,Class_I_C30F1x10000,I,train,0,0,256,0,0.0,20506,31.289673,45030,68.710327,0,0.0,0,0.0,False,0,0.0,65536
4446,Class_I_C30F1x10000,I,train,0,128,256,0,0.0,21974,33.529663,43562,66.470337,0,0.0,0,0.0,False,0,0.0,65536
4447,Class_I_C30F1x10000,I,train,0,256,256,0,0.0,20635,31.486511,44901,68.513489,0,0.0,0,0.0,False,0,0.0,65536
4448,Class_I_C30F1x10000,I,train,0,384,256,0,0.0,18482,28.201294,47054,71.798706,0,0.0,0,0.0,False,0,0.0,65536
4449,Class_I_C30F1x10000,I,train,0,512,256,0,0.0,16959,25.87738,48577,74.12262,0,0.0,0,0.0,False,0,0.0,65536
4450,Class_I_C30F1x10000,I,train,0,640,256,0,0.0,14864,22.680664,50672,77.319336,0,0.0,0,0.0,False,0,0.0,65536
4451,Class_I_C30F1x10000,I,train,0,768,256,0,0.0,11554,17.630005,53982,82.369995,0,0.0,0,0.0,False,0,0.0,65536
4452,Class_I_C30F1x10000,I,train,0,896,256,0,0.0,19743,30.125427,45793,69.874573,0,0.0,0,0.0,False,0,0.0,65536
4453,Class_I_C30F1x10000,I,train,0,1024,256,0,0.0,26991,41.184998,38545,58.815002,0,0.0,0,0.0,False,0,0.0,65536
4454,Class_I_C30F1x10000,I,train,128,0,256,0,0.0,21902,33.4198,43634,66.5802,0,0.0,0,0.0,False,0,0.0,65536
4455,Class_I_C30F1x10000,I,train,128,128,256,0,0.0,18799,28.684998,46737,71.315002,0,0.0,0,0.0,False,0,0.0,65536
4456,Class_I_C30F1x10000,I,train,128,256,256,0,0.0,14108,21.5271,51428,78.4729,0,0.0,0,0.0,False,0,0.0,65536
4457,Class_I_C30F1x10000,I,train,128,384,256,0,0.0,12244,18.682861,53292,81.317139,0,0.0,0,0.0,False,0,0.0,65536
4458,Class_I_C30F1x10000,I,train,128,512,256,0,0.0,12780,19.500732,52756,80.499268,0,0.0,0,0.0,False,0,0.0,65536
4459,Class_I_C30F1x10000,I,train,128,640,256,0,0.0,15231,23.240662,50305,76.759338,0,0.0,0,0.0,False,0,0.0,65536
4460,Class_I_C30F1x10000,I,train,128,768,256,0,0.0,18318,27.95105,47218,72.04895,0,0.0,0,0.0,False,0,0.0,65536
4461,Class_I_C30F1x10000,I,train,128,896,256,0,0.0,22487,34.312439,43049,65.687561,0,0.0,0,0.0,False,0,0.0,65536
4462,Class_I_C30F1x10000,I,train,128,1024,256,0,0.0,20623,31.468201,44913,68.531799,0,0.0,0,0.0,False,0,0.0,65536
4463,Class_I_C30F1x10000,I,train,256,0,256,0,0.0,18919,28.868103,46617,71.131897,0,0.0,0,0.0,False,0,0.0,65536
4464,Class_I_C30F1x10000,I,train,256,128,256,0,0.0,16563,25.273132,48973,74.726868,0,0.0,0,0.0,False,0,0.0,65536
4465,Class_I_C30F1x10000,I,train,256,256,256,0,0.0,16343,24.937439,49193,75.062561,0,0.0,0,0.0,False,0,0.0,65536
4466,Class_I_C30F1x10000,I,train,256,384,256,0,0.0,14666,22.37854,50870,77.62146,0,0.0,0,0.0,False,0,0.0,65536
4467,Class_I_C30F1x10000,I,train,256,512,256,0,0.0,14255,21.751404,51281,78.248596,0,0.0,0,0.0,False,0,0.0,65536
4468,Class_I_C30F1x10000,I,train,256,640,256,0,0.0,16907,25.798035,48629,74.201965,0,0.0,0,0.0,False,0,0.0,65536
4469,Class_I_C30F1x10000,I,train,256,768,256,0,0.0,18452,28.155518,47084,71.844482,0,0.0,0,0.0,False,0,0.0,65536
4470,Class_I_C30F1x10000,I,train,256,896,256,0,0.0,19506,29.763794,46030,70.236206,0,0.0,0,0.0,False,0,0.0,65536
4471,Class_I_C30F1x10000,I,train,256,1024,256,0,0.0,18712,28.552246,46824,71.447754,0,0.0,0,0.0,False,0,0.0,65536
4472,Class_I_C30F1x10000,I,train,384,0,256,0,0.0,19131,29.191589,46405,70.808411,0,0.0,0,0.0,False,0,0.0,65536
4473,Class_I_C30F1x10000,I,train,384,128,256,0,0.0,17458,26.638794,48078,73.361206,0,0.0,0,0.0,False,0,0.0,65536
4474,Class_I_C30F1x10000,I,train,384,256,256,0,0.0,17422,26.583862,48114,73.416138,0,0.0,0,0.0,False,0,0.0,65536
4475,Class_I_C30F1x10000,I,train,384,384,256,0,0.0,15357,23.432922,50179,76.567078,0,0.0,0,0.0,False,0,0.0,65536
4476,Class_I_C30F1x10000,I,train,384,512,256,0,0.0,17092,26.080322,48444,73.919678,0,0.0,0,0.0,False,0,0.0,65536
4477,Class_I_C30F1x10000,I,train,384,640,256,0,0.0,19938,30.422974,45598,69.577026,0,0.0,0,0.0,False,0,0.0,65536
4478,Class_I_C30F1x10000,I,train,384,768,256,0,0.0,15884,24.237061,49652,75.762939,0,0.0,0,0.0,False,0,0.0,65536
4479,Class_I_C30F1x10000,I,train,384,896,256,0,0.0,16557,25.263977,48979,74.736023,0,0.0,0,0.0,False,0,0.0,65536
4480,Class_I_C30F1x10000,I,train,384,1024,256,0,0.0,18772,28.643799,46764,71.356201,0,0.0,0,0.0,False,0,0.0,65536
4481,Class_I_C30F1x10000,I,train,512,0,256,0,0.0,18125,27.656555,47411,72.343445,0,0.0,0,0.0,False,0,0.0,65536
4482,Class_I_C30F1x10000,I,train,512,128,256,0,0.0,17137,26.148987,48399,73.851013,0,0.0,0,0.0,False,0,0.0,65536
4483,Class_I_C30F1x10000,I,train,512,256,256,0,0.0,16526,25.216675,49010,74.783325,0,0.0,0,0.0,False,0,0.0,65536
4484,Class_I_C30F1x10000,I,train,512,384,256,0,0.0,16447,25.09613,49089,74.90387,0,0.0,0,0.0,False,0,0.0,65536
4485,Class_I_C30F1x10000,I,train,512,512,256,0,0.0,17737,27.064514,47799,72.935486,0,0.0,0,0.0,False,0,0.0,65536
4486,Class_I_C30F1x10000,I,train,512,640,256,0,0.0,17341,26.460266,48195,73.539734,0,0.0,0,0.0,False,0,0.0,65536
4487,Class_I_C30F1x10000,I,train,512,768,256,0,0.0,17175,26.20697,48361,73.79303,0,0.0,0,0.0,False,0,0.0,65536
4488,Class_I_C30F1x10000,I,train,512,896,256,0,0.0,16752,25.561523,48784,74.438477,0,0.0,0,0.0,False,0,0.0,65536
4489,Class_I_C30F1x10000,I,train,512,1024,256,0,0.0,16299,24.8703,49237,75.1297,0,0.0,0,0.0,False,0,0.0,65536
4490,Class_I_C30F1x10000,I,train,640,0,256,0,0.0,19677,30.024719,45859,69.975281,0,0.0,0,0.0,False,0,0.0,65536
4491,Class_I_C30F1x10000,I,train,640,128,256,0,0.0,22277,33.992004,43259,66.007996,0,0.0,0,0.0,False,0,0.0,65536
4492,Class_I_C30F1x10000,I,train,640,256,256,0,0.0,19023,29.026794,46513,70.973206,0,0.0,0,0.0,False,0,0.0,65536
4493,Class_I_C30F1x10000,I,train,640,384,256,0,0.0,20414,31.149292,45122,68.850708,0,0.0,0,0.0,False,0,0.0,65536
4494,Class_I_C30F1x10000,I,train,640,512,256,0,0.0,21961,33.509827,43575,66.490173,0,0.0,0,0.0,False,0,0.0,65536
4495,Class_I_C30F1x10000,I,train,640,640,256,0,0.0,18962,28.933716,46574,71.066284,0,0.0,0,0.0,False,0,0.0,65536
4496,Class_I_C30F1x10000,I,train,640,768,256,0,0.0,22056,33.654785,43480,66.345215,0,0.0,0,0.0,False,0,0.0,65536
4497,Class_I_C30F1x10000,I,train,640,896,256,0,0.0,22480,34.301758,43056,65.698242,0,0.0,0,0.0,False,0,0.0,65536
4498,Class_I_C30F1x10000,I,train,640,1024,256,0,0.0,18511,28.245544,47025,71.754456,0,0.0,0,0.0,False,0,0.0,65536
4499,Class_I_C30F1x10000,I,train,703,0,256,0,0.0,19429,29.646301,46107,70.353699,0,0.0,0,0.0,False,0,0.0,65536
4500,Class_I_C30F1x10000,I,train,703,128,256,0,0.0,20373,31.086731,45163,68.913269,0,0.0,0,0.0,False,0,0.0,65536
4501,Class_I_C30F1x10000,I,train,703,256,256,0,0.0,17648,26.928711,47888,73.071289,0,0.0,0,0.0,False,0,0.0,65536
4502,Class_I_C30F1x10000,I,train,703,384,256,0,0.0,21723,33.146667,43813,66.853333,0,0.0,0,0.0,False,0,0.0,65536
4503,Class_I_C30F1x10000,I,train,703,512,256,0,0.0,27719,42.295837,37817,57.704163,0,0.0,0,0.0,False,0,0.0,65536
4504,Class_I_C30F1x10000,I,train,703,640,256,0,0.0,25531,38.957214,40005,61.042786,0,0.0,0,0.0,False,0,0.0,65536
4505,Class_I_C30F1x10000,I,train,703,768,256,0,0.0,21999,33.56781,43537,66.43219,0,0.0,0,0.0,False,0,0.0,65536
4506,Class_I_C30F1x10000,I,train,703,896,256,0,0.0,19535,29.808044,46001,70.191956,0,0.0,0,0.0,False,0,0.0,65536
4507,Class_I_C30F1x10000,I,train,703,1024,256,0,0.0,16685,25.45929,48851,74.54071,0,0.0,0,0.0,False,0,0.0,65536
4508,Class_I_C30F1x15000,I,train,0,0,256,0,0.0,18957,28.926086,46579,71.073914,0,0.0,0,0.0,False,0,0.0,65536
4509,Class_I_C30F1x15000,I,train,0,128,256,0,0.0,20901,31.892395,44635,68.107605,0,0.0,0,0.0,False,0,0.0,65536
4510,Class_I_C30F1x15000,I,train,0,256,256,0,0.0,16627,25.370789,48909,74.629211,0,0.0,0,0.0,False,0,0.0,65536
4511,Class_I_C30F1x15000,I,train,0,384,256,0,0.0,16223,24.754333,49313,75.245667,0,0.0,0,0.0,False,0,0.0,65536
4512,Class_I_C30F1x15000,I,train,0,512,256,0,0.0,21256,32.434082,44280,67.565918,0,0.0,0,0.0,False,0,0.0,65536
4513,Class_I_C30F1x15000,I,train,0,640,256,0,0.0,22013,33.589172,43523,66.410828,0,0.0,0,0.0,False,0,0.0,65536
4514,Class_I_C30F1x15000,I,train,0,768,256,0,0.0,21149,32.270813,44387,67.729187,0,0.0,0,0.0,False,0,0.0,65536
4515,Class_I_C30F1x15000,I,train,0,896,256,0,0.0,22829,34.83429,42707,65.16571,0,0.0,0,0.0,False,0,0.0,65536
4516,Class_I_C30F1x15000,I,train,0,1024,256,0,0.0,16794,25.62561,48742,74.37439,0,0.0,0,0.0,False,0,0.0,65536
4517,Class_I_C30F1x15000,I,train,128,0,256,0,0.0,16465,25.123596,49071,74.876404,0,0.0,0,0.0,False,0,0.0,65536
4518,Class_I_C30F1x15000,I,train,128,128,256,0,0.0,21563,32.902527,43973,67.097473,0,0.0,0,0.0,False,0,0.0,65536
4519,Class_I_C30F1x15000,I,train,128,256,256,0,0.0,16792,25.622559,48744,74.377441,0,0.0,0,0.0,False,0,0.0,65536
4520,Class_I_C30F1x15000,I,train,128,384,256,0,0.0,16149,24.641418,49387,75.358582,0,0.0,0,0.0,False,0,0.0,65536
4521,Class_I_C30F1x15000,I,train,128,512,256,0,0.0,18958,28.927612,46578,71.072388,0,0.0,0,0.0,False,0,0.0,65536
4522,Class_I_C30F1x15000,I,train,128,640,256,0,0.0,20123,30.705261,45413,69.294739,0,0.0,0,0.0,False,0,0.0,65536
4523,Class_I_C30F1x15000,I,train,128,768,256,0,0.0,26557,40.522766,38979,59.477234,0,0.0,0,0.0,False,0,0.0,65536
4524,Class_I_C30F1x15000,I,train,128,896,256,0,0.0,22111,33.738708,43425,66.261292,0,0.0,0,0.0,False,0,0.0,65536
4525,Class_I_C30F1x15000,I,train,128,1024,256,0,0.0,15487,23.631287,50049,76.368713,0,0.0,0,0.0,False,0,0.0,65536
4526,Class_I_C30F1x15000,I,train,256,0,256,0,0.0,17987,27.445984,47549,72.554016,0,0.0,0,0.0,False,0,0.0,65536
4527,Class_I_C30F1x15000,I,train,256,128,256,0,0.0,24082,36.746216,41454,63.253784,0,0.0,0,0.0,False,0,0.0,65536
4528,Class_I_C30F1x15000,I,train,256,256,256,0,0.0,20701,31.587219,44835,68.412781,0,0.0,0,0.0,False,0,0.0,65536
4529,Class_I_C30F1x15000,I,train,256,384,256,0,0.0,18017,27.49176,47519,72.50824,0,0.0,0,0.0,False,0,0.0,65536
4530,Class_I_C30F1x15000,I,train,256,512,256,0,0.0,13285,20.271301,52251,79.728699,0,0.0,0,0.0,False,0,0.0,65536
4531,Class_I_C30F1x15000,I,train,256,640,256,0,0.0,16180,24.688721,49356,75.311279,0,0.0,0,0.0,False,0,0.0,65536
4532,Class_I_C30F1x15000,I,train,256,768,256,0,0.0,20432,31.176758,45104,68.823242,0,0.0,0,0.0,False,0,0.0,65536
4533,Class_I_C30F1x15000,I,train,256,896,256,0,0.0,16803,25.639343,48733,74.360657,0,0.0,0,0.0,False,0,0.0,65536
4534,Class_I_C30F1x15000,I,train,256,1024,256,0,0.0,24815,37.864685,40721,62.135315,0,0.0,0,0.0,False,0,0.0,65536
4535,Class_I_C30F1x15000,I,train,384,0,256,0,0.0,18733,28.58429,46803,71.41571,0,0.0,0,0.0,False,0,0.0,65536
4536,Class_I_C30F1x15000,I,train,384,128,256,0,0.0,20163,30.766296,45373,69.233704,0,0.0,0,0.0,False,0,0.0,65536
4537,Class_I_C30F1x15000,I,train,384,256,256,0,0.0,19555,29.838562,45981,70.161438,0,0.0,0,0.0,False,0,0.0,65536
4538,Class_I_C30F1x15000,I,train,384,384,256,0,0.0,17012,25.958252,48524,74.041748,0,0.0,0,0.0,False,0,0.0,65536
4539,Class_I_C30F1x15000,I,train,384,512,256,0,0.0,14044,21.429443,51492,78.570557,0,0.0,0,0.0,False,0,0.0,65536
4540,Class_I_C30F1x15000,I,train,384,640,256,0,0.0,15087,23.020935,50449,76.979065,0,0.0,0,0.0,False,0,0.0,65536
4541,Class_I_C30F1x15000,I,train,384,768,256,0,0.0,13498,20.596313,52038,79.403687,0,0.0,0,0.0,False,0,0.0,65536
4542,Class_I_C30F1x15000,I,train,384,896,256,0,0.0,12778,19.497681,52758,80.502319,0,0.0,0,0.0,False,0,0.0,65536
4543,Class_I_C30F1x15000,I,train,384,1024,256,0,0.0,20198,30.819702,45338,69.180298,0,0.0,0,0.0,False,0,0.0,65536
4544,Class_I_C30F1x15000,I,train,512,0,256,0,0.0,17197,26.24054,48339,73.75946,0,0.0,0,0.0,False,0,0.0,65536
4545,Class_I_C30F1x15000,I,train,512,128,256,0,0.0,20458,31.216431,45078,68.783569,0,0.0,0,0.0,False,0,0.0,65536
4546,Class_I_C30F1x15000,I,train,512,256,256,0,0.0,16943,25.852966,48593,74.147034,0,0.0,0,0.0,False,0,0.0,65536
4547,Class_I_C30F1x15000,I,train,512,384,256,0,0.0,13887,21.18988,51649,78.81012,0,0.0,0,0.0,False,0,0.0,65536
4548,Class_I_C30F1x15000,I,train,512,512,256,0,0.0,14344,21.887207,51192,78.112793,0,0.0,0,0.0,False,0,0.0,65536
4549,Class_I_C30F1x15000,I,train,512,640,256,0,0.0,15820,24.139404,49716,75.860596,0,0.0,0,0.0,False,0,0.0,65536
4550,Class_I_C30F1x15000,I,train,512,768,256,0,0.0,17253,26.325989,48283,73.674011,0,0.0,0,0.0,False,0,0.0,65536
4551,Class_I_C30F1x15000,I,train,512,896,256,0,0.0,13735,20.957947,51801,79.042053,0,0.0,0,0.0,False,0,0.0,65536
4552,Class_I_C30F1x15000,I,train,512,1024,256,0,0.0,10723,16.362,54813,83.638,0,0.0,0,0.0,False,0,0.0,65536
4553,Class_I_C30F1x15000,I,train,640,0,256,0,0.0,14771,22.538757,50765,77.461243,0,0.0,0,0.0,False,0,0.0,65536
4554,Class_I_C30F1x15000,I,train,640,128,256,0,0.0,15596,23.797607,49940,76.202393,0,0.0,0,0.0,False,0,0.0,65536
4555,Class_I_C30F1x15000,I,train,640,256,256,0,0.0,12247,18.687439,53289,81.312561,0,0.0,0,0.0,False,0,0.0,65536
4556,Class_I_C30F1x15000,I,train,640,384,256,0,0.0,10425,15.907288,55111,84.092712,0,0.0,0,0.0,False,0,0.0,65536
4557,Class_I_C30F1x15000,I,train,640,512,256,0,0.0,13076,19.952393,52460,80.047607,0,0.0,0,0.0,False,0,0.0,65536
4558,Class_I_C30F1x15000,I,train,640,640,256,0,0.0,16313,24.891663,49223,75.108337,0,0.0,0,0.0,False,0,0.0,65536
4559,Class_I_C30F1x15000,I,train,640,768,256,0,0.0,19403,29.606628,46133,70.393372,0,0.0,0,0.0,False,0,0.0,65536
4560,Class_I_C30F1x15000,I,train,640,896,256,0,0.0,19784,30.187988,45752,69.812012,0,0.0,0,0.0,False,0,0.0,65536
4561,Class_I_C30F1x15000,I,train,640,1024,256,0,0.0,16938,25.845337,48598,74.154663,0,0.0,0,0.0,False,0,0.0,65536
4562,Class_I_C30F1x15000,I,train,703,0,256,0,0.0,14710,22.445679,50826,77.554321,0,0.0,0,0.0,False,0,0.0,65536
4563,Class_I_C30F1x15000,I,train,703,128,256,0,0.0,13583,20.726013,51953,79.273987,0,0.0,0,0.0,False,0,0.0,65536
4564,Class_I_C30F1x15000,I,train,703,256,256,0,0.0,12505,19.081116,53031,80.918884,0,0.0,0,0.0,False,0,0.0,65536
4565,Class_I_C30F1x15000,I,train,703,384,256,0,0.0,12298,18.765259,53238,81.234741,0,0.0,0,0.0,False,0,0.0,65536
4566,Class_I_C30F1x15000,I,train,703,512,256,0,0.0,15315,23.368835,50221,76.631165,0,0.0,0,0.0,False,0,0.0,65536
4567,Class_I_C30F1x15000,I,train,703,640,256,0,0.0,18147,27.690125,47389,72.309875,0,0.0,0,0.0,False,0,0.0,65536
4568,Class_I_C30F1x15000,I,train,703,768,256,0,0.0,16605,25.337219,48931,74.662781,0,0.0,0,0.0,False,0,0.0,65536
4569,Class_I_C30F1x15000,I,train,703,896,256,0,0.0,17105,26.100159,48431,73.899841,0,0.0,0,0.0,False,0,0.0,65536
4570,Class_I_C30F1x15000,I,train,703,1024,256,0,0.0,16016,24.438477,49520,75.561523,0,0.0,0,0.0,False,0,0.0,65536
4571,Class_I_C30F1x20000,I,train,0,0,256,0,0.0,23787,36.296082,41749,63.703918,0,0.0,0,0.0,False,0,0.0,65536
4572,Class_I_C30F1x20000,I,train,0,128,256,0,0.0,15776,24.072266,49760,75.927734,0,0.0,0,0.0,False,0,0.0,65536
4573,Class_I_C30F1x20000,I,train,0,256,256,0,0.0,17666,26.956177,47870,73.043823,0,0.0,0,0.0,False,0,0.0,65536
4574,Class_I_C30F1x20000,I,train,0,384,256,0,0.0,27619,42.14325,37917,57.85675,0,0.0,0,0.0,False,0,0.0,65536
4575,Class_I_C30F1x20000,I,train,0,512,256,0,0.0,16827,25.675964,48709,74.324036,0,0.0,0,0.0,False,0,0.0,65536
4576,Class_I_C30F1x20000,I,train,0,640,256,0,0.0,12951,19.761658,52585,80.238342,0,0.0,0,0.0,False,0,0.0,65536
4577,Class_I_C30F1x20000,I,train,0,768,256,0,0.0,20868,31.842041,44668,68.157959,0,0.0,0,0.0,False,0,0.0,65536
4578,Class_I_C30F1x20000,I,train,0,896,256,0,0.0,13813,21.076965,51723,78.923035,0,0.0,0,0.0,False,0,0.0,65536
4579,Class_I_C30F1x20000,I,train,0,1024,256,0,0.0,8256,12.597656,57280,87.402344,0,0.0,0,0.0,False,0,0.0,65536
4580,Class_I_C30F1x20000,I,train,128,0,256,0,0.0,15108,23.052979,50428,76.947021,0,0.0,0,0.0,False,0,0.0,65536
4581,Class_I_C30F1x20000,I,train,128,128,256,0,0.0,6967,10.630798,58569,89.369202,0,0.0,0,0.0,False,0,0.0,65536
4582,Class_I_C30F1x20000,I,train,128,256,256,0,0.0,12102,18.466187,53434,81.533813,0,0.0,0,0.0,False,0,0.0,65536
4583,Class_I_C30F1x20000,I,train,128,384,256,0,0.0,21041,32.106018,44495,67.893982,0,0.0,0,0.0,False,0,0.0,65536
4584,Class_I_C30F1x20000,I,train,128,512,256,0,0.0,17300,26.397705,48236,73.602295,0,0.0,0,0.0,False,0,0.0,65536
4585,Class_I_C30F1x20000,I,train,128,640,256,0,0.0,19514,29.776001,46022,70.223999,0,0.0,0,0.0,False,0,0.0,65536
4586,Class_I_C30F1x20000,I,train,128,768,256,0,0.0,20412,31.14624,45124,68.85376,0,0.0,0,0.0,False,0,0.0,65536
4587,Class_I_C30F1x20000,I,train,128,896,256,0,0.0,11209,17.103577,54327,82.896423,0,0.0,0,0.0,False,0,0.0,65536
4588,Class_I_C30F1x20000,I,train,128,1024,256,0,0.0,7119,10.862732,58417,89.137268,0,0.0,0,0.0,False,0,0.0,65536
4589,Class_I_C30F1x20000,I,train,256,0,256,0,0.0,19163,29.240417,46373,70.759583,0,0.0,0,0.0,False,0,0.0,65536
4590,Class_I_C30F1x20000,I,train,256,128,256,0,0.0,12009,18.32428,53527,81.67572,0,0.0,0,0.0,False,0,0.0,65536
4591,Class_I_C30F1x20000,I,train,256,256,256,0,0.0,18760,28.625488,46776,71.374512,0,0.0,0,0.0,False,0,0.0,65536
4592,Class_I_C30F1x20000,I,train,256,384,256,0,0.0,19851,30.290222,45685,69.709778,0,0.0,0,0.0,False,0,0.0,65536
4593,Class_I_C30F1x20000,I,train,256,512,256,0,0.0,19911,30.381775,45625,69.618225,0,0.0,0,0.0,False,0,0.0,65536
4594,Class_I_C30F1x20000,I,train,256,640,256,0,0.0,19526,29.794312,46010,70.205688,0,0.0,0,0.0,False,0,0.0,65536
4595,Class_I_C30F1x20000,I,train,256,768,256,0,0.0,9623,14.683533,55913,85.316467,0,0.0,0,0.0,False,0,0.0,65536
4596,Class_I_C30F1x20000,I,train,256,896,256,0,0.0,15440,23.55957,50096,76.44043,0,0.0,0,0.0,False,0,0.0,65536
4597,Class_I_C30F1x20000,I,train,256,1024,256,0,0.0,17736,27.062988,47800,72.937012,0,0.0,0,0.0,False,0,0.0,65536
4598,Class_I_C30F1x20000,I,train,384,0,256,0,0.0,19088,29.125977,46448,70.874023,0,0.0,0,0.0,False,0,0.0,65536
4599,Class_I_C30F1x20000,I,train,384,128,256,0,0.0,13710,20.9198,51826,79.0802,0,0.0,0,0.0,False,0,0.0,65536
4600,Class_I_C30F1x20000,I,train,384,256,256,0,0.0,17416,26.574707,48120,73.425293,0,0.0,0,0.0,False,0,0.0,65536
4601,Class_I_C30F1x20000,I,train,384,384,256,0,0.0,16287,24.85199,49249,75.14801,0,0.0,0,0.0,False,0,0.0,65536
4602,Class_I_C30F1x20000,I,train,384,512,256,0,0.0,15785,24.085999,49751,75.914001,0,0.0,0,0.0,False,0,0.0,65536
4603,Class_I_C30F1x20000,I,train,384,640,256,0,0.0,14436,22.027588,51100,77.972412,0,0.0,0,0.0,False,0,0.0,65536
4604,Class_I_C30F1x20000,I,train,384,768,256,0,0.0,6760,10.314941,58776,89.685059,0,0.0,0,0.0,False,0,0.0,65536
4605,Class_I_C30F1x20000,I,train,384,896,256,0,0.0,17091,26.078796,48445,73.921204,0,0.0,0,0.0,False,0,0.0,65536
4606,Class_I_C30F1x20000,I,train,384,1024,256,0,0.0,20145,30.738831,45391,69.261169,0,0.0,0,0.0,False,0,0.0,65536
4607,Class_I_C30F1x20000,I,train,512,0,256,0,0.0,13589,20.735168,51947,79.264832,0,0.0,0,0.0,False,0,0.0,65536
4608,Class_I_C30F1x20000,I,train,512,128,256,0,0.0,12252,18.695068,53284,81.304932,0,0.0,0,0.0,False,0,0.0,65536
4609,Class_I_C30F1x20000,I,train,512,256,256,0,0.0,14339,21.879578,51197,78.120422,0,0.0,0,0.0,False,0,0.0,65536
4610,Class_I_C30F1x20000,I,train,512,384,256,0,0.0,14764,22.528076,50772,77.471924,0,0.0,0,0.0,False,0,0.0,65536
4611,Class_I_C30F1x20000,I,train,512,512,256,0,0.0,13802,21.060181,51734,78.939819,0,0.0,0,0.0,False,0,0.0,65536
4612,Class_I_C30F1x20000,I,train,512,640,256,0,0.0,10838,16.537476,54698,83.462524,0,0.0,0,0.0,False,0,0.0,65536
4613,Class_I_C30F1x20000,I,train,512,768,256,0,0.0,9031,13.780212,56505,86.219788,0,0.0,0,0.0,False,0,0.0,65536
4614,Class_I_C30F1x20000,I,train,512,896,256,0,0.0,10829,16.523743,54707,83.476257,0,0.0,0,0.0,False,0,0.0,65536
4615,Class_I_C30F1x20000,I,train,512,1024,256,0,0.0,14917,22.761536,50619,77.238464,0,0.0,0,0.0,False,0,0.0,65536
4616,Class_I_C30F1x20000,I,train,640,0,256,0,0.0,14295,21.812439,51241,78.187561,0,0.0,0,0.0,False,0,0.0,65536
4617,Class_I_C30F1x20000,I,train,640,128,256,0,0.0,13103,19.993591,52433,80.006409,0,0.0,0,0.0,False,0,0.0,65536
4618,Class_I_C30F1x20000,I,train,640,256,256,0,0.0,15154,23.123169,50382,76.876831,0,0.0,0,0.0,False,0,0.0,65536
4619,Class_I_C30F1x20000,I,train,640,384,256,0,0.0,13227,20.1828,52309,79.8172,0,0.0,0,0.0,False,0,0.0,65536
4620,Class_I_C30F1x20000,I,train,640,512,256,0,0.0,13290,20.278931,52246,79.721069,0,0.0,0,0.0,False,0,0.0,65536
4621,Class_I_C30F1x20000,I,train,640,640,256,0,0.0,14005,21.369934,51531,78.630066,0,0.0,0,0.0,False,0,0.0,65536
4622,Class_I_C30F1x20000,I,train,640,768,256,0,0.0,12996,19.830322,52540,80.169678,0,0.0,0,0.0,False,0,0.0,65536
4623,Class_I_C30F1x20000,I,train,640,896,256,0,0.0,10650,16.25061,54886,83.74939,0,0.0,0,0.0,False,0,0.0,65536
4624,Class_I_C30F1x20000,I,train,640,1024,256,0,0.0,21090,32.180786,44446,67.819214,0,0.0,0,0.0,False,0,0.0,65536
4625,Class_I_C30F1x20000,I,train,703,0,256,0,0.0,15980,24.383545,49556,75.616455,0,0.0,0,0.0,False,0,0.0,65536
4626,Class_I_C30F1x20000,I,train,703,128,256,0,0.0,15796,24.102783,49740,75.897217,0,0.0,0,0.0,False,0,0.0,65536
4627,Class_I_C30F1x20000,I,train,703,256,256,0,0.0,17111,26.109314,48425,73.890686,0,0.0,0,0.0,False,0,0.0,65536
4628,Class_I_C30F1x20000,I,train,703,384,256,0,0.0,15744,24.023438,49792,75.976562,0,0.0,0,0.0,False,0,0.0,65536
4629,Class_I_C30F1x20000,I,train,703,512,256,0,0.0,17219,26.274109,48317,73.725891,0,0.0,0,0.0,False,0,0.0,65536
4630,Class_I_C30F1x20000,I,train,703,640,256,0,0.0,19268,29.400635,46268,70.599365,0,0.0,0,0.0,False,0,0.0,65536
4631,Class_I_C30F1x20000,I,train,703,768,256,0,0.0,15189,23.176575,50347,76.823425,0,0.0,0,0.0,False,0,0.0,65536
4632,Class_I_C30F1x20000,I,train,703,896,256,0,0.0,8529,13.014221,57007,86.985779,0,0.0,0,0.0,False,0,0.0,65536
4633,Class_I_C30F1x20000,I,train,703,1024,256,0,0.0,19992,30.505371,45544,69.494629,0,0.0,0,0.0,False,0,0.0,65536
4634,Class_I_C30F1x25000,I,train,0,0,256,0,0.0,25992,39.660645,39544,60.339355,0,0.0,0,0.0,False,0,0.0,65536
4635,Class_I_C30F1x25000,I,train,0,128,256,0,0.0,16134,24.61853,49402,75.38147,0,0.0,0,0.0,False,0,0.0,65536
4636,Class_I_C30F1x25000,I,train,0,256,256,0,0.0,14142,21.578979,51394,78.421021,0,0.0,0,0.0,False,0,0.0,65536
4637,Class_I_C30F1x25000,I,train,0,384,256,0,0.0,21793,33.253479,43743,66.746521,0,0.0,0,0.0,False,0,0.0,65536
4638,Class_I_C30F1x25000,I,train,0,512,256,0,0.0,27121,41.383362,38415,58.616638,0,0.0,0,0.0,False,0,0.0,65536
4639,Class_I_C30F1x25000,I,train,0,640,256,0,0.0,13627,20.793152,51909,79.206848,0,0.0,0,0.0,False,0,0.0,65536
4640,Class_I_C30F1x25000,I,train,0,768,256,0,0.0,10002,15.261841,55534,84.738159,0,0.0,0,0.0,False,0,0.0,65536
4641,Class_I_C30F1x25000,I,train,0,896,256,0,0.0,27819,42.448425,37717,57.551575,0,0.0,0,0.0,False,0,0.0,65536
4642,Class_I_C30F1x25000,I,train,0,1024,256,0,0.0,44055,67.222595,21481,32.777405,0,0.0,0,0.0,False,0,0.0,65536
4643,Class_I_C30F1x25000,I,train,128,0,256,0,0.0,25114,38.320923,40422,61.679077,0,0.0,0,0.0,False,0,0.0,65536
4644,Class_I_C30F1x25000,I,train,128,128,256,0,0.0,11567,17.649841,53969,82.350159,0,0.0,0,0.0,False,0,0.0,65536
4645,Class_I_C30F1x25000,I,train,128,256,256,0,0.0,15017,22.914124,50519,77.085876,0,0.0,0,0.0,False,0,0.0,65536
4646,Class_I_C30F1x25000,I,train,128,384,256,0,0.0,21047,32.115173,44489,67.884827,0,0.0,0,0.0,False,0,0.0,65536
4647,Class_I_C30F1x25000,I,train,128,512,256,0,0.0,16888,25.769043,48648,74.230957,0,0.0,0,0.0,False,0,0.0,65536
4648,Class_I_C30F1x25000,I,train,128,640,256,0,0.0,9091,13.871765,56445,86.128235,0,0.0,0,0.0,False,0,0.0,65536
4649,Class_I_C30F1x25000,I,train,128,768,256,0,0.0,23081,35.218811,42455,64.781189,0,0.0,0,0.0,False,0,0.0,65536
4650,Class_I_C30F1x25000,I,train,128,896,256,0,0.0,25417,38.783264,40119,61.216736,0,0.0,0,0.0,False,0,0.0,65536
4651,Class_I_C30F1x25000,I,train,128,1024,256,0,0.0,19283,29.423523,46253,70.576477,0,0.0,0,0.0,False,0,0.0,65536
4652,Class_I_C30F1x25000,I,train,256,0,256,0,0.0,16736,25.537109,48800,74.462891,0,0.0,0,0.0,False,0,0.0,65536
4653,Class_I_C30F1x25000,I,train,256,128,256,0,0.0,15176,23.156738,50360,76.843262,0,0.0,0,0.0,False,0,0.0,65536
4654,Class_I_C30F1x25000,I,train,256,256,256,0,0.0,23655,36.094666,41881,63.905334,0,0.0,0,0.0,False,0,0.0,65536
4655,Class_I_C30F1x25000,I,train,256,384,256,0,0.0,18497,28.224182,47039,71.775818,0,0.0,0,0.0,False,0,0.0,65536
4656,Class_I_C30F1x25000,I,train,256,512,256,0,0.0,11329,17.286682,54207,82.713318,0,0.0,0,0.0,False,0,0.0,65536
4657,Class_I_C30F1x25000,I,train,256,640,256,0,0.0,11070,16.891479,54466,83.108521,0,0.0,0,0.0,False,0,0.0,65536
4658,Class_I_C30F1x25000,I,train,256,768,256,0,0.0,26570,40.542603,38966,59.457397,0,0.0,0,0.0,False,0,0.0,65536
4659,Class_I_C30F1x25000,I,train,256,896,256,0,0.0,22673,34.596252,42863,65.403748,0,0.0,0,0.0,False,0,0.0,65536
4660,Class_I_C30F1x25000,I,train,256,1024,256,0,0.0,5348,8.1604,60188,91.8396,0,0.0,0,0.0,False,0,0.0,65536
4661,Class_I_C30F1x25000,I,train,384,0,256,0,0.0,14438,22.03064,51098,77.96936,0,0.0,0,0.0,False,0,0.0,65536
4662,Class_I_C30F1x25000,I,train,384,128,256,0,0.0,19363,29.545593,46173,70.454407,0,0.0,0,0.0,False,0,0.0,65536
4663,Class_I_C30F1x25000,I,train,384,256,256,0,0.0,24783,37.815857,40753,62.184143,0,0.0,0,0.0,False,0,0.0,65536
4664,Class_I_C30F1x25000,I,train,384,384,256,0,0.0,13246,20.211792,52290,79.788208,0,0.0,0,0.0,False,0,0.0,65536
4665,Class_I_C30F1x25000,I,train,384,512,256,0,0.0,11786,17.984009,53750,82.015991,0,0.0,0,0.0,False,0,0.0,65536
4666,Class_I_C30F1x25000,I,train,384,640,256,0,0.0,11718,17.880249,53818,82.119751,0,0.0,0,0.0,False,0,0.0,65536
4667,Class_I_C30F1x25000,I,train,384,768,256,0,0.0,15525,23.68927,50011,76.31073,0,0.0,0,0.0,False,0,0.0,65536
4668,Class_I_C30F1x25000,I,train,384,896,256,0,0.0,16560,25.268555,48976,74.731445,0,0.0,0,0.0,False,0,0.0,65536
4669,Class_I_C30F1x25000,I,train,384,1024,256,0,0.0,13243,20.207214,52293,79.792786,0,0.0,0,0.0,False,0,0.0,65536
4670,Class_I_C30F1x25000,I,train,512,0,256,0,0.0,21086,32.174683,44450,67.825317,0,0.0,0,0.0,False,0,0.0,65536
4671,Class_I_C30F1x25000,I,train,512,128,256,0,0.0,19593,29.896545,45943,70.103455,0,0.0,0,0.0,False,0,0.0,65536
4672,Class_I_C30F1x25000,I,train,512,256,256,0,0.0,14702,22.433472,50834,77.566528,0,0.0,0,0.0,False,0,0.0,65536
4673,Class_I_C30F1x25000,I,train,512,384,256,0,0.0,14368,21.923828,51168,78.076172,0,0.0,0,0.0,False,0,0.0,65536
4674,Class_I_C30F1x25000,I,train,512,512,256,0,0.0,23618,36.038208,41918,63.961792,0,0.0,0,0.0,False,0,0.0,65536
4675,Class_I_C30F1x25000,I,train,512,640,256,0,0.0,18330,27.96936,47206,72.03064,0,0.0,0,0.0,False,0,0.0,65536
4676,Class_I_C30F1x25000,I,train,512,768,256,0,0.0,10305,15.724182,55231,84.275818,0,0.0,0,0.0,False,0,0.0,65536
4677,Class_I_C30F1x25000,I,train,512,896,256,0,0.0,12653,19.306946,52883,80.693054,0,0.0,0,0.0,False,0,0.0,65536
4678,Class_I_C30F1x25000,I,train,512,1024,256,0,0.0,16517,25.202942,49019,74.797058,0,0.0,0,0.0,False,0,0.0,65536
4679,Class_I_C30F1x25000,I,train,640,0,256,0,0.0,26494,40.426636,39042,59.573364,0,0.0,0,0.0,False,0,0.0,65536
4680,Class_I_C30F1x25000,I,train,640,128,256,0,0.0,19125,29.182434,46411,70.817566,0,0.0,0,0.0,False,0,0.0,65536
4681,Class_I_C30F1x25000,I,train,640,256,256,0,0.0,9713,14.820862,55823,85.179138,0,0.0,0,0.0,False,0,0.0,65536
4682,Class_I_C30F1x25000,I,train,640,384,256,0,0.0,19791,30.198669,45745,69.801331,0,0.0,0,0.0,False,0,0.0,65536
4683,Class_I_C30F1x25000,I,train,640,512,256,0,0.0,26912,41.064453,38624,58.935547,0,0.0,0,0.0,False,0,0.0,65536
4684,Class_I_C30F1x25000,I,train,640,640,256,0,0.0,15624,23.840332,49912,76.159668,0,0.0,0,0.0,False,0,0.0,65536
4685,Class_I_C30F1x25000,I,train,640,768,256,0,0.0,11530,17.593384,54006,82.406616,0,0.0,0,0.0,False,0,0.0,65536
4686,Class_I_C30F1x25000,I,train,640,896,256,0,0.0,20341,31.037903,45195,68.962097,0,0.0,0,0.0,False,0,0.0,65536
4687,Class_I_C30F1x25000,I,train,640,1024,256,0,0.0,17097,26.087952,48439,73.912048,0,0.0,0,0.0,False,0,0.0,65536
4688,Class_I_C30F1x25000,I,train,703,0,256,0,0.0,21055,32.12738,44481,67.87262,0,0.0,0,0.0,False,0,0.0,65536
4689,Class_I_C30F1x25000,I,train,703,128,256,0,0.0,15218,23.220825,50318,76.779175,0,0.0,0,0.0,False,0,0.0,65536
4690,Class_I_C30F1x25000,I,train,703,256,256,0,0.0,5405,8.247375,60131,91.752625,0,0.0,0,0.0,False,0,0.0,65536
4691,Class_I_C30F1x25000,I,train,703,384,256,0,0.0,18779,28.65448,46757,71.34552,0,0.0,0,0.0,False,0,0.0,65536
4692,Class_I_C30F1x25000,I,train,703,512,256,0,0.0,26706,40.750122,38830,59.249878,0,0.0,0,0.0,False,0,0.0,65536
4693,Class_I_C30F1x25000,I,train,703,640,256,0,0.0,15407,23.509216,50129,76.490784,0,0.0,0,0.0,False,0,0.0,65536
4694,Class_I_C30F1x25000,I,train,703,768,256,0,0.0,17750,27.084351,47786,72.915649,0,0.0,0,0.0,False,0,0.0,65536
4695,Class_I_C30F1x25000,I,train,703,896,256,0,0.0,29929,45.66803,35607,54.33197,0,0.0,0,0.0,False,0,0.0,65536
4696,Class_I_C30F1x25000,I,train,703,1024,256,0,0.0,19623,29.942322,45913,70.057678,0,0.0,0,0.0,False,0,0.0,65536
4697,Class_I_C75F1x10000,I,train,0,0,256,0,0.0,8487,12.950134,57049,87.049866,0,0.0,0,0.0,False,0,0.0,65536
4698,Class_I_C75F1x10000,I,train,0,128,256,0,0.0,11858,18.093872,53678,81.906128,0,0.0,0,0.0,False,0,0.0,65536
4699,Class_I_C75F1x10000,I,train,0,256,256,0,0.0,12882,19.656372,52654,80.343628,0,0.0,0,0.0,False,0,0.0,65536
4700,Class_I_C75F1x10000,I,train,0,384,256,0,0.0,10844,16.546631,54692,83.453369,0,0.0,0,0.0,False,0,0.0,65536
4701,Class_I_C75F1x10000,I,train,0,512,256,0,0.0,12241,18.678284,53295,81.321716,0,0.0,0,0.0,False,0,0.0,65536
4702,Class_I_C75F1x10000,I,train,0,640,256,0,0.0,9268,14.141846,56268,85.858154,0,0.0,0,0.0,False,0,0.0,65536
4703,Class_I_C75F1x10000,I,train,0,768,256,0,0.0,13989,21.34552,51547,78.65448,0,0.0,0,0.0,False,0,0.0,65536
4704,Class_I_C75F1x10000,I,train,0,896,256,0,0.0,15692,23.944092,49844,76.055908,0,0.0,0,0.0,False,0,0.0,65536
4705,Class_I_C75F1x10000,I,train,0,1024,256,0,0.0,12127,18.504333,53409,81.495667,0,0.0,0,0.0,False,0,0.0,65536
4706,Class_I_C75F1x10000,I,train,128,0,256,0,0.0,11615,17.723083,53921,82.276917,0,0.0,0,0.0,False,0,0.0,65536
4707,Class_I_C75F1x10000,I,train,128,128,256,0,0.0,12978,19.802856,52558,80.197144,0,0.0,0,0.0,False,0,0.0,65536
4708,Class_I_C75F1x10000,I,train,128,256,256,0,0.0,14196,21.661377,51340,78.338623,0,0.0,0,0.0,False,0,0.0,65536
4709,Class_I_C75F1x10000,I,train,128,384,256,0,0.0,14062,21.456909,51474,78.543091,0,0.0,0,0.0,False,0,0.0,65536
4710,Class_I_C75F1x10000,I,train,128,512,256,0,0.0,14375,21.934509,51161,78.065491,0,0.0,0,0.0,False,0,0.0,65536
4711,Class_I_C75F1x10000,I,train,128,640,256,0,0.0,11474,17.507935,54062,82.492065,0,0.0,0,0.0,False,0,0.0,65536
4712,Class_I_C75F1x10000,I,train,128,768,256,0,0.0,19469,29.707336,46067,70.292664,0,0.0,0,0.0,False,0,0.0,65536
4713,Class_I_C75F1x10000,I,train,128,896,256,0,0.0,21524,32.843018,44012,67.156982,0,0.0,0,0.0,False,0,0.0,65536
4714,Class_I_C75F1x10000,I,train,128,1024,256,0,0.0,14493,22.114563,51043,77.885437,0,0.0,0,0.0,False,0,0.0,65536
4715,Class_I_C75F1x10000,I,train,256,0,256,0,0.0,15459,23.588562,50077,76.411438,0,0.0,0,0.0,False,0,0.0,65536
4716,Class_I_C75F1x10000,I,train,256,128,256,0,0.0,13705,20.91217,51831,79.08783,0,0.0,0,0.0,False,0,0.0,65536
4717,Class_I_C75F1x10000,I,train,256,256,256,0,0.0,14542,22.189331,50994,77.810669,0,0.0,0,0.0,False,0,0.0,65536
4718,Class_I_C75F1x10000,I,train,256,384,256,0,0.0,23464,35.803223,42072,64.196777,0,0.0,0,0.0,False,0,0.0,65536
4719,Class_I_C75F1x10000,I,train,256,512,256,0,0.0,20733,31.636047,44803,68.363953,0,0.0,0,0.0,False,0,0.0,65536
4720,Class_I_C75F1x10000,I,train,256,640,256,0,0.0,12180,18.585205,53356,81.414795,0,0.0,0,0.0,False,0,0.0,65536
4721,Class_I_C75F1x10000,I,train,256,768,256,0,0.0,17273,26.356506,48263,73.643494,0,0.0,0,0.0,False,0,0.0,65536
4722,Class_I_C75F1x10000,I,train,256,896,256,0,0.0,19330,29.495239,46206,70.504761,0,0.0,0,0.0,False,0,0.0,65536
4723,Class_I_C75F1x10000,I,train,256,1024,256,0,0.0,13186,20.120239,52350,79.879761,0,0.0,0,0.0,False,0,0.0,65536
4724,Class_I_C75F1x10000,I,train,384,0,256,0,0.0,13385,20.423889,52151,79.576111,0,0.0,0,0.0,False,0,0.0,65536
4725,Class_I_C75F1x10000,I,train,384,128,256,0,0.0,11520,17.578125,54016,82.421875,0,0.0,0,0.0,False,0,0.0,65536
4726,Class_I_C75F1x10000,I,train,384,256,256,0,0.0,13878,21.176147,51658,78.823853,0,0.0,0,0.0,False,0,0.0,65536
4727,Class_I_C75F1x10000,I,train,384,384,256,0,0.0,20857,31.825256,44679,68.174744,0,0.0,0,0.0,False,0,0.0,65536
4728,Class_I_C75F1x10000,I,train,384,512,256,0,0.0,18443,28.141785,47093,71.858215,0,0.0,0,0.0,False,0,0.0,65536
4729,Class_I_C75F1x10000,I,train,384,640,256,0,0.0,10853,16.560364,54683,83.439636,0,0.0,0,0.0,False,0,0.0,65536
4730,Class_I_C75F1x10000,I,train,384,768,256,0,0.0,10723,16.362,54813,83.638,0,0.0,0,0.0,False,0,0.0,65536
4731,Class_I_C75F1x10000,I,train,384,896,256,0,0.0,10835,16.532898,54701,83.467102,0,0.0,0,0.0,False,0,0.0,65536
4732,Class_I_C75F1x10000,I,train,384,1024,256,0,0.0,8641,13.18512,56895,86.81488,0,0.0,0,0.0,False,0,0.0,65536
4733,Class_I_C75F1x10000,I,train,512,0,256,0,0.0,12910,19.699097,52626,80.300903,0,0.0,0,0.0,False,0,0.0,65536
4734,Class_I_C75F1x10000,I,train,512,128,256,0,0.0,8257,12.599182,57279,87.400818,0,0.0,0,0.0,False,0,0.0,65536
4735,Class_I_C75F1x10000,I,train,512,256,256,0,0.0,14730,22.476196,50806,77.523804,0,0.0,0,0.0,False,0,0.0,65536
4736,Class_I_C75F1x10000,I,train,512,384,256,0,0.0,17709,27.02179,47827,72.97821,0,0.0,0,0.0,False,0,0.0,65536
4737,Class_I_C75F1x10000,I,train,512,512,256,0,0.0,13514,20.620728,52022,79.379272,0,0.0,0,0.0,False,0,0.0,65536
4738,Class_I_C75F1x10000,I,train,512,640,256,0,0.0,10244,15.631104,55292,84.368896,0,0.0,0,0.0,False,0,0.0,65536
4739,Class_I_C75F1x10000,I,train,512,768,256,0,0.0,11093,16.926575,54443,83.073425,0,0.0,0,0.0,False,0,0.0,65536
4740,Class_I_C75F1x10000,I,train,512,896,256,0,0.0,12599,19.224548,52937,80.775452,0,0.0,0,0.0,False,0,0.0,65536
4741,Class_I_C75F1x10000,I,train,512,1024,256,0,0.0,10737,16.383362,54799,83.616638,0,0.0,0,0.0,False,0,0.0,65536
4742,Class_I_C75F1x10000,I,train,640,0,256,0,0.0,11393,17.384338,54143,82.615662,0,0.0,0,0.0,False,0,0.0,65536
4743,Class_I_C75F1x10000,I,train,640,128,256,0,0.0,8787,13.407898,56749,86.592102,0,0.0,0,0.0,False,0,0.0,65536
4744,Class_I_C75F1x10000,I,train,640,256,256,0,0.0,14446,22.042847,51090,77.957153,0,0.0,0,0.0,False,0,0.0,65536
4745,Class_I_C75F1x10000,I,train,640,384,256,0,0.0,16628,25.372314,48908,74.627686,0,0.0,0,0.0,False,0,0.0,65536
4746,Class_I_C75F1x10000,I,train,640,512,256,0,0.0,12382,18.893433,53154,81.106567,0,0.0,0,0.0,False,0,0.0,65536
4747,Class_I_C75F1x10000,I,train,640,640,256,0,0.0,12392,18.908691,53144,81.091309,0,0.0,0,0.0,False,0,0.0,65536
4748,Class_I_C75F1x10000,I,train,640,768,256,0,0.0,15796,24.102783,49740,75.897217,0,0.0,0,0.0,False,0,0.0,65536
4749,Class_I_C75F1x10000,I,train,640,896,256,0,0.0,16464,25.12207,49072,74.87793,0,0.0,0,0.0,False,0,0.0,65536
4750,Class_I_C75F1x10000,I,train,640,1024,256,0,0.0,14301,21.821594,51235,78.178406,0,0.0,0,0.0,False,0,0.0,65536
4751,Class_I_C75F1x10000,I,train,703,0,256,0,0.0,12571,19.181824,52965,80.818176,0,0.0,0,0.0,False,0,0.0,65536
4752,Class_I_C75F1x10000,I,train,703,128,256,0,0.0,10488,16.003418,55048,83.996582,0,0.0,0,0.0,False,0,0.0,65536
4753,Class_I_C75F1x10000,I,train,703,256,256,0,0.0,12474,19.033813,53062,80.966187,0,0.0,0,0.0,False,0,0.0,65536
4754,Class_I_C75F1x10000,I,train,703,384,256,0,0.0,12489,19.056702,53047,80.943298,0,0.0,0,0.0,False,0,0.0,65536
4755,Class_I_C75F1x10000,I,train,703,512,256,0,0.0,10146,15.481567,55390,84.518433,0,0.0,0,0.0,False,0,0.0,65536
4756,Class_I_C75F1x10000,I,train,703,640,256,0,0.0,11138,16.995239,54398,83.004761,0,0.0,0,0.0,False,0,0.0,65536
4757,Class_I_C75F1x10000,I,train,703,768,256,0,0.0,15492,23.638916,50044,76.361084,0,0.0,0,0.0,False,0,0.0,65536
4758,Class_I_C75F1x10000,I,train,703,896,256,0,0.0,17895,27.305603,47641,72.694397,0,0.0,0,0.0,False,0,0.0,65536
4759,Class_I_C75F1x10000,I,train,703,1024,256,0,0.0,13192,20.129395,52344,79.870605,0,0.0,0,0.0,False,0,0.0,65536
4760,Class_I_C75F1x15000,I,train,0,0,256,0,0.0,11267,17.192078,54269,82.807922,0,0.0,0,0.0,False,0,0.0,65536
4761,Class_I_C75F1x15000,I,train,0,128,256,0,0.0,14620,22.30835,50916,77.69165,0,0.0,0,0.0,False,0,0.0,65536
4762,Class_I_C75F1x15000,I,train,0,256,256,0,0.0,15617,23.829651,49919,76.170349,0,0.0,0,0.0,False,0,0.0,65536
4763,Class_I_C75F1x15000,I,train,0,384,256,0,0.0,13462,20.541382,52074,79.458618,0,0.0,0,0.0,False,0,0.0,65536
4764,Class_I_C75F1x15000,I,train,0,512,256,0,0.0,12704,19.384766,52832,80.615234,0,0.0,0,0.0,False,0,0.0,65536
4765,Class_I_C75F1x15000,I,train,0,640,256,0,0.0,17999,27.464294,47537,72.535706,0,0.0,0,0.0,False,0,0.0,65536
4766,Class_I_C75F1x15000,I,train,0,768,256,0,0.0,19024,29.02832,46512,70.97168,0,0.0,0,0.0,False,0,0.0,65536
4767,Class_I_C75F1x15000,I,train,0,896,256,0,0.0,13599,20.750427,51937,79.249573,0,0.0,0,0.0,False,0,0.0,65536
4768,Class_I_C75F1x15000,I,train,0,1024,256,0,0.0,13277,20.259094,52259,79.740906,0,0.0,0,0.0,False,0,0.0,65536
4769,Class_I_C75F1x15000,I,train,128,0,256,0,0.0,13201,20.143127,52335,79.856873,0,0.0,0,0.0,False,0,0.0,65536
4770,Class_I_C75F1x15000,I,train,128,128,256,0,0.0,12427,18.962097,53109,81.037903,0,0.0,0,0.0,False,0,0.0,65536
4771,Class_I_C75F1x15000,I,train,128,256,256,0,0.0,9237,14.094543,56299,85.905457,0,0.0,0,0.0,False,0,0.0,65536
4772,Class_I_C75F1x15000,I,train,128,384,256,0,0.0,13327,20.335388,52209,79.664612,0,0.0,0,0.0,False,0,0.0,65536
4773,Class_I_C75F1x15000,I,train,128,512,256,0,0.0,14110,21.530151,51426,78.469849,0,0.0,0,0.0,False,0,0.0,65536
4774,Class_I_C75F1x15000,I,train,128,640,256,0,0.0,13134,20.040894,52402,79.959106,0,0.0,0,0.0,False,0,0.0,65536
4775,Class_I_C75F1x15000,I,train,128,768,256,0,0.0,14428,22.015381,51108,77.984619,0,0.0,0,0.0,False,0,0.0,65536
4776,Class_I_C75F1x15000,I,train,128,896,256,0,0.0,13769,21.009827,51767,78.990173,0,0.0,0,0.0,False,0,0.0,65536
4777,Class_I_C75F1x15000,I,train,128,1024,256,0,0.0,15802,24.111938,49734,75.888062,0,0.0,0,0.0,False,0,0.0,65536
4778,Class_I_C75F1x15000,I,train,256,0,256,0,0.0,13364,20.391846,52172,79.608154,0,0.0,0,0.0,False,0,0.0,65536
4779,Class_I_C75F1x15000,I,train,256,128,256,0,0.0,13512,20.617676,52024,79.382324,0,0.0,0,0.0,False,0,0.0,65536
4780,Class_I_C75F1x15000,I,train,256,256,256,0,0.0,11357,17.329407,54179,82.670593,0,0.0,0,0.0,False,0,0.0,65536
4781,Class_I_C75F1x15000,I,train,256,384,256,0,0.0,12794,19.522095,52742,80.477905,0,0.0,0,0.0,False,0,0.0,65536
4782,Class_I_C75F1x15000,I,train,256,512,256,0,0.0,13796,21.051025,51740,78.948975,0,0.0,0,0.0,False,0,0.0,65536
4783,Class_I_C75F1x15000,I,train,256,640,256,0,0.0,14467,22.07489,51069,77.92511,0,0.0,0,0.0,False,0,0.0,65536
4784,Class_I_C75F1x15000,I,train,256,768,256,0,0.0,17116,26.116943,48420,73.883057,0,0.0,0,0.0,False,0,0.0,65536
4785,Class_I_C75F1x15000,I,train,256,896,256,0,0.0,16009,24.427795,49527,75.572205,0,0.0,0,0.0,False,0,0.0,65536
4786,Class_I_C75F1x15000,I,train,256,1024,256,0,0.0,14193,21.656799,51343,78.343201,0,0.0,0,0.0,False,0,0.0,65536
4787,Class_I_C75F1x15000,I,train,384,0,256,0,0.0,11784,17.980957,53752,82.019043,0,0.0,0,0.0,False,0,0.0,65536
4788,Class_I_C75F1x15000,I,train,384,128,256,0,0.0,14946,22.805786,50590,77.194214,0,0.0,0,0.0,False,0,0.0,65536
4789,Class_I_C75F1x15000,I,train,384,256,256,0,0.0,14836,22.637939,50700,77.362061,0,0.0,0,0.0,False,0,0.0,65536
4790,Class_I_C75F1x15000,I,train,384,384,256,0,0.0,11723,17.887878,53813,82.112122,0,0.0,0,0.0,False,0,0.0,65536
4791,Class_I_C75F1x15000,I,train,384,512,256,0,0.0,13502,20.602417,52034,79.397583,0,0.0,0,0.0,False,0,0.0,65536
4792,Class_I_C75F1x15000,I,train,384,640,256,0,0.0,16474,25.137329,49062,74.862671,0,0.0,0,0.0,False,0,0.0,65536
4793,Class_I_C75F1x15000,I,train,384,768,256,0,0.0,16056,24.499512,49480,75.500488,0,0.0,0,0.0,False,0,0.0,65536
4794,Class_I_C75F1x15000,I,train,384,896,256,0,0.0,14252,21.746826,51284,78.253174,0,0.0,0,0.0,False,0,0.0,65536
4795,Class_I_C75F1x15000,I,train,384,1024,256,0,0.0,12503,19.078064,53033,80.921936,0,0.0,0,0.0,False,0,0.0,65536
4796,Class_I_C75F1x15000,I,train,512,0,256,0,0.0,19403,29.606628,46133,70.393372,0,0.0,0,0.0,False,0,0.0,65536
4797,Class_I_C75F1x15000,I,train,512,128,256,0,0.0,19324,29.486084,46212,70.513916,0,0.0,0,0.0,False,0,0.0,65536
4798,Class_I_C75F1x15000,I,train,512,256,256,0,0.0,15002,22.891235,50534,77.108765,0,0.0,0,0.0,False,0,0.0,65536
4799,Class_I_C75F1x15000,I,train,512,384,256,0,0.0,12584,19.20166,52952,80.79834,0,0.0,0,0.0,False,0,0.0,65536
4800,Class_I_C75F1x15000,I,train,512,512,256,0,0.0,15893,24.250793,49643,75.749207,0,0.0,0,0.0,False,0,0.0,65536
4801,Class_I_C75F1x15000,I,train,512,640,256,0,0.0,19232,29.345703,46304,70.654297,0,0.0,0,0.0,False,0,0.0,65536
4802,Class_I_C75F1x15000,I,train,512,768,256,0,0.0,19052,29.071045,46484,70.928955,0,0.0,0,0.0,False,0,0.0,65536
4803,Class_I_C75F1x15000,I,train,512,896,256,0,0.0,15853,24.189758,49683,75.810242,0,0.0,0,0.0,False,0,0.0,65536
4804,Class_I_C75F1x15000,I,train,512,1024,256,0,0.0,14640,22.338867,50896,77.661133,0,0.0,0,0.0,False,0,0.0,65536
4805,Class_I_C75F1x15000,I,train,640,0,256,0,0.0,21935,33.470154,43601,66.529846,0,0.0,0,0.0,False,0,0.0,65536
4806,Class_I_C75F1x15000,I,train,640,128,256,0,0.0,20545,31.349182,44991,68.650818,0,0.0,0,0.0,False,0,0.0,65536
4807,Class_I_C75F1x15000,I,train,640,256,256,0,0.0,17099,26.091003,48437,73.908997,0,0.0,0,0.0,False,0,0.0,65536
4808,Class_I_C75F1x15000,I,train,640,384,256,0,0.0,13589,20.735168,51947,79.264832,0,0.0,0,0.0,False,0,0.0,65536
4809,Class_I_C75F1x15000,I,train,640,512,256,0,0.0,17860,27.252197,47676,72.747803,0,0.0,0,0.0,False,0,0.0,65536
4810,Class_I_C75F1x15000,I,train,640,640,256,0,0.0,21560,32.897949,43976,67.102051,0,0.0,0,0.0,False,0,0.0,65536
4811,Class_I_C75F1x15000,I,train,640,768,256,0,0.0,23048,35.168457,42488,64.831543,0,0.0,0,0.0,False,0,0.0,65536
4812,Class_I_C75F1x15000,I,train,640,896,256,0,0.0,22311,34.043884,43225,65.956116,0,0.0,0,0.0,False,0,0.0,65536
4813,Class_I_C75F1x15000,I,train,640,1024,256,0,0.0,22046,33.639526,43490,66.360474,0,0.0,0,0.0,False,0,0.0,65536
4814,Class_I_C75F1x15000,I,train,703,0,256,0,0.0,20061,30.610657,45475,69.389343,0,0.0,0,0.0,False,0,0.0,65536
4815,Class_I_C75F1x15000,I,train,703,128,256,0,0.0,18769,28.639221,46767,71.360779,0,0.0,0,0.0,False,0,0.0,65536
4816,Class_I_C75F1x15000,I,train,703,256,256,0,0.0,16658,25.418091,48878,74.581909,0,0.0,0,0.0,False,0,0.0,65536
4817,Class_I_C75F1x15000,I,train,703,384,256,0,0.0,12710,19.393921,52826,80.606079,0,0.0,0,0.0,False,0,0.0,65536
4818,Class_I_C75F1x15000,I,train,703,512,256,0,0.0,18836,28.741455,46700,71.258545,0,0.0,0,0.0,False,0,0.0,65536
4819,Class_I_C75F1x15000,I,train,703,640,256,0,0.0,21820,33.294678,43716,66.705322,0,0.0,0,0.0,False,0,0.0,65536
4820,Class_I_C75F1x15000,I,train,703,768,256,0,0.0,20188,30.804443,45348,69.195557,0,0.0,0,0.0,False,0,0.0,65536
4821,Class_I_C75F1x15000,I,train,703,896,256,0,0.0,20652,31.512451,44884,68.487549,0,0.0,0,0.0,False,0,0.0,65536
4822,Class_I_C75F1x15000,I,train,703,1024,256,0,0.0,28944,44.165039,36592,55.834961,0,0.0,0,0.0,False,0,0.0,65536
4823,Class_I_C75F1x25000,I,test,0,0,256,0,0.0,6883,10.502625,58653,89.497375,0,0.0,0,0.0,False,0,0.0,65536
4824,Class_I_C75F1x25000,I,test,0,128,256,0,0.0,6506,9.927368,59030,90.072632,0,0.0,0,0.0,False,0,0.0,65536
4825,Class_I_C75F1x25000,I,test,0,256,256,0,0.0,6720,10.253906,58816,89.746094,0,0.0,0,0.0,False,0,0.0,65536
4826,Class_I_C75F1x25000,I,test,0,384,256,0,0.0,8113,12.379456,57423,87.620544,0,0.0,0,0.0,False,0,0.0,65536
4827,Class_I_C75F1x25000,I,test,0,512,256,0,0.0,13360,20.385742,52176,79.614258,0,0.0,0,0.0,False,0,0.0,65536
4828,Class_I_C75F1x25000,I,test,0,640,256,0,0.0,15754,24.038696,49782,75.961304,0,0.0,0,0.0,False,0,0.0,65536
4829,Class_I_C75F1x25000,I,test,0,768,256,0,0.0,16574,25.289917,48962,74.710083,0,0.0,0,0.0,False,0,0.0,65536
4830,Class_I_C75F1x25000,I,test,0,896,256,0,0.0,13466,20.547485,52070,79.452515,0,0.0,0,0.0,False,0,0.0,65536
4831,Class_I_C75F1x25000,I,test,0,1024,256,0,0.0,9158,13.973999,56378,86.026001,0,0.0,0,0.0,False,0,0.0,65536
4832,Class_I_C75F1x25000,I,test,128,0,256,0,0.0,7439,11.351013,58097,88.648987,0,0.0,0,0.0,False,0,0.0,65536
4833,Class_I_C75F1x25000,I,test,128,128,256,0,0.0,8169,12.464905,57367,87.535095,0,0.0,0,0.0,False,0,0.0,65536
4834,Class_I_C75F1x25000,I,test,128,256,256,0,0.0,7223,11.021423,58313,88.978577,0,0.0,0,0.0,False,0,0.0,65536
4835,Class_I_C75F1x25000,I,test,128,384,256,0,0.0,6604,10.076904,58932,89.923096,0,0.0,0,0.0,False,0,0.0,65536
4836,Class_I_C75F1x25000,I,test,128,512,256,0,0.0,12376,18.884277,53160,81.115723,0,0.0,0,0.0,False,0,0.0,65536
4837,Class_I_C75F1x25000,I,test,128,640,256,0,0.0,14101,21.516418,51435,78.483582,0,0.0,0,0.0,False,0,0.0,65536
4838,Class_I_C75F1x25000,I,test,128,768,256,0,0.0,8952,13.659668,56584,86.340332,0,0.0,0,0.0,False,0,0.0,65536
4839,Class_I_C75F1x25000,I,test,128,896,256,0,0.0,10310,15.731812,55226,84.268188,0,0.0,0,0.0,False,0,0.0,65536
4840,Class_I_C75F1x25000,I,test,128,1024,256,0,0.0,12425,18.959045,53111,81.040955,0,0.0,0,0.0,False,0,0.0,65536
4841,Class_I_C75F1x25000,I,test,256,0,256,0,0.0,9253,14.118958,56283,85.881042,0,0.0,0,0.0,False,0,0.0,65536
4842,Class_I_C75F1x25000,I,test,256,128,256,0,0.0,11563,17.643738,53973,82.356262,0,0.0,0,0.0,False,0,0.0,65536
4843,Class_I_C75F1x25000,I,test,256,256,256,0,0.0,7817,11.927795,57719,88.072205,0,0.0,0,0.0,False,0,0.0,65536
4844,Class_I_C75F1x25000,I,test,256,384,256,0,0.0,8719,13.304138,56817,86.695862,0,0.0,0,0.0,False,0,0.0,65536
4845,Class_I_C75F1x25000,I,test,256,512,256,0,0.0,13430,20.492554,52106,79.507446,0,0.0,0,0.0,False,0,0.0,65536
4846,Class_I_C75F1x25000,I,test,256,640,256,0,0.0,13536,20.654297,52000,79.345703,0,0.0,0,0.0,False,0,0.0,65536
4847,Class_I_C75F1x25000,I,test,256,768,256,0,0.0,8771,13.383484,56765,86.616516,0,0.0,0,0.0,False,0,0.0,65536
4848,Class_I_C75F1x25000,I,test,256,896,256,0,0.0,9724,14.837646,55812,85.162354,0,0.0,0,0.0,False,0,0.0,65536
4849,Class_I_C75F1x25000,I,test,256,1024,256,0,0.0,17731,27.055359,47805,72.944641,0,0.0,0,0.0,False,0,0.0,65536
4850,Class_I_C75F1x25000,I,test,384,0,256,0,0.0,7428,11.334229,58108,88.665771,0,0.0,0,0.0,False,0,0.0,65536
4851,Class_I_C75F1x25000,I,test,384,128,256,0,0.0,9604,14.654541,55932,85.345459,0,0.0,0,0.0,False,0,0.0,65536
4852,Class_I_C75F1x25000,I,test,384,256,256,0,0.0,14601,22.279358,50935,77.720642,0,0.0,0,0.0,False,0,0.0,65536
4853,Class_I_C75F1x25000,I,test,384,384,256,0,0.0,22986,35.073853,42550,64.926147,0,0.0,0,0.0,False,0,0.0,65536
4854,Class_I_C75F1x25000,I,test,384,512,256,0,0.0,18224,27.807617,47312,72.192383,0,0.0,0,0.0,False,0,0.0,65536
4855,Class_I_C75F1x25000,I,test,384,640,256,0,0.0,17809,27.174377,47727,72.825623,0,0.0,0,0.0,False,0,0.0,65536
4856,Class_I_C75F1x25000,I,test,384,768,256,0,0.0,21202,32.351685,44334,67.648315,0,0.0,0,0.0,False,0,0.0,65536
4857,Class_I_C75F1x25000,I,test,384,896,256,0,0.0,12813,19.551086,52723,80.448914,0,0.0,0,0.0,False,0,0.0,65536
4858,Class_I_C75F1x25000,I,test,384,1024,256,0,0.0,16217,24.745178,49319,75.254822,0,0.0,0,0.0,False,0,0.0,65536
4859,Class_I_C75F1x25000,I,test,512,0,256,0,0.0,6083,9.281921,59453,90.718079,0,0.0,0,0.0,False,0,0.0,65536
4860,Class_I_C75F1x25000,I,test,512,128,256,0,0.0,9191,14.024353,56345,85.975647,0,0.0,0,0.0,False,0,0.0,65536
4861,Class_I_C75F1x25000,I,test,512,256,256,0,0.0,17903,27.31781,47633,72.68219,0,0.0,0,0.0,False,0,0.0,65536
4862,Class_I_C75F1x25000,I,test,512,384,256,0,0.0,24116,36.798096,41420,63.201904,0,0.0,0,0.0,False,0,0.0,65536
4863,Class_I_C75F1x25000,I,test,512,512,256,0,0.0,20330,31.021118,45206,68.978882,0,0.0,0,0.0,False,0,0.0,65536
4864,Class_I_C75F1x25000,I,test,512,640,256,0,0.0,22562,34.42688,42974,65.57312,0,0.0,0,0.0,False,0,0.0,65536
4865,Class_I_C75F1x25000,I,test,512,768,256,0,0.0,21565,32.905579,43971,67.094421,0,0.0,0,0.0,False,0,0.0,65536
4866,Class_I_C75F1x25000,I,test,512,896,256,0,0.0,15893,24.250793,49643,75.749207,0,0.0,0,0.0,False,0,0.0,65536
4867,Class_I_C75F1x25000,I,test,512,1024,256,0,0.0,13332,20.343018,52204,79.656982,0,0.0,0,0.0,False,0,0.0,65536
4868,Class_I_C75F1x25000,I,test,640,0,256,0,0.0,8123,12.394714,57413,87.605286,0,0.0,0,0.0,False,0,0.0,65536
4869,Class_I_C75F1x25000,I,test,640,128,256,0,0.0,12581,19.197083,52955,80.802917,0,0.0,0,0.0,False,0,0.0,65536
4870,Class_I_C75F1x25000,I,test,640,256,256,0,0.0,12504,19.07959,53032,80.92041,0,0.0,0,0.0,False,0,0.0,65536
4871,Class_I_C75F1x25000,I,test,640,384,256,0,0.0,10033,15.309143,55503,84.690857,0,0.0,0,0.0,False,0,0.0,65536
4872,Class_I_C75F1x25000,I,test,640,512,256,0,0.0,14560,22.216797,50976,77.783203,0,0.0,0,0.0,False,0,0.0,65536
4873,Class_I_C75F1x25000,I,test,640,640,256,0,0.0,17160,26.184082,48376,73.815918,0,0.0,0,0.0,False,0,0.0,65536
4874,Class_I_C75F1x25000,I,test,640,768,256,0,0.0,8818,13.4552,56718,86.5448,0,0.0,0,0.0,False,0,0.0,65536
4875,Class_I_C75F1x25000,I,test,640,896,256,0,0.0,10627,16.215515,54909,83.784485,0,0.0,0,0.0,False,0,0.0,65536
4876,Class_I_C75F1x25000,I,test,640,1024,256,0,0.0,11242,17.153931,54294,82.846069,0,0.0,0,0.0,False,0,0.0,65536
4877,Class_I_C75F1x25000,I,test,703,0,256,0,0.0,8197,12.507629,57339,87.492371,0,0.0,0,0.0,False,0,0.0,65536
4878,Class_I_C75F1x25000,I,test,703,128,256,0,0.0,11592,17.687988,53944,82.312012,0,0.0,0,0.0,False,0,0.0,65536
4879,Class_I_C75F1x25000,I,test,703,256,256,0,0.0,9743,14.866638,55793,85.133362,0,0.0,0,0.0,False,0,0.0,65536
4880,Class_I_C75F1x25000,I,test,703,384,256,0,0.0,8169,12.464905,57367,87.535095,0,0.0,0,0.0,False,0,0.0,65536
4881,Class_I_C75F1x25000,I,test,703,512,256,0,0.0,11590,17.684937,53946,82.315063,0,0.0,0,0.0,False,0,0.0,65536
4882,Class_I_C75F1x25000,I,test,703,640,256,0,0.0,10040,15.319824,55496,84.680176,0,0.0,0,0.0,False,0,0.0,65536
4883,Class_I_C75F1x25000,I,test,703,768,256,0,0.0,6923,10.56366,58613,89.43634,0,0.0,0,0.0,False,0,0.0,65536
4884,Class_I_C75F1x25000,I,test,703,896,256,0,0.0,15087,23.020935,50449,76.979065,0,0.0,0,0.0,False,0,0.0,65536
4885,Class_I_C75F1x25000,I,test,703,1024,256,0,0.0,13587,20.732117,51949,79.267883,0,0.0,0,0.0,False,0,0.0,65536
4886,Class_I_C77F1x15000,I,train,0,0,256,0,0.0,14548,22.198486,50988,77.801514,0,0.0,0,0.0,False,0,0.0,65536
4887,Class_I_C77F1x15000,I,train,0,128,256,0,0.0,14656,22.363281,50880,77.636719,0,0.0,0,0.0,False,0,0.0,65536
4888,Class_I_C77F1x15000,I,train,0,256,256,0,0.0,14386,21.951294,51150,78.048706,0,0.0,0,0.0,False,0,0.0,65536
4889,Class_I_C77F1x15000,I,train,0,384,256,0,0.0,12894,19.674683,52642,80.325317,0,0.0,0,0.0,False,0,0.0,65536
4890,Class_I_C77F1x15000,I,train,0,512,256,0,0.0,13608,20.76416,51928,79.23584,0,0.0,0,0.0,False,0,0.0,65536
4891,Class_I_C77F1x15000,I,train,0,640,256,0,0.0,14923,22.770691,50613,77.229309,0,0.0,0,0.0,False,0,0.0,65536
4892,Class_I_C77F1x15000,I,train,0,768,256,0,0.0,12617,19.252014,52919,80.747986,0,0.0,0,0.0,False,0,0.0,65536
4893,Class_I_C77F1x15000,I,train,0,896,256,0,0.0,9297,14.186096,56239,85.813904,0,0.0,0,0.0,False,0,0.0,65536
4894,Class_I_C77F1x15000,I,train,0,1024,256,0,0.0,12928,19.726562,52608,80.273438,0,0.0,0,0.0,False,0,0.0,65536
4895,Class_I_C77F1x15000,I,train,128,0,256,0,0.0,14520,22.155762,51016,77.844238,0,0.0,0,0.0,False,0,0.0,65536
4896,Class_I_C77F1x15000,I,train,128,128,256,0,0.0,14889,22.718811,50647,77.281189,0,0.0,0,0.0,False,0,0.0,65536
4897,Class_I_C77F1x15000,I,train,128,256,256,0,0.0,16235,24.772644,49301,75.227356,0,0.0,0,0.0,False,0,0.0,65536
4898,Class_I_C77F1x15000,I,train,128,384,256,0,0.0,13829,21.101379,51707,78.898621,0,0.0,0,0.0,False,0,0.0,65536
4899,Class_I_C77F1x15000,I,train,128,512,256,0,0.0,13999,21.360779,51537,78.639221,0,0.0,0,0.0,False,0,0.0,65536
4900,Class_I_C77F1x15000,I,train,128,640,256,0,0.0,16426,25.064087,49110,74.935913,0,0.0,0,0.0,False,0,0.0,65536
4901,Class_I_C77F1x15000,I,train,128,768,256,0,0.0,13882,21.182251,51654,78.817749,0,0.0,0,0.0,False,0,0.0,65536
4902,Class_I_C77F1x15000,I,train,128,896,256,0,0.0,10875,16.593933,54661,83.406067,0,0.0,0,0.0,False,0,0.0,65536
4903,Class_I_C77F1x15000,I,train,128,1024,256,0,0.0,12598,19.223022,52938,80.776978,0,0.0,0,0.0,False,0,0.0,65536
4904,Class_I_C77F1x15000,I,train,256,0,256,0,0.0,12255,18.699646,53281,81.300354,0,0.0,0,0.0,False,0,0.0,65536
4905,Class_I_C77F1x15000,I,train,256,128,256,0,0.0,13638,20.809937,51898,79.190063,0,0.0,0,0.0,False,0,0.0,65536
4906,Class_I_C77F1x15000,I,train,256,256,256,0,0.0,14660,22.369385,50876,77.630615,0,0.0,0,0.0,False,0,0.0,65536
4907,Class_I_C77F1x15000,I,train,256,384,256,0,0.0,10905,16.639709,54631,83.360291,0,0.0,0,0.0,False,0,0.0,65536
4908,Class_I_C77F1x15000,I,train,256,512,256,0,0.0,10558,16.110229,54978,83.889771,0,0.0,0,0.0,False,0,0.0,65536
4909,Class_I_C77F1x15000,I,train,256,640,256,0,0.0,11844,18.07251,53692,81.92749,0,0.0,0,0.0,False,0,0.0,65536
4910,Class_I_C77F1x15000,I,train,256,768,256,0,0.0,12127,18.504333,53409,81.495667,0,0.0,0,0.0,False,0,0.0,65536
4911,Class_I_C77F1x15000,I,train,256,896,256,0,0.0,10068,15.362549,55468,84.637451,0,0.0,0,0.0,False,0,0.0,65536
4912,Class_I_C77F1x15000,I,train,256,1024,256,0,0.0,10984,16.760254,54552,83.239746,0,0.0,0,0.0,False,0,0.0,65536
4913,Class_I_C77F1x15000,I,train,384,0,256,0,0.0,9376,14.306641,56160,85.693359,0,0.0,0,0.0,False,0,0.0,65536
4914,Class_I_C77F1x15000,I,train,384,128,256,0,0.0,15528,23.693848,50008,76.306152,0,0.0,0,0.0,False,0,0.0,65536
4915,Class_I_C77F1x15000,I,train,384,256,256,0,0.0,14208,21.679688,51328,78.320312,0,0.0,0,0.0,False,0,0.0,65536
4916,Class_I_C77F1x15000,I,train,384,384,256,0,0.0,9575,14.610291,55961,85.389709,0,0.0,0,0.0,False,0,0.0,65536
4917,Class_I_C77F1x15000,I,train,384,512,256,0,0.0,10092,15.39917,55444,84.60083,0,0.0,0,0.0,False,0,0.0,65536
4918,Class_I_C77F1x15000,I,train,384,640,256,0,0.0,11065,16.88385,54471,83.11615,0,0.0,0,0.0,False,0,0.0,65536
4919,Class_I_C77F1x15000,I,train,384,768,256,0,0.0,14309,21.833801,51227,78.166199,0,0.0,0,0.0,False,0,0.0,65536
4920,Class_I_C77F1x15000,I,train,384,896,256,0,0.0,11711,17.869568,53825,82.130432,0,0.0,0,0.0,False,0,0.0,65536
4921,Class_I_C77F1x15000,I,train,384,1024,256,0,0.0,11133,16.98761,54403,83.01239,0,0.0,0,0.0,False,0,0.0,65536
4922,Class_I_C77F1x15000,I,train,512,0,256,0,0.0,9784,14.929199,55752,85.070801,0,0.0,0,0.0,False,0,0.0,65536
4923,Class_I_C77F1x15000,I,train,512,128,256,0,0.0,13709,20.918274,51827,79.081726,0,0.0,0,0.0,False,0,0.0,65536
4924,Class_I_C77F1x15000,I,train,512,256,256,0,0.0,14361,21.913147,51175,78.086853,0,0.0,0,0.0,False,0,0.0,65536
4925,Class_I_C77F1x15000,I,train,512,384,256,0,0.0,13313,20.314026,52223,79.685974,0,0.0,0,0.0,False,0,0.0,65536
4926,Class_I_C77F1x15000,I,train,512,512,256,0,0.0,11482,17.520142,54054,82.479858,0,0.0,0,0.0,False,0,0.0,65536
4927,Class_I_C77F1x15000,I,train,512,640,256,0,0.0,10294,15.707397,55242,84.292603,0,0.0,0,0.0,False,0,0.0,65536
4928,Class_I_C77F1x15000,I,train,512,768,256,0,0.0,14953,22.816467,50583,77.183533,0,0.0,0,0.0,False,0,0.0,65536
4929,Class_I_C77F1x15000,I,train,512,896,256,0,0.0,13588,20.733643,51948,79.266357,0,0.0,0,0.0,False,0,0.0,65536
4930,Class_I_C77F1x15000,I,train,512,1024,256,0,0.0,9441,14.405823,56095,85.594177,0,0.0,0,0.0,False,0,0.0,65536
4931,Class_I_C77F1x15000,I,train,640,0,256,0,0.0,10761,16.419983,54775,83.580017,0,0.0,0,0.0,False,0,0.0,65536
4932,Class_I_C77F1x15000,I,train,640,128,256,0,0.0,11820,18.035889,53716,81.964111,0,0.0,0,0.0,False,0,0.0,65536
4933,Class_I_C77F1x15000,I,train,640,256,256,0,0.0,15386,23.477173,50150,76.522827,0,0.0,0,0.0,False,0,0.0,65536
4934,Class_I_C77F1x15000,I,train,640,384,256,0,0.0,15494,23.641968,50042,76.358032,0,0.0,0,0.0,False,0,0.0,65536
4935,Class_I_C77F1x15000,I,train,640,512,256,0,0.0,11462,17.489624,54074,82.510376,0,0.0,0,0.0,False,0,0.0,65536
4936,Class_I_C77F1x15000,I,train,640,640,256,0,0.0,11436,17.449951,54100,82.550049,0,0.0,0,0.0,False,0,0.0,65536
4937,Class_I_C77F1x15000,I,train,640,768,256,0,0.0,15459,23.588562,50077,76.411438,0,0.0,0,0.0,False,0,0.0,65536
4938,Class_I_C77F1x15000,I,train,640,896,256,0,0.0,14576,22.241211,50960,77.758789,0,0.0,0,0.0,False,0,0.0,65536
4939,Class_I_C77F1x15000,I,train,640,1024,256,0,0.0,13268,20.245361,52268,79.754639,0,0.0,0,0.0,False,0,0.0,65536
4940,Class_I_C77F1x15000,I,train,703,0,256,0,0.0,12530,19.119263,53006,80.880737,0,0.0,0,0.0,False,0,0.0,65536
4941,Class_I_C77F1x15000,I,train,703,128,256,0,0.0,12743,19.444275,52793,80.555725,0,0.0,0,0.0,False,0,0.0,65536
4942,Class_I_C77F1x15000,I,train,703,256,256,0,0.0,15324,23.382568,50212,76.617432,0,0.0,0,0.0,False,0,0.0,65536
4943,Class_I_C77F1x15000,I,train,703,384,256,0,0.0,14922,22.769165,50614,77.230835,0,0.0,0,0.0,False,0,0.0,65536
4944,Class_I_C77F1x15000,I,train,703,512,256,0,0.0,11354,17.324829,54182,82.675171,0,0.0,0,0.0,False,0,0.0,65536
4945,Class_I_C77F1x15000,I,train,703,640,256,0,0.0,12254,18.69812,53282,81.30188,0,0.0,0,0.0,False,0,0.0,65536
4946,Class_I_C77F1x15000,I,train,703,768,256,0,0.0,13738,20.962524,51798,79.037476,0,0.0,0,0.0,False,0,0.0,65536
4947,Class_I_C77F1x15000,I,train,703,896,256,0,0.0,12628,19.268799,52908,80.731201,0,0.0,0,0.0,False,0,0.0,65536
4948,Class_I_C77F1x15000,I,train,703,1024,256,0,0.0,14318,21.847534,51218,78.152466,0,0.0,0,0.0,False,0,0.0,65536
